종목명,2016_E,2016_S,2016_G,2017_E,2017_S,2017_G,Diff_E,Diff_S,Diff_G,업종명
AJ네트웍스,C,B이하,B이하,B,B이하,B이하,,,,서비스업
AK홀딩스,B,B이하,B이하,B,B이하,B이하,,,,기타금융
BGF,B,B+,B이하,B,A,B이하,,,,기타금융
BNK금융지주,A+,B+,B이하,B,A,B+,,,,기타금융
BYC,C,B이하,B이하,B,B이하,B이하,,,,섬유의복
CJ,B+,A,B+,A,A,B이하,,,,기타금융
CJ CGV,C,B+,B이하,B+,B+,B이하,,,,서비스업
CJ대한통운,B+,A,A,B+,B+,A,,,,운수창고업
CJ씨푸드,B,B이하,B이하,B,B이하,B이하,,,,음식료품
CJ제일제당,B,B+,A,B+,A,A,,,,음식료품
CS홀딩스,C,B이하,B이하,B,B이하,B이하,,,,기타금융
DB,C,B이하,B이하,B,B이하,B이하,,,,서비스업
DB금융투자,B+,B이하,B이하,A,B이하,B이하,,,,증권
DB손해보험,A+,A,B+,A,A,B+,,,,보험
DB하이텍,B,B+,B+,C,B+,B+,,,,전기전자
DGB금융지주,A+,A+,A,A,A,A,,,,기타금융
DRB동일,B,B이하,B이하,B,B이하,B이하,,,,화학
DSR,C,B이하,B이하,C,B이하,B이하,,,,철강금속
DSR제강,C,B이하,B이하,B,B이하,B이하,,,,철강금속
E1,B+,B+,B이하,B+,B+,B이하,,,,유통업
F&F,B,B이하,B이하,B,B이하,B이하,,,,섬유의복
GKL,B,B+,B이하,B+,B이하,B이하,,,,서비스업
GS,B,B이하,B이하,B+,B이하,B이하,,,,기타금융
GS건설,B+,B+,A,B+,A,A,,,,건설업
GS글로벌,B,B이하,B이하,B+,B이하,B이하,,,,유통업
GS리테일,B,B이하,B이하,B+,B+,B이하,,,,유통업
JB금융지주,A+,B이하,B이하,A,B이하,B이하,,,,기타금융
JW중외제약,B,B이하,B이하,B,B+,B이하,,,,의약품
JW홀딩스,C,B+,B이하,B+,B이하,B이하,,,,기타금융
KB금융,A+,A+,A,A,A,A,,,,기타금융
KC그린홀딩스,B,A,B이하,B,B이하,B이하,,,,기타금융
KC코트렐,B,B이하,B이하,B,B이하,B이하,,,,기계
KEC,C,B이하,B+,B,B이하,B+,,,,전기전자
KG케미칼,C,B이하,B이하,D,B이하,B이하,,,,화학
KISCO홀딩스,B,B이하,B이하,B,B이하,B이하,,,,철강금속
KPX케미칼,B,B이하,B이하,C,B이하,B이하,,,,화학
KPX홀딩스,B,B이하,B이하,B,B이하,B이하,,,,화학
KR모터스,B,B이하,B이하,B,B이하,B이하,,,,운수장비
KSS해운,B,A,B이하,B+,B이하,B+,,,,운수창고업
KTcs,B+,B+,B이하,B+,B+,B이하,,,,서비스업
LF,B,B이하,B이하,B+,B이하,B이하,,,,섬유의복
LG,A,B+,B이하,B+,B+,B이하,,,,기타금융
LG디스플레이,B+,A,B+,B+,A,A,,,,전기전자
LG생활건강,B+,A+,A,B+,A+,A,,,,화학
LG유플러스,B+,B+,A,B+,B+,A,,,,통신업
LG이노텍,A,A+,A,B+,A+,A,,,,전기전자
LG전자,B,A+,A,B,A,A,,,,전기전자
LG화학,B,B+,B+,B+,A+,A,,,,화학
LS,B,B이하,B이하,B,B이하,B이하,,,,기타금융
LS네트웍스,C,B이하,B이하,B,B이하,B이하,,,,유통업
MH에탄올,B,B이하,B이하,C,B이하,B이하,,,,음식료품
NAVER,B,B+,B+,B+,A,B+,,,,서비스업
NH투자증권,A+,B+,B이하,A,B이하,B이하,,,,증권
NICE,B,B이하,B이하,B+,B이하,B이하,,,,서비스업
NI스틸,B,B이하,B이하,B,B이하,B이하,,,,철강금속
OCI,B+,A,B+,B+,A+,A,,,,화학
S-Oil,A+,A+,A,A+,A+,A,,,,화학
SBS,B,B이하,B이하,B,B이하,B이하,,,,서비스업
SG세계물산,C,B이하,B이하,C,B이하,B이하,,,,유통업
SH에너지화학,B,B이하,B이하,B,B이하,B이하,,,,화학
SIMPAC,C,B이하,B이하,C,B이하,B이하,,,,철강금속
SK,A,A+,A,A+,A+,A,,,,기타금융
SKC,B+,B+,A,B+,B+,A,,,,화학
SK가스,B+,B+,B이하,B+,B+,B이하,,,,유통업
SK네트웍스,A,B+,B이하,B+,B+,B이하,,,,유통업
SK디스커버리,B+,B+,B+,B+,A,B이하,,,,기타금융
SK이노베이션,A+,B+,A,A,A,B이하,,,,화학
SK증권,A,B+,B이하,A,B+,B이하,,,,증권
SK텔레콤,A,B+,A,A,B+,A,,,,통신업
SK하이닉스,A,B+,B+,A,A,A,,,,전기전자
SPC삼립,B,B이하,B이하,C,B이하,B이하,,,,음식료품
STX,C,B+,B이하,B,B+,B이하,,,,유통업
STX엔진,B,B+,B+,B,B이하,B+,,,,기계
WISCOM,B+,B이하,B이하,B,B이하,B이하,,,,화학
YG PLUS,C,B이하,B이하,B,B이하,B이하,,,,서비스업
가온전선,B,B이하,B+,B,B이하,B+,,,,전기전자
강남제비스코,B,B이하,B이하,B,B이하,B이하,,,,화학
강원랜드,B+,A,A,B,A,A,,,,서비스업
갤럭시아에스엠,C,B이하,B이하,C,B이하,B이하,,,,서비스업
경농,B,B+,B이하,C,B이하,B이하,,,,화학
경동나비엔,C,B이하,B이하,D,B+,B+,,,,전기전자
경동인베스트,C,B+,B이하,C,B이하,B이하,,,,기타금융
경방,C,B이하,B이하,B,B이하,B이하,,,,유통업
경인양행,B,B이하,B이하,B,B이하,B이하,,,,화학
경인전자,B,B이하,B이하,B,B이하,B이하,,,,전기전자
계양전기,B,B이하,B이하,B,B이하,B이하,,,,기계
고려산업,B,B이하,B이하,B,B이하,B이하,,,,음식료품
고려아연,B+,B이하,B이하,B,B+,B이하,,,,철강금속
고려제강,D,B이하,B+,C,B이하,B+,,,,철강금속
광동제약,B,B이하,B이하,B,B+,B이하,,,,의약품
광명전기,C,B이하,B이하,C,B이하,B이하,,,,전기전자
광전자,B+,B이하,B이하,B,B이하,B이하,,,,전기전자
광주신세계,B,B이하,B이하,B,B이하,B이하,,,,유통업
교보증권,A+,B+,B이하,A,B+,B이하,,,,증권
국도화학,C,B이하,B+,D,B이하,B+,,,,화학
국동,B,B이하,B이하,B,B이하,B이하,,,,유통업
국보,C,B이하,B이하,C,B이하,B이하,,,,운수창고업
국제약품,B+,B이하,B이하,B+,B이하,B이하,,,,의약품
극동유화,B,B이하,B이하,B,B이하,B이하,,,,화학
금강공업,C,B이하,B이하,C,B이하,B이하,,,,철강금속
금비,C,B이하,B이하,C,B이하,B이하,,,,비금속광물
금양,B,B이하,B이하,B,B이하,B이하,,,,화학
금호전기,B,B이하,B이하,C,B이하,B이하,,,,전기전자
금호타이어,C,A+,B+,C,B+,B+,,,,화학
기신정기,B,B이하,B이하,B,B이하,B이하,,,,기계
기업은행,B+,B+,B이하,A,B이하,B이하,,,,은행
까뮤이앤씨,B+,B이하,B이하,B,B이하,B이하,,,,건설업
깨끗한나라,B,B이하,B+,B,B이하,B+,,,,종이목재
남광토건,C,B이하,B이하,B,B이하,B이하,,,,건설업
남선알미늄,B,B이하,B이하,B,B+,B이하,,,,철강금속
남성,C,B이하,B이하,B,B이하,B이하,,,,유통업
남양유업,D,B+,B이하,B,B+,B이하,,,,음식료품
남해화학,B,B이하,B+,B,B이하,B+,,,,화학
넥센,B,B이하,B+,B,B이하,B+,,,,화학
넥센타이어,B+,B+,B+,B,B이하,B+,,,,화학
노루페인트,B,B이하,B이하,B,B이하,B이하,,,,화학
노루홀딩스,D,B이하,B이하,D,B이하,B이하,,,,기타금융
녹십자,C,B+,B이하,B,B이하,B+,,,,의약품
녹십자홀딩스,B,B+,B이하,B,B이하,B이하,,,,서비스업
농심,D,B이하,B+,B,B이하,B+,,,,음식료품
농심홀딩스,C,B이하,B이하,B,B이하,B이하,,,,기타금융
다우기술,B,B이하,B이하,B,B+,B이하,,,,서비스업
대교,A,B+,B이하,A,B이하,B이하,,,,서비스업
대구백화점,B+,B+,B이하,B+,B이하,B이하,,,,유통업
대덕전자,B,B이하,B+,B,B이하,B+,,,,전기전자
대동전자,B,B이하,B이하,B,B이하,B이하,,,,전기전자
대림통상,C,B이하,B이하,C,B이하,B이하,,,,기계
대상,C,B+,B이하,B,B+,B이하,,,,음식료품
대상홀딩스,B,B이하,B이하,C,B이하,B이하,,,,기타금융
대성산업,C,B이하,B이하,B,B이하,B이하,,,,유통업
대성에너지,C,B이하,B이하,B,B이하,B이하,,,,전기가스업
대성홀딩스,B,B이하,B이하,B,B이하,B이하,,,,서비스업
대신증권,A,B이하,B이하,A,B이하,B이하,,,,증권
대양금속,B,B이하,B+,C,B이하,B+,,,,철강금속
대영포장,C,B이하,B이하,C,B이하,B이하,,,,종이목재
대우건설,B,A,A,B+,A,A,,,,건설업
대우부품,B,B이하,B이하,C,B이하,B이하,,,,운수장비
대우조선해양,C,B+,A,C,B이하,B+,,,,운수장비
대웅,C,B이하,B이하,B,B이하,B이하,,,,의약품
대웅제약,C,B+,B이하,C,B+,B이하,,,,의약품
대원강업,B,B이하,B이하,B,B이하,B+,,,,운수장비
대원전선,B,B이하,B이하,C,B이하,B이하,,,,전기전자
대원제약,B+,B+,B이하,B+,B+,B이하,,,,의약품
대원화성,B,B이하,B+,B,B이하,B+,,,,화학
대유에이텍,C,B이하,B이하,C,B이하,B이하,,,,운수장비
대유플러스,D,B이하,B이하,B,B이하,B+,,,,전기전자
대창,C,B이하,B+,B,B이하,B+,,,,철강금속
대창단조,B,B이하,B+,C,B이하,B+,,,,운수장비
대한방직,B,B이하,B이하,C,B이하,B이하,,,,섬유의복
대한유화,C,B+,B이하,B,B이하,B이하,,,,화학
대한전선,B,B이하,B+,B,B이하,B+,,,,전기전자
대한제강,C,B이하,B+,B,B이하,B+,,,,철강금속
대한제당,B,B이하,B이하,C,B이하,B이하,,,,음식료품
대한제분,B,B이하,B이하,C,B이하,B이하,,,,음식료품
대한항공,C,B+,A,B+,B+,A,,,,운수창고업
대한해운,B,B이하,B이하,C,B이하,B이하,,,,운수창고업
대한화섬,B,B이하,B이하,B,B이하,B이하,,,,화학
대현,B,B이하,B이하,B,B이하,B이하,,,,섬유의복
대호에이엘,B,B이하,B+,B,B이하,B+,,,,철강금속
더존비즈온,B,B이하,B이하,B,B+,B이하,,,,서비스업
덕성,C,B이하,B이하,B,B이하,B이하,,,,화학
덕양산업,B,B이하,B이하,B,B이하,B이하,,,,운수장비
도화엔지니어링,B+,B이하,B이하,B+,B이하,B이하,,,,서비스업
동국제강,C,B+,B+,C,B+,B+,,,,철강금속
동남합성,C,B이하,B이하,C,B이하,B이하,,,,화학
동방,B,B이하,B이하,B,B이하,B이하,,,,운수창고업
동방아그로,B,B이하,B이하,B,B이하,B이하,,,,화학
동성제약,C,B이하,B이하,B,B이하,B이하,,,,의약품
동아쏘시오홀딩스,B,B이하,B이하,C,B이하,B이하,,,,기타금융
동아에스티,B+,B+,B이하,B,B이하,B이하,,,,의약품
동아지질,B,B이하,B이하,B,B이하,B이하,,,,건설업
동양고속,B,B이하,B이하,C,B이하,B이하,,,,운수창고업
동양생명,A+,B이하,B이하,B+,B이하,B이하,,,,보험
동양철관,C,B이하,B이하,C,B이하,B이하,,,,철강금속
동원F&B,C,B+,B이하,C,A,B+,,,,음식료품
동원금속,B,B이하,B이하,B+,B이하,B이하,,,,운수장비
동원산업,B,B이하,B이하,B,A,B이하,,,,기타금융
동원수산,B,B이하,B이하,B,B이하,B이하,,,,"농업, 임업 및 어업"
동원시스템즈,C,B이하,B이하,C,A,B+,,,,화학
동일고무벨트,C,B이하,B이하,C,B이하,B이하,,,,화학
동일산업,B,B이하,B+,B,B이하,B+,,,,철강금속
동화약품,B,B+,B이하,B,B+,B이하,,,,의약품
두산,A,A,A,A,A+,A,,,,기타금융
디씨엠,B,B이하,B이하,B,B이하,B이하,,,,철강금속
디아이,B,B이하,B이하,B,B이하,B이하,,,,의료정밀
디아이씨,B,B이하,B이하,C,B이하,B이하,,,,운수장비
디와이,B,B이하,B이하,B,B이하,B이하,,,,기타금융
디와이파워,C,B이하,B이하,B,B이하,B이하,,,,기계
락앤락,B+,B이하,B이하,B+,B이하,B이하,,,,화학
롯데관광개발,C,B이하,B이하,C,B이하,B이하,,,,서비스업
롯데손해보험,A+,A,B이하,A,A,B이하,,,,보험
롯데쇼핑,C,A,A,B,A+,A,,,,유통업
롯데정밀화학,B,A,A,A,A+,A,,,,화학
롯데지주,C,A+,A,B,A+,A,,,,기타금융
롯데케미칼,B,A+,A,B+,A+,A,,,,화학
롯데하이마트,B+,A,B이하,A,A+,B이하,,,,유통업
마니커,D,B이하,B이하,C,B이하,B이하,,,,음식료품
만호제강,B,B이하,B이하,B,B이하,B이하,,,,철강금속
메리츠금융지주,A,B이하,B이하,A,B이하,B이하,,,,기타금융
명문제약,B,B이하,B이하,B,B이하,B이하,,,,의약품
모나리자,C,B이하,B이하,C,B이하,B이하,,,,종이목재
모나미,B,B이하,B이하,B,B이하,B이하,,,,유통업
모토닉,B,B이하,B이하,B,B이하,B이하,,,,운수장비
무림P&P,B,B이하,B+,D,B이하,B이하,,,,종이목재
무림페이퍼,B,B이하,B+,B,B이하,B+,,,,종이목재
무학,B,B이하,B이하,B,B이하,B이하,,,,음식료품
문배철강,B,B이하,B이하,B,B이하,B이하,,,,철강금속
미래산업,B+,B이하,B이하,B+,B이하,B이하,,,,의료정밀
미래아이앤지,C,B이하,B이하,C,B이하,B이하,,,,서비스업
미래에셋생명,A,B+,B이하,A,B+,B이하,,,,보험
미원상사,C,B이하,B이하,B,B이하,B이하,,,,화학
미원홀딩스,B,B이하,B이하,B,B이하,B이하,,,,기타금융
미원화학,C,B이하,B이하,C,B이하,B이하,,,,화학
방림,B,B이하,B+,B,B이하,B+,,,,섬유의복
백광산업,B,B이하,B+,B,B이하,B+,,,,화학
백산,B,B이하,B이하,B,B이하,B이하,,,,화학
범양건영,C,B이하,B이하,B,B이하,B이하,,,,건설업
벽산,C,B이하,B+,C,B이하,B+,,,,비금속광물
보락,C,B이하,B이하,B,B이하,B이하,,,,화학
보해양조,B,B이하,B이하,C,B이하,B이하,,,,음식료품
부광약품,B+,B이하,B이하,B,B이하,B이하,,,,의약품
부국증권,B+,B이하,B이하,B+,B이하,B이하,,,,증권
부국철강,B,B이하,B이하,B,B이하,B이하,,,,철강금속
부산산업,B,B이하,B이하,B,B이하,B이하,,,,비금속광물
부산주공,B,B이하,B+,B,B이하,B+,,,,운수장비
비상교육,C,B이하,B이하,B,B+,B이하,,,,서비스업
빙그레,B,B+,B이하,B,B+,B이하,,,,음식료품
사조대림,C,B이하,B이하,B,B이하,B이하,,,,음식료품
사조동아원,C,B이하,B이하,B,B이하,B이하,,,,음식료품
사조산업,C,B이하,B이하,C,B이하,B이하,,,,"농업, 임업 및 어업"
사조씨푸드,B,B이하,B이하,B+,B이하,B이하,,,,음식료품
사조오양,C,B이하,B이하,B,B이하,B이하,,,,음식료품
삼성SDI,B+,A,A,B,A+,A,,,,전기전자
삼성공조,B,B이하,B이하,B,B이하,B이하,,,,운수장비
삼성물산,A+,A+,A,A,A+,A,,,,유통업
삼성생명,A+,B+,A,A,A,A,,,,보험
삼성에스디에스,B+,B+,B이하,B+,B+,B+,,,,서비스업
삼성엔지니어링,B+,B+,A,B+,A+,A,,,,서비스업
삼성전기,A+,A+,A+,A,A+,A+,,,,전기전자
삼성전자,B+,A+,A,B,A,A,,,,전기전자
삼성제약,C,B이하,B이하,C,B이하,B이하,,,,의약품
삼성중공업,B,A,A,B+,B이하,B+,,,,운수장비
삼성증권,A+,B+,B이하,A,B+,B이하,,,,증권
삼성출판사,B,B이하,B이하,B,B이하,B이하,,,,서비스업
삼성카드,A+,B+,B이하,A,B이하,B이하,,,,기타금융
삼아알미늄,B,B이하,B이하,B,B이하,B+,,,,철강금속
삼양사,C,B+,B이하,B,B+,B이하,,,,음식료품
삼양식품,D,B이하,B+,B,B+,B이하,,,,음식료품
삼양통상,B,B이하,B이하,B,B이하,B이하,,,,기타제조업
삼양홀딩스,C,B이하,B이하,B,B이하,B이하,,,,기타금융
삼영무역,B,B이하,B이하,B,B이하,B이하,,,,유통업
삼원강재,C,B이하,B+,B,B이하,B+,,,,운수장비
삼익THK,C,B이하,B이하,B,B이하,B이하,,,,기계
삼익악기,D,B이하,B이하,B,B이하,B이하,,,,기타제조업
삼일제약,C,B이하,B이하,B,B이하,B이하,,,,의약품
삼정펄프,B,B이하,B이하,B,B이하,B이하,,,,종이목재
삼진제약,B,B이하,B이하,B,B이하,B이하,,,,의약품
삼천리,B+,B+,B+,B,B+,B+,,,,전기가스업
삼호개발,B,B이하,B이하,B,B이하,B이하,,,,건설업
삼화왕관,C,B이하,B이하,B,B이하,B이하,,,,기계
삼화전기,B,B이하,B이하,B,B이하,B이하,,,,전기전자
상신브레이크,B,B이하,B이하,B,B이하,B이하,,,,운수장비
새론오토모티브,C,B이하,B+,C,B이하,B+,,,,운수장비
샘표,C,B이하,B이하,C,B이하,B이하,,,,기타금융
서연,C,B이하,B이하,D,B이하,B이하,,,,기타금융
서연이화,C,B이하,B이하,B+,B+,B이하,,,,운수장비
서원,B,B이하,B+,B,B이하,B+,,,,철강금속
서흥,C,B이하,B이하,B,B이하,B이하,,,,화학
선도전기,B,B이하,B이하,B,B이하,B이하,,,,전기전자
선진,B+,B이하,B이하,B+,B이하,B이하,,,,음식료품
성문전자,C,B이하,B이하,B,B이하,B이하,,,,전기전자
성보화학,B,B이하,B이하,C,B이하,B이하,,,,화학
성신양회,B,B이하,B+,C,B이하,B+,,,,비금속광물
성안,C,B이하,B이하,C,B이하,B이하,,,,섬유의복
성창기업지주,C,B이하,B이하,C,B이하,B이하,,,,서비스업
세기상사,B,B이하,B이하,B,B이하,B이하,,,,유통업
세방,B+,B+,B이하,B,B이하,B이하,,,,운수창고업
세방전지,B,B+,B+,C,B이하,B+,,,,전기전자
세아제강,C,B+,B+,B,B이하,B+,,,,철강금속
세아특수강,B,B이하,B+,B,B이하,B+,,,,철강금속
세아홀딩스,B,B이하,B이하,C,B이하,B이하,,,,철강금속
세우글로벌,C,B이하,B이하,B,B이하,B이하,,,,유통업
세원정공,B,B이하,B이하,C,B이하,B이하,,,,운수장비
세이브존I&C,B,B이하,B이하,B,B이하,B이하,,,,유통업
세종공업,C,B이하,B이하,C,B이하,B+,,,,운수장비
세하,C,B이하,B+,B,B이하,B+,,,,종이목재
송원산업,C,B이하,B+,B,B+,B+,,,,화학
수산중공업,B,B이하,B이하,B,B이하,B이하,,,,기계
신대양제지,C,B이하,B이하,C,B이하,B이하,,,,종이목재
신도리코,B,B이하,B+,B+,B이하,B+,,,,전기전자
신라교역,B,B이하,B이하,C,B이하,B이하,,,,"농업, 임업 및 어업"
신성이엔지,B,B이하,B이하,B,B이하,B이하,,,,전기전자
신성통상,B,B이하,B이하,B,B이하,B이하,,,,유통업
신세계,C,A+,B+,B,A+,B+,,,,유통업
신세계건설,B,B+,B+,B+,B이하,B이하,,,,건설업
신세계인터내셔날,B+,A,B+,B,A,B이하,,,,유통업
신세계푸드,C,B+,B이하,B,A,B+,,,,서비스업
신송홀딩스,B,B이하,B이하,B,B이하,B이하,,,,유통업
신영와코루,C,B이하,B이하,C,B이하,B이하,,,,섬유의복
신영증권,A,B이하,B이하,A,B이하,B이하,,,,증권
신원,D,B이하,B이하,B,B이하,B이하,,,,섬유의복
신풍제약,B,B이하,B이하,B,B이하,B이하,,,,의약품
신한지주,A+,A+,A+,S,A,A+,,,,기타금융
신흥,B+,B이하,B이하,B+,B이하,B이하,,,,유통업
쌍방울,C,B이하,B이하,C,B이하,B이하,,,,섬유의복
써니전자,C,B이하,B이하,B,B+,B이하,,,,전기전자
씨아이테크,C,B이하,B이하,D,B이하,B이하,,,,기타제조업
씨에스윈드,B+,B이하,B이하,B+,B이하,B이하,,,,기계
아남전자,B,B이하,B이하,B,B이하,B이하,,,,전기전자
아모레퍼시픽,B+,A,A,B+,A,A,,,,화학
아세아,B,B이하,B이하,B,B이하,B이하,,,,서비스업
아세아시멘트,B,B이하,B+,C,B이하,B+,,,,비금속광물
아세아제지,B,B이하,B이하,B,B이하,B이하,,,,종이목재
아시아나항공,B,A+,B+,B,A,B+,,,,운수창고업
아이마켓코리아,C,B이하,B이하,B+,B이하,B이하,,,,유통업
아이에스동서,B,B이하,B이하,B,B이하,B이하,,,,비금속광물
알루코,D,B이하,B이하,B,B이하,B이하,,,,철강금속
에넥스,C,B이하,B이하,C,B+,B이하,,,,기타제조업
에스엘,C,B+,B이하,C,B+,B이하,,,,운수장비
에스원,B,B+,B이하,C,B이하,B이하,,,,서비스업
에쓰씨엔지니어링,C,B이하,B이하,B,B이하,B이하,,,,건설업
에이블씨엔씨,B,B이하,B이하,B+,B이하,B이하,,,,화학
에이엔피,C,B이하,B이하,C,B이하,B이하,,,,전기전자
엔씨소프트,B+,B이하,B이하,B,B이하,B이하,,,,서비스업
엔케이,C,B이하,B이하,C,B이하,B이하,,,,기계
영보화학,C,B이하,B이하,C,B이하,B이하,,,,화학
영원무역,B,B이하,B이하,B,B이하,B이하,,,,유통업
영원무역홀딩스,B,B이하,B이하,B,B이하,B이하,,,,기타금융
영진약품,B,B이하,B이하,C,B+,B이하,,,,의약품
영풍,D,B이하,B이하,C,B이하,B+,,,,철강금속
영풍제지,C,B이하,B이하,C,B이하,B이하,,,,종이목재
영화금속,B,B이하,B이하,B,B이하,B이하,,,,운수장비
오뚜기,D,B+,B이하,D,B+,B이하,,,,음식료품
오리엔트바이오,C,B이하,B이하,C,B이하,B이하,,,,의약품
오리온홀딩스,C,B이하,B이하,C,B이하,B이하,,,,기타금융
우리종금,B+,B이하,B이하,B+,B이하,B이하,,,,기타금융
우신시스템,C,B이하,B이하,C,B이하,B이하,,,,기계
우진,B,B이하,B이하,B,B이하,B이하,,,,의료정밀
우진플라임,B,B이하,B이하,B,B이하,B이하,,,,기계
웅진,B,B이하,B이하,B,B이하,B이하,,,,서비스업
웅진씽크빅,C,B이하,B이하,C,B이하,B이하,,,,서비스업
원림,C,B이하,B이하,B,B이하,B이하,,,,섬유의복
윌비스,B,B이하,B이하,B+,B이하,B이하,,,,유통업
유니드,C,B이하,B+,B,B이하,B이하,,,,화학
유니온,B,B이하,B이하,B,B이하,B이하,,,,비금속광물
유니온머티리얼,C,B이하,B+,B,B이하,B+,,,,비금속광물
유니켐,C,B이하,B이하,B+,B이하,B이하,,,,기타제조업
유니퀘스트,B,B이하,B이하,B+,B이하,B이하,,,,유통업
유성기업,B+,B이하,B+,B,B이하,B+,,,,운수장비
유수홀딩스,B,B이하,B이하,B+,B+,B이하,,,,서비스업
유안타증권,A,B이하,B이하,A,B이하,B이하,,,,증권
유엔젤,C,B이하,B이하,B,B이하,B이하,,,,서비스업
유유제약,B,B이하,B이하,B,B이하,B이하,,,,의약품
유한양행,B+,B이하,B+,B,B이하,B+,,,,의약품
유화증권,B+,B이하,B이하,B+,B이하,B이하,,,,증권
율촌화학,C,B이하,B이하,B,B이하,B이하,,,,화학
이건산업,B,B이하,B이하,B,B이하,B이하,,,,종이목재
이구산업,B+,B이하,B+,B,B이하,B+,,,,철강금속
이마트,C,B이하,A,B+,A,B+,,,,유통업
이수페타시스,D,A,B+,C,B+,B+,,,,전기전자
이수화학,B,B이하,B이하,B,B+,B+,,,,화학
이스타코,C,B이하,B이하,D,B이하,B이하,,,,서비스업
이아이디,D,B이하,B이하,C,B이하,B이하,,,,유통업
이연제약,B,B이하,B이하,B+,B이하,B이하,,,,의약품
이월드,C,B이하,B이하,C,B이하,B이하,,,,기타제조업
이화산업,C,B이하,B이하,C,B이하,B이하,,,,유통업
인디에프,C,B이하,B이하,B,B이하,B이하,,,,섬유의복
인스코비,B,B이하,B이하,C,B이하,B이하,,,,통신업
인지컨트롤스,C,B이하,B이하,C,B이하,B이하,,,,운수장비
인천도시가스,B,B이하,B이하,B,B이하,B이하,,,,전기가스업
인터지스,B,B이하,B이하,B+,B이하,B이하,,,,운수창고업
인팩,C,B이하,B이하,B,B이하,B이하,,,,운수장비
일동홀딩스,B,B이하,B이하,B,B이하,B이하,,,,의약품
일성건설,C,B이하,B이하,B,B이하,B이하,,,,건설업
일성신약,C,B이하,B이하,B,B이하,B이하,,,,의약품
일신방직,B,B이하,B+,B+,B이하,B이하,,,,섬유의복
일신석재,C,B이하,B이하,B,B이하,B이하,,,,유통업
일양약품,B,B이하,B이하,B,B이하,B이하,,,,의약품
일정실업,C,B이하,B이하,C,B이하,B이하,,,,섬유의복
일진다이아,C,B이하,B이하,C,B이하,B이하,,,,화학
일진디스플,B,B이하,B이하,C,B이하,B+,,,,전기전자
일진전기,B,B이하,B이하,B,B이하,B이하,,,,전기전자
일진홀딩스,B,B이하,B이하,B,B이하,B이하,,,,기타금융
자화전자,B,B이하,B+,B,B이하,B이하,,,,전기전자
전방,C,B이하,B이하,B,B이하,B이하,,,,섬유의복
제이준코스메틱,D,B이하,B이하,D,B이하,B이하,,,,화학
제일기획,B,B이하,B+,B,B이하,B이하,,,,서비스업
제일연마,C,B이하,B이하,B+,B이하,B이하,,,,비금속광물
제일파마홀딩스,B,B이하,B이하,B,B이하,B이하,,,,서비스업
제주은행,A+,B+,B이하,A,B+,B이하,,,,은행
조광페인트,B,B이하,B이하,B,B이하,B이하,,,,화학
조광피혁,B,B이하,B이하,B+,B이하,B이하,,,,기타제조업
조비,C,B이하,B이하,B,B이하,B이하,,,,화학
조선내화,B,B이하,B이하,B,B+,B+,,,,비금속광물
조선선재,C,B이하,B이하,C,B이하,B이하,,,,기계
조일알미늄,B,B이하,B+,B,B이하,B+,,,,철강금속
조흥,B,B이하,B이하,B,B이하,B이하,,,,음식료품
종근당,B,B+,B이하,B+,B+,B이하,,,,의약품
종근당바이오,B,B이하,B+,B,B이하,B이하,,,,의약품
종근당홀딩스,B,B이하,B이하,B+,B이하,B이하,,,,의약품
주연테크,C,B이하,B이하,C,B이하,B이하,,,,전기전자
지엠비코리아,B,B이하,B이하,B,B이하,B이하,,,,운수장비
지역난방공사,A,B+,B+,B+,A,A,,,,전기가스업
지투알,B+,B이하,B이하,B+,B이하,B이하,,,,서비스업
진도,C,B이하,B이하,B,B이하,B이하,,,,유통업
진양산업,B,B이하,B이하,B,B이하,B이하,,,,화학
진양홀딩스,B,B이하,B이하,B,B이하,B이하,,,,화학
진양화학,B,B이하,B이하,B,B이하,B이하,,,,화학
진원생명과학,D,B이하,B이하,B,B이하,B이하,,,,의약품
진흥기업,B,B이하,B+,B,B+,B+,,,,건설업
참엔지니어링,D,B이하,B이하,B,B이하,B이하,,,,기계
천일고속,B,B이하,B이하,B+,B이하,B이하,,,,운수창고업
체시스,C,B이하,B이하,C,B이하,B이하,,,,운수장비
카프로,B,B이하,B+,B,B이하,B+,,,,화학
케이씨,B,B+,B이하,B+,B+,B이하,,,,의료정밀
코리아써키트,C,B이하,B+,B,B이하,B+,,,,전기전자
코리안리,A+,B이하,B이하,A,B이하,B이하,,,,보험
코스맥스,B,B이하,B이하,B,B이하,B이하,,,,화학
코스맥스비티아이,B,B이하,B이하,B,B이하,B이하,,,,기타금융
코스모신소재,C,B이하,B+,C,B이하,B+,,,,화학
코스모화학,B,B이하,B+,B,B이하,B+,,,,화학
코아스,B,B이하,B이하,C,B이하,B이하,,,,기타제조업
코오롱,C,B이하,B이하,B,B+,B이하,,,,기타금융
코오롱글로벌,B+,B+,B이하,B+,B이하,B이하,,,,건설업
코오롱인더,B,B이하,B+,C,B+,B+,,,,화학
코오롱플라스틱,B,B이하,A,B+,B+,B+,,,,화학
코웨이,B,A+,A,B,A+,A,,,,서비스업
콤텍시스템,B,B이하,B이하,B,B이하,B이하,,,,서비스업
쿠쿠홀딩스,B,B이하,B이하,B+,B이하,B이하,,,,기타금융
크라운해태홀딩스,B,B이하,B이하,B,B+,B이하,,,,기타금융
키움증권,A,B+,B이하,A,B이하,B이하,,,,증권
태경산업,C,B이하,B이하,C,B이하,B이하,,,,화학
태광산업,C,B+,B이하,C,B이하,B이하,,,,화학
태림포장,C,B이하,B이하,C,B이하,B이하,,,,종이목재
태영건설,B+,B+,B이하,B+,B이하,B이하,,,,건설업
태원물산,B,B이하,B이하,B,B이하,B이하,,,,운수장비
태평양물산,B,B+,B이하,B+,B+,B이하,,,,섬유의복
텔코웨어,C,B이하,B이하,B,B이하,B이하,,,,서비스업
티에이치엔,C,B이하,B이하,C,B이하,B이하,,,,전기전자
티웨이홀딩스,C,B이하,B이하,C,B이하,B이하,,,,비금속광물
파미셀,C,B이하,B이하,B,B이하,B이하,,,,의약품
팜스코,B,B이하,B이하,B+,B이하,B이하,,,,음식료품
팬오션,B,B이하,B이하,B+,B이하,B이하,,,,운수창고업
퍼스텍,B,B이하,B이하,B,B이하,B이하,,,,기계
퍼시스,B,B이하,B이하,B,B이하,B이하,,,,기타제조업
페이퍼코리아,C,B이하,B이하,C,B이하,B이하,,,,종이목재
평화산업,B+,B+,B이하,B,B이하,B+,,,,운수장비
평화홀딩스,B,B+,B이하,B+,B이하,B이하,,,,운수장비
풀무원,A,A+,A,A+,A,A,,,,음식료품
풍산,B,B이하,A,B+,B이하,B+,,,,철강금속
풍산홀딩스,B,B이하,B이하,B+,B이하,B이하,,,,기타금융
하나금융지주,A+,A,B이하,A,A,B+,,,,기타금융
하나투어,C,B이하,B이하,B+,B이하,B이하,,,,서비스업
하이스틸,B,B이하,B이하,B,B이하,B이하,,,,철강금속
하이트진로,C,B이하,B+,B,B+,B+,,,,음식료품
하이트진로홀딩스,B+,B이하,B이하,B+,B이하,B이하,,,,기타금융
한국가스공사,B+,B이하,A,B+,B+,A,,,,전기가스업
한국공항,C,B이하,B이하,C,B이하,B이하,,,,운수창고업
한국금융지주,A+,B이하,B이하,A,B이하,B이하,,,,기타금융
한국내화,C,B이하,B이하,C,B이하,B이하,,,,비금속광물
한국쉘석유,B+,B이하,B이하,B+,B이하,B이하,,,,화학
한국전자홀딩스,B,B이하,B이하,C,B이하,B이하,,,,기타금융
한국종합기술,B+,B이하,B이하,B+,B이하,B이하,,,,서비스업
한국주강,C,B이하,B이하,C,B이하,B이하,,,,기계
한국철강,C,B+,B+,B,B+,B+,,,,철강금속
한국카본,C,B이하,B이하,C,B이하,B이하,,,,기계
한국콜마,C,B이하,B이하,B,B이하,B이하,,,,화학
한국콜마홀딩스,B,B이하,B이하,C,B이하,B이하,,,,기타금융
한국항공우주,B,B이하,B+,B,B이하,B+,,,,운수장비
한국화장품,C,B이하,B이하,B,B이하,B이하,,,,유통업
한국화장품제조,B,B이하,B이하,B,B이하,B이하,,,,화학
한농화성,B,B이하,B이하,B,B이하,B이하,,,,화학
한독,B,B+,B+,B+,B이하,B+,,,,의약품
한미글로벌,B,B이하,B이하,B,B이하,B이하,,,,서비스업
한미반도체,B,B이하,B이하,B,B이하,B이하,,,,기계
한미사이언스,C,B이하,B이하,D,B이하,B이하,,,,기타금융
한미약품,D,B+,B이하,C,B+,B이하,,,,의약품
한샘,B+,B이하,B이하,C,B이하,B이하,,,,유통업
한섬,B+,B이하,B이하,B,B이하,B이하,,,,섬유의복
한성기업,C,B이하,B이하,C,B이하,B이하,,,,음식료품
한세실업,B+,B이하,B이하,B+,B이하,B이하,,,,섬유의복
한세엠케이,B,B이하,B이하,B,B이하,B이하,,,,유통업
한세예스24홀딩스,B,B이하,B이하,C,B이하,B이하,,,,섬유의복
한솔로지스틱스,B,B이하,B이하,B,B이하,B이하,,,,운수창고업
한솔케미칼,B,B+,B+,B+,B이하,B+,,,,화학
한솔테크닉스,B,B이하,B+,B+,B이하,B+,,,,전기전자
한솔홀딩스,B,B이하,B이하,B,B이하,B이하,,,,기타금융
한솔홈데코,C,B+,B+,B,B+,B+,,,,종이목재
한신공영,C,B이하,B이하,C,B이하,B이하,,,,건설업
한양증권,B+,B이하,B이하,B+,B이하,B이하,,,,증권
한온시스템,B,B이하,B+,B,B이하,B+,,,,기계
한올바이오파마,C,B+,B이하,B+,B이하,B이하,,,,의약품
한익스프레스,B,B이하,B이하,B,B이하,B이하,,,,운수창고업
한일시멘트,C,B이하,B+,B,B이하,B+,,,,비금속광물
한일철강,C,B이하,B이하,C,B이하,B이하,,,,철강금속
한전KPS,B,B+,B+,B,B+,B+,,,,건설업
한전기술,B,B+,B+,B,B+,A,,,,서비스업
한전산업,C,B+,B이하,B,B+,B이하,,,,서비스업
한진,C,B+,B이하,B,B이하,B이하,,,,운수창고업
한진중공업홀딩스,B,B이하,B이하,B+,B이하,B이하,,,,전기가스업
한진칼,C,B이하,B이하,C,B이하,B이하,,,,운수창고업
한창,C,B이하,B이하,C,B이하,B이하,,,,유통업
한창제지,C,B이하,B이하,C,B이하,B이하,,,,종이목재
한화,B+,B+,A,A,A+,A,,,,화학
한화생명,B+,B+,B이하,B+,A,B이하,,,,보험
한화손해보험,A,B이하,B이하,A,B이하,B이하,,,,보험
한화투자증권,A,B+,B이하,A,B+,B이하,,,,증권
현대건설,B,B+,A,D,B+,B+,,,,건설업
현대그린푸드,B+,B이하,B이하,B+,B이하,B+,,,,유통업
현대글로비스,B,A+,B+,B+,B+,B+,,,,운수창고업
현대로템,B,B+,B+,B+,B+,B+,,,,운수장비
현대리바트,B+,B+,B이하,B+,B+,B이하,,,,기타제조업
현대모비스,C,A+,A,C,A,A,,,,운수장비
현대미포조선,B+,B이하,A,B+,B이하,A,,,,운수장비
현대백화점,B+,B+,B이하,B+,B+,B이하,,,,유통업
현대비앤지스틸,D,B이하,B+,C,B+,B+,,,,철강금속
현대약품,B,B+,B이하,B+,B+,B이하,,,,의약품
현대위아,B+,B+,B+,B,B이하,B+,,,,운수장비
현대제철,C,B이하,B+,B,B이하,B+,,,,철강금속
현대해상,A+,B+,B이하,A,A,B+,,,,보험
현대홈쇼핑,A,B이하,B이하,A,B이하,B이하,,,,유통업
형지엘리트,C,B이하,B이하,C,B이하,B이하,,,,섬유의복
혜인,B,B이하,B이하,B,B이하,B이하,,,,유통업
호텔신라,B,B이하,B이하,B+,B+,B이하,,,,유통업
화성산업,B+,B이하,B이하,B+,B이하,B이하,,,,건설업
화승알앤에이,B,B이하,B+,B+,B+,B+,,,,운수장비
화신,C,B이하,B이하,D,B이하,B이하,,,,운수장비
화인베스틸,B,B이하,B+,B,B이하,B+,,,,철강금속
화천기계,B,B이하,B이하,B,B이하,B이하,,,,기계
화천기공,B,B이하,B이하,B,B이하,B이하,,,,기계
환인제약,B+,B이하,B이하,B+,B이하,B이하,,,,의약품
황금에스티,B,B이하,B이하,B,B이하,B이하,,,,철강금속
효성,D,B+,A,D,A,B+,,,,기타금융
후성,B,B이하,B+,C,B이하,B+,,,,화학
휴비스,B,B+,B+,B,A,B+,,,,화학
휴스틸,B,B이하,B+,B,B이하,B이하,,,,철강금속
흥국화재,A+,B이하,B이하,A,B이하,B이하,,,,보험
흥아해운,C,B이하,B이하,B,B이하,B이하,,,,운수창고업
