기업명,기업코드,ESG등급,환경,사회,지배구조,평가년도
AJ네트웍스,095570,B+,C,B+,B+,2022
AK홀딩스,006840,B+,B,A,B,2022
AP시스템,265520,D,D,C,C,2022
BGF,027410,B+,A,A+,B,2022
BGF리테일,282330,A,A,A+,A,2022
BNK금융지주,138930,A,A,A,A,2022
BNK캐피탈,801190,-,-,-,B+,2022
BYC,001460,D,D,D,D,2022
CJ,001040,B+,B+,A,B+,2022
CJ CGV,079160,B+,B,B+,B+,2022
CJ ENM,035760,B+,B+,A,B,2022
CJ대한통운,000120,B+,B+,A+,B,2022
CJ씨푸드,011150,B,C,B,B,2022
CJ제일제당,097950,A,A,A,B+,2022
CJ프레시웨이,051500,A,B,A,A,2022
CMG제약,058820,D,D,D,D,2022
CS홀딩스,000590,C,D,D,B,2022
DB,012030,B,D,B,B+,2022
DB금융투자,016610,B,C,B,B,2022
DB생명보험,818158,-,-,-,B+,2022
DB손해보험,005830,B+,B+,A,B+,2022
DB하이텍,000990,B,B,B+,B,2022
DGB금융지주,139130,A,A+,A+,A,2022
DGB생명보험,813363,-,-,-,B+,2022
DL,000210,A,A,A+,A,2022
DL건설,001880,A,A,A,B+,2022
DL이앤씨,375500,A,A,A,A,2022
DRB동일,004840,C,D,B+,B,2022
DSR,155660,D,D,C,D,2022
DSR제강,069730,C,D,C,B,2022
E1,017940,B+,B+,B+,B+,2022
F&F 홀딩스,007700,B,B,B+,B,2022
GKL,114090,A,B,A,A,2022
GS,078930,A,B+,A+,A,2022
GS건설,006360,A,A,A,A,2022
GS글로벌,001250,B+,C,B+,B+,2022
GS리테일,007070,A,B+,A,A,2022
HDC,012630,C,D,B,C,2022
HDC랩스,039570,D,D,D,D,2022
HDC현대EP,089470,C,C,B,C,2022
HDC현대산업개발,294870,C,D,C,B,2022
HD현대,267250,A,B+,A,A,2022
HJ중공업,097230,B,C,B+,B+,2022
HL D&I,014790,B+,B+,A,B+,2022
HLB,028300,C,C,B,D,2022
HLB생명과학,067630,C,D,B,B,2022
HL글로벌,003580,D,D,C,D,2022
HMM,011200,A,A+,A,B+,2022
HSD엔진,082740,B+,B,A,B+,2022
JB금융지주,175330,A,A,A+,A,2022
JW생명과학,234080,C,C,B+,C,2022
JW중외제약,001060,C,B,B+,D,2022
JW홀딩스,096760,B+,C,B+,B+,2022
JYP Ent.,035900,B,C,A,B,2022
KB금융지주,105560,A+,A+,A+,A+,2022
KB손해보험,002550,-,-,-,A,2022
KB캐피탈,021960,-,-,-,A,2022
KCC건설,021320,D,D,D,D,2022
KCI,036670,C,B,B+,C,2022
KC그린홀딩스,009440,D,D,D,C,2022
KC코트렐,119650,D,D,D,C,2022
KEC,092220,C,C,D,C,2022
KG ETS,151860,D,C,D,D,2022
KG모빌리언스,046440,D,D,D,C,2022
KG스틸,016380,C,B,B+,D,2022
KG이니시스,035600,D,D,C,D,2022
KG케미칼,001390,D,D,D,D,2022
KH 필룩스,033180,D,D,C,D,2022
KH바텍,060720,B+,B,A,B+,2022
KISCO홀딩스,001940,C,C,D,C,2022
KPX케미칼,025000,D,C,C,D,2022
KPX홀딩스,092230,C,D,C,C,2022
KR모터스,000040,D,D,D,D,2022
KSS해운,044450,B+,B+,A,B+,2022
KTcs,058850,A,B+,A,A,2022
KTis,058860,B+,B+,B+,B+,2022
KT서브마린,060370,C,D,D,B+,2022
LF,093050,B,D,B,B+,2022
LG,003550,A,B+,A+,A,2022
LG디스플레이,034220,A,A,A,B+,2022
LG생활건강,051900,A,A,A+,A,2022
LG유플러스,032640,A,A,A,A,2022
LG이노텍,011070,A,A,A+,A,2022
LG전자,066570,A,A,A+,A,2022
LG헬로비전,037560,A,B,A,A,2022
LG화학,051910,B,C,A,B+,2022
LIG넥스원,079550,A,A,A+,A,2022
LS,006260,C,B+,A,C,2022
LS네트웍스,000680,B,C,B+,B,2022
LS전선아시아,229640,C,D,D,B,2022
LX세미콘,108320,A,A,A+,B+,2022
LX인터내셔널,001120,A,B+,A,A,2022
LX하우시스,108670,A,B+,A,A,2022
MH에탄올,023150,C,C,D,B,2022
NAVER,035420,A,A,A,A,2022
NHN한국사이버결제,060250,C,D,B,C,2022
NH농협손해보험,839719,-,-,-,A,2022
NH투자증권,005940,B+,A,A,B+,2022
NICE,034310,B+,C,B+,B+,2022
NICE평가정보,030190,B,B,B+,B,2022
NI스틸,008260,D,D,D,C,2022
OCI,010060,A,B+,A,A,2022
POSCO홀딩스,005490,A,A,A,A+,2022
RFHIC,218410,C,D,D,B,2022
S-Oil,010950,A,B,A+,A+,2022
SBS,034120,C,D,D,B+,2022
SBS콘텐츠허브,046140,C,D,D,B,2022
SFA반도체,036540,D,C,C,D,2022
SGC에너지,005090,B+,B+,A,B+,2022
SGC이테크건설,016250,B,B,B,B,2022
SG글로벌,001380,D,D,D,D,2022
SG세계물산,004060,D,D,D,D,2022
SHD,001770,D,D,D,C,2022
SH에너지화학,002360,C,C,D,B+,2022
SIMPAC,009160,D,D,C,D,2022
SK,034730,A+,A,A,A+,2022
SKC,011790,A,B+,A+,A,2022
SK가스,018670,A,A,A+,A,2022
SK네트웍스,001740,A,A,A+,B+,2022
SK디스커버리,006120,A,A,A+,B+,2022
SK디앤디,210980,A,A,A,A,2022
SK렌터카,068400,B+,A,A,B+,2022
SK바이오사이언스,302440,A,A,A+,A,2022
SK바이오팜,326030,A,B+,A,A,2022
SK이노베이션,096770,A,B+,A+,A+,2022
SK증권,001510,B+,C,B+,B+,2022
SK케미칼,285130,A+,A+,A+,A,2022
SK텔레콤,017670,A,A+,A+,A,2022
SK하이닉스,000660,B+,B+,A,B+,2022
SNT모티브,064960,C,C,D,B,2022
SNT에너지,100840,C,D,C,C,2022
SNT중공업,003570,C,C,C,B,2022
SNT홀딩스,036530,C,C,C,B,2022
SPC삼립,005610,B,C,B+,B,2022
STX,011810,C,D,C,C,2022
STX엔진,077970,C,D,B,D,2022
STX중공업,071970,C,D,B,B,2022
SUN&L,002820,C,D,C,B,2022
TCC스틸,002710,C,C,C,C,2022
TYM,002900,B+,B,B+,B+,2022
WISCOM,024070,C,D,D,B,2022
YG PLUS,037270,D,D,D,D,2022
가온전선,000500,B,C,B+,B+,2022
강남제비스코,000860,C,C,B,B,2022
강원랜드,035250,A,B+,A+,A,2022
갤럭시아에스엠,011420,D,D,D,D,2022
경남은행,192520,-,-,-,A,2022
경농,002100,C,C,D,B,2022
경동나비엔,009450,C,C,B,D,2022
경동도시가스,267290,B,C,B+,B,2022
경동인베스트,012320,C,C,B+,C,2022
경방,000050,D,C,D,D,2022
경보제약,214390,B+,B,A,B+,2022
경인양행,012610,C,B,B+,D,2022
경인전자,009140,D,D,D,D,2022
계룡건설산업,013580,C,B,B,C,2022
계양전기,012200,C,C,B,D,2022
고려산업,002140,D,D,D,D,2022
고려아연,010130,B,B+,A,C,2022
고려제강,002240,D,C,C,D,2022
고영,098460,B,C,B+,B,2022
골프존,215000,B+,B+,A,B,2022
광동제약,009290,C,D,B,B,2022
광명전기,017040,D,D,C,D,2022
광전자,017900,D,D,D,C,2022
광주신세계,037710,B+,B+,A,B+,2022
광주은행,192530,-,-,-,B+,2022
교보생명보험,811097,-,-,-,B+,2022
교보증권,030610,B+,B+,B+,B+,2022
교촌에프앤비,339770,C,D,C,B,2022
국도화학,007690,D,C,D,D,2022
국동,005320,D,D,C,D,2022
국민은행,060000,-,-,-,A,2022
국보,001140,D,D,D,D,2022
국일제지,078130,C,C,C,B,2022
국제약품,002720,C,D,C,B,2022
그린케미칼,083420,D,D,D,D,2022
극동유화,014530,D,D,C,D,2022
금강공업,014280,C,D,D,B,2022
금비,008870,D,D,D,D,2022
금양,001570,D,D,D,C,2022
금호건설,002990,C,C,B+,D,2022
금호석유화학,011780,A,B+,A,A,2022
금호에이치티,214330,D,D,D,D,2022
금호전기,001210,D,D,C,D,2022
금호타이어,073240,B+,B,A,B,2022
기신정기,092440,D,D,D,D,2022
기아,000270,B+,A,A,B,2022
기업은행,024110,A,A+,A+,B+,2022
까뮤이앤씨,013700,C,D,D,B,2022
깨끗한나라,004540,C,C,B,C,2022
나노스,151910,D,D,D,D,2022
나노엔텍,039860,D,D,D,D,2022
나스미디어,089600,B+,B,B,B+,2022
나우IB,293580,D,D,D,C,2022
남광토건,001260,C,D,D,B,2022
남선알미늄,008350,D,D,D,C,2022
남성,004270,D,D,D,D,2022
남양유업,003920,C,B,B+,D,2022
남해화학,025860,C,C,C,C,2022
네오위즈,095660,C,D,C,B,2022
네이처셀,007390,D,D,D,D,2022
네패스,033640,C,C,B+,D,2022
넥센,005720,B+,B+,A,B,2022
넥센타이어,002350,B+,B+,A,B,2022
넵튠,217270,C,D,C,C,2022
넷마블,251270,B,C,B+,B,2022
노루페인트,090350,A,B+,A+,B+,2022
노루홀딩스,000320,A,B+,A+,B+,2022
녹십자,006280,B+,B,A,B,2022
녹십자홀딩스,005250,B+,B,A,B+,2022
농심,004370,C,B,A,D,2022
농심홀딩스,072710,C,B,B+,C,2022
농우바이오,054050,D,D,D,D,2022
농협금융지주,839683,-,-,-,A,2022
농협생명보험,839723,-,-,-,A,2022
농협은행,839742,-,-,-,A,2022
다나와,119860,C,D,C,B,2022
다날,064260,D,D,C,D,2022
다스코,058730,D,D,D,C,2022
다올투자증권,030210,B+,B,B,B+,2022
다우기술,023590,C,B+,A,C,2022
다우데이타,032190,C,D,C,C,2022
다원시스,068240,D,D,C,D,2022
다이나믹디자인,145210,D,D,D,C,2022
대교,019680,B,D,B+,B+,2022
대구백화점,006370,C,D,D,B+,2022
대구은행,005270,-,-,-,B+,2022
대덕,008060,B+,B,A,B,2022
대덕전자,353200,B+,B,A,B+,2022
대동,000490,D,C,C,D,2022
대동전자,008110,C,D,D,B,2022
대림비앤코,005750,D,D,D,C,2022
대림통상,006570,D,D,D,D,2022
대상,001680,B+,A,A+,B,2022
대상홀딩스,084690,B+,A,A+,B,2022
대성산업,128820,D,D,C,D,2022
대성에너지,117580,C,D,B,C,2022
대성홀딩스,016710,C,D,B,C,2022
대신증권,003540,B+,B,B+,B+,2022
대아티아이,045390,C,D,D,B,2022
대양금속,009190,D,D,D,D,2022
대영포장,014160,D,D,D,D,2022
대우건설,047040,B+,B+,B+,B+,2022
대우부품,009320,D,D,D,D,2022
대우조선해양,042660,B+,B,B+,B+,2022
대웅,003090,B+,B,A,B,2022
대웅제약,069620,B+,B,A,B,2022
대원강업,000430,C,C,D,C,2022
대원전선,006340,D,D,D,D,2022
대원제약,003220,B,D,B,B+,2022
대원화성,024890,D,C,C,D,2022
대유에이텍,002880,D,D,C,D,2022
대유플러스,000300,D,D,D,D,2022
대주전자재료,078600,D,D,C,C,2022
대창,012800,D,D,C,D,2022
대창단조,015230,C,C,C,C,2022
대한방직,001070,C,D,D,B,2022
대한유화,006650,C,B,B,D,2022
대한전선,001440,A,B+,A+,B+,2022
대한제강,084010,D,D,D,C,2022
대한제당,001790,D,D,D,C,2022
대한제분,001130,D,C,D,D,2022
대한항공,003490,A,A,A,A,2022
대한해운,005880,C,C,B+,C,2022
대한화섬,003830,C,C,C,B,2022
대현,016090,C,D,D,B+,2022
대호에이엘,069460,D,C,D,D,2022
더블유게임즈,192080,B,D,C,B+,2022
더존비즈온,012510,D,D,C,D,2022
덕산네오룩스,213420,D,D,C,C,2022
덕성,004830,D,D,C,C,2022
덕양산업,024900,D,D,C,D,2022
데브시스터즈,194480,B,D,B,B+,2022
덴티움,145720,D,D,C,D,2022
도화엔지니어링,002150,C,D,C,C,2022
동국제강,001230,B,B+,B,B,2022
동국제약,086450,C,D,B,C,2022
동남합성,023450,C,D,D,B,2022
동방,004140,D,C,C,D,2022
동방아그로,007590,D,D,D,C,2022
동부건설,005960,C,C,B+,C,2022
동서,026960,D,C,C,D,2022
동성제약,002210,C,D,D,B,2022
동성케미컬,102260,B+,B+,A,B,2022
동아쏘시오홀딩스,000640,A,B,A,A,2022
동아에스티,170900,A,B,A,A,2022
동아지질,028100,D,D,D,D,2022
동아타이어,282690,D,D,D,C,2022
동양,001520,D,D,D,C,2022
동양고속,084670,D,D,D,D,2022
동양생명,082640,B,D,B,B+,2022
동양철관,008970,D,D,D,D,2022
동양피스톤,092780,C,D,B,D,2022
동원F&B,049770,B,B,A,C,2022
동원개발,013120,D,D,C,C,2022
동원금속,018500,D,D,D,C,2022
동원산업,006040,C,B,B+,C,2022
동원수산,030720,D,D,D,D,2022
동원시스템즈,014820,C,B,B+,D,2022
동일고무벨트,163560,B,C,B+,B,2022
동일산업,004890,C,C,D,B+,2022
동일제강,002690,D,D,D,C,2022
동진쎄미켐,005290,C,C,B+,D,2022
동화기업,025900,D,C,C,D,2022
동화약품,000020,C,C,B+,C,2022
두산,000150,B+,B+,A,B,2022
두산밥캣,241560,B+,B,A,B+,2022
두산에너빌리티,034020,B,B+,A,C,2022
두산퓨얼셀,336260,B+,B+,A+,B,2022
두올,016740,D,D,C,C,2022
드림어스컴퍼니,060570,C,D,C,B,2022
드림텍,192650,D,D,D,C,2022
디씨엠,024090,C,D,C,B,2022
디아이,003160,D,D,C,D,2022
디아이동일,001530,D,D,C,C,2022
디아이씨,092200,D,D,C,D,2022
디와이,013570,C,D,D,B+,2022
디와이파워,210540,C,D,D,B,2022
디티알오토모티브,007340,C,C,D,B,2022
라이나생명보험,885673,-,-,-,B,2022
락앤락,115390,B,B,B+,B,2022
레고켐바이오,141080,C,D,C,B,2022
로보스타,090360,C,D,C,C,2022
롯데관광개발,032350,D,D,C,D,2022
롯데손해보험,000400,B+,B,B+,B+,2022
롯데쇼핑,023530,A,A,A+,A,2022
롯데정밀화학,004000,A,A,A+,A,2022
롯데정보통신,286940,A,A,A,A,2022
롯데제과,280360,A,B,A,A,2022
롯데지주,004990,A,A,A+,B+,2022
롯데칠성음료,005300,B+,A,A,B,2022
롯데카드,854231,-,-,-,B+,2022
롯데캐피탈,855981,-,-,-,B,2022
롯데케미칼,011170,A,B+,A+,A,2022
롯데하이마트,071840,A,A,A+,A,2022
리노공업,058470,C,D,D,B+,2022
리더스 기술투자,019570,D,D,D,D,2022
마니커,027740,D,D,D,D,2022
만도,204320,A,A,A,B+,2022
만호제강,001080,C,D,C,B+,2022
매일유업,267980,A,A,A,A,2022
멀티캠퍼스,067280,B,D,B,B,2022
메가스터디교육,215200,B,D,B,B,2022
메드팩토,235980,D,D,D,C,2022
메디톡스,086900,D,D,D,C,2022
메리츠금융지주,138040,B,C,C,B+,2022
메리츠증권,008560,B+,C,A,B+,2022
메리츠캐피탈,867865,-,-,-,B,2022
메리츠화재,000060,B,C,B,B+,2022
메이슨캐피탈,021880,D,D,D,D,2022
메지온,140410,D,D,D,D,2022
메타랩스,090370,D,D,D,D,2022
메트라이프생명보험,832969,-,-,-,B,2022
명문제약,017180,D,D,D,C,2022
명신산업,009900,D,D,D,D,2022
모나리자,012690,D,D,C,D,2022
모나미,005360,D,D,D,D,2022
모두투어,080160,C,D,C,B,2022
모토닉,009680,B,C,B,B+,2022
무림P&P,009580,B+,B,A,B+,2022
무림페이퍼,009200,B,B,B+,B,2022
무학,033920,C,D,C,B,2022
문배철강,008420,D,D,D,C,2022
미래산업,025560,D,D,D,D,2022
미래아이앤지,007120,D,D,D,D,2022
미래에셋생명,085620,B+,B,A,B+,2022
미래에셋증권,006800,A,A,A+,B+,2022
미래에셋캐피탈,840265,-,-,-,B+,2022
미원상사,002840,C,C,D,C,2022
미원에스씨,268280,C,C,C,B,2022
미원홀딩스,107590,C,C,C,B,2022
미원화학,134380,C,C,D,C,2022
미창석유공업,003650,C,D,D,B,2022
바이넥스,053030,D,D,D,D,2022
바이오니아,064550,D,D,D,D,2022
바텍,043150,D,D,D,D,2022
박셀바이오,323990,D,D,D,C,2022
방림,003610,D,D,D,C,2022
백광산업,001340,D,C,D,D,2022
백산,035150,D,D,D,D,2022
범양건영,002410,D,D,C,D,2022
벽산,007210,D,C,C,D,2022
보락,002760,D,D,D,D,2022
보령,003850,B+,B+,A,B,2022
보해양조,000890,D,D,D,C,2022
부광약품,003000,C,D,D,B,2022
부국증권,001270,C,D,C,B,2022
부국철강,026940,D,D,D,D,2022
부산산업,011390,C,D,D,B,2022
부산은행,005280,-,-,-,B+,2022
부산주공,005030,D,D,D,D,2022
비덴트,121800,D,D,D,D,2022
비비안,002070,D,D,D,D,2022
비상교육,100220,B,D,B,B,2022
비에이치,090460,C,C,B+,C,2022
비케이탑스,030790,D,D,D,D,2022
빙그레,005180,A,A,A,B+,2022
사람인에이치알,143240,C,D,C,B,2022
사조대림,003960,C,B,B,D,2022
사조동아원,008040,C,C,B+,C,2022
사조산업,007160,C,C,B,D,2022
사조씨푸드,014710,C,D,B,B,2022
사조오양,006090,C,C,B,D,2022
산은캐피탈,008270,-,-,-,B,2022
삼강엠앤티,100090,D,C,C,D,2022
삼부토건,001470,D,D,D,C,2022
삼성SDI,006400,A,A,A+,B+,2022
삼성공조,006660,C,D,C,B,2022
삼성물산,028260,A,A,A,A,2022
삼성바이오로직스,207940,A,A,A+,A,2022
삼성생명,032830,A,A,A+,B+,2022
삼성에스디에스,018260,A,A,A+,A,2022
삼성엔지니어링,028050,A,A,A+,B+,2022
삼성전기,009150,A,A,A+,A,2022
삼성전자,005930,A,A,A+,B+,2022
삼성제약,001360,D,D,D,D,2022
삼성중공업,010140,B+,B+,B+,B+,2022
삼성증권,016360,A,A,A+,B+,2022
삼성출판사,068290,C,D,D,B+,2022
삼성카드,029780,A,A,A+,A,2022
삼성화재해상보험,000810,A,A,A,A,2022
삼아알미늄,006110,C,D,D,B,2022
삼양사,145990,B+,B+,A,B,2022
삼양식품,003230,B+,A,A+,B,2022
삼양통상,002170,C,D,D,B,2022
삼양패키징,272550,B,C,B+,B,2022
삼양홀딩스,000070,B+,B+,A,B,2022
삼영무역,002810,B,D,C,B+,2022
삼영전자공업,005680,C,C,D,C,2022
삼영화학공업,003720,C,C,D,C,2022
삼원강재,023000,C,C,D,C,2022
삼익THK,004380,C,C,C,C,2022
삼익악기,002450,D,C,D,D,2022
삼일씨엔에스,004440,D,D,D,D,2022
삼일제약,000520,D,D,D,C,2022
삼정펄프,009770,D,D,C,D,2022
삼진제약,005500,D,D,D,D,2022
삼천당제약,000250,D,D,D,C,2022
삼천리,004690,C,C,B+,C,2022
삼표시멘트,038500,C,B,B,C,2022
삼호개발,010960,B,C,B+,B,2022
삼화왕관,004450,D,D,D,D,2022
삼화전기,009470,D,D,D,D,2022
삼화전자공업,011230,D,D,D,D,2022
삼화콘덴서공업,001820,D,D,C,D,2022
삼화페인트공업,000390,B,C,B+,B+,2022
상상인,038540,D,D,D,D,2022
상상인증권,001290,D,D,C,D,2022
상신브레이크,041650,D,D,C,C,2022
상아프론테크,089980,C,C,B+,C,2022
새론오토모티브,075180,D,D,C,C,2022
샘표,007540,C,D,C,C,2022
샘표식품,248170,C,D,C,C,2022
서부T&D,006730,D,D,D,C,2022
서연,007860,B+,B,A,B,2022
서연이화,200880,B+,B,A,B+,2022
서울도시가스,017390,C,D,B,C,2022
서울바이오시스,092190,D,D,C,C,2022
서울반도체,046890,B,D,B+,B+,2022
서울보증보험,813002,-,-,-,B,2022
서울식품공업,004410,D,D,D,D,2022
서원,021050,C,C,D,C,2022
서진시스템,178320,D,D,D,D,2022
서흥,008490,B,C,B,B+,2022
선도전기,007610,D,D,D,D,2022
선진,136490,C,C,B+,C,2022
성문전자,014910,D,D,C,D,2022
성보화학,003080,D,D,C,C,2022
성신양회,004980,C,C,B,C,2022
성안,011300,C,D,D,B,2022
성우하이텍,015750,D,D,C,D,2022
성창기업지주,000180,D,D,D,D,2022
세기상사,002420,D,D,D,D,2022
세방,004360,C,C,C,B,2022
세방전지,004490,C,B,C,C,2022
세아베스틸지주,001430,C,C,B,B,2022
세아제강,306200,B+,B,B+,B+,2022
세아제강지주,003030,B,B,B+,B,2022
세아특수강,019440,B+,C,B+,A,2022
세아홀딩스,058650,C,C,B+,C,2022
세우글로벌,013000,D,D,D,D,2022
세원이앤씨,091090,D,D,C,D,2022
세원정공,021820,D,D,C,D,2022
세이브존I&C,067830,C,D,C,C,2022
세종공업,033530,C,D,B,D,2022
세진중공업,075580,D,D,D,C,2022
세하,027970,D,D,C,D,2022
센트랄모텍,308170,B,D,B,B+,2022
센트럴인사이트,012600,D,D,D,D,2022
셀리드,299660,D,D,D,D,2022
셀리버리,268600,C,D,D,B,2022
셀트리온,068270,B,C,B+,B,2022
셀트리온제약,068760,D,D,C,D,2022
셀트리온헬스케어,091990,B,D,B,B,2022
솔루스첨단소재,336370,C,D,C,B,2022
솔브레인,357780,C,C,B+,C,2022
솔브레인홀딩스,036830,C,C,B+,C,2022
송원산업,004430,D,C,C,D,2022
수산중공업,017550,D,D,D,C,2022
스튜디오드래곤,253450,C,C,B,C,2022
시그네틱스,033170,D,C,D,D,2022
시디즈,134790,C,D,C,C,2022
신대양제지,016590,D,D,C,D,2022
신도리코,029530,C,C,D,B+,2022
신라교역,004970,D,D,D,C,2022
신성이엔지,011930,D,D,C,C,2022
신성통상,005390,D,D,D,D,2022
신세계,004170,A,A,A+,B+,2022
신세계I&C,035510,B+,B+,A,B+,2022
신세계건설,034300,B+,B,A,B+,2022
신세계인터내셔날,031430,B+,C,B+,B+,2022
신세계푸드,031440,B,C,B+,B+,2022
신송홀딩스,006880,D,D,D,C,2022
신영와코루,005800,D,D,D,D,2022
신영증권,001720,B+,C,B+,B+,2022
신원,009270,D,D,C,C,2022
신일전자,002700,D,D,D,D,2022
신풍제약,019170,D,D,C,D,2022
신풍제지,002870,D,D,D,C,2022
신한라이프생명보험,828992,-,-,-,A,2022
신한은행,000010,-,-,-,B+,2022
신한지주,055550,A+,A+,A+,A+,2022
신한카드,032710,-,-,-,A,2022
신한캐피탈,811323,-,-,-,B+,2022
신한투자증권,008670,-,-,-,A,2022
신화인터텍,056700,D,D,D,C,2022
신흥,004080,D,D,C,D,2022
심텍,222800,C,C,B,D,2022
쌍방울,102280,D,D,C,D,2022
쌍용씨앤이,003410,B+,B+,B,B+,2022
써니전자,004770,D,D,D,C,2022
쎌마테라퓨틱스,015540,D,D,D,D,2022
씨아이에스,222080,D,D,D,C,2022
씨아이테크,004920,D,D,D,D,2022
씨에스윈드,112610,C,C,B,C,2022
씨젠,096530,C,B,B+,D,2022
아난티,025980,C,C,B,D,2022
아남전자,008700,D,D,C,D,2022
아모레퍼시픽,090430,A,A,A+,A,2022
아모레퍼시픽그룹,002790,A,A,A+,B+,2022
아미코젠,092040,C,C,B+,C,2022
아세아,002030,B+,B,B+,B+,2022
아세아시멘트,183190,C,B,B+,C,2022
아세아제지,002310,C,C,B+,D,2022
아센디오,012170,D,D,D,D,2022
아시아나IDT,267850,C,D,C,C,2022
아시아나항공,020560,B,B+,A,C,2022
아이마켓코리아,122900,C,D,B+,C,2022
아이비케이연금보험,829322,-,-,-,B,2022
아이비케이캐피탈,828519,-,-,-,B+,2022
아이에스동서,010780,B+,B,A,B+,2022
아이에이치큐,003560,D,D,D,D,2022
아이티엠반도체,084850,B,C,B+,B,2022
아주IB투자,027360,B,C,B+,B,2022
아프리카TV,067160,C,C,B+,D,2022
안랩,053800,B+,B+,A,B+,2022
알루코,001780,D,D,C,D,2022
알서포트,131370,D,D,C,D,2022
알테오젠,196170,C,D,C,B+,2022
압타바이오,293780,D,D,D,C,2022
애경산업,018250,A,B+,A+,B+,2022
애경케미칼,161000,B+,B+,A,B+,2022
에넥스,011090,C,D,C,C,2022
에스앤에스텍,101490,C,D,D,B,2022
에스에프에이,056190,C,D,C,B,2022
에스엘,005850,B+,B,B+,B+,2022
에스엠,041510,C,D,B,D,2022
에스엠벡셀,010580,D,D,D,D,2022
에스엠코어,007820,C,D,D,B,2022
에스원,012750,B+,B+,A,B,2022
에스제이엠,123700,D,D,C,C,2022
에스제이엠홀딩스,025530,C,D,C,C,2022
에스티팜,237690,B+,B,B+,A,2022
에쓰씨엔지니어링,023960,D,D,D,D,2022
에어부산,298690,D,C,C,D,2022
에이블씨엔씨,078520,B,D,B,B,2022
에이비엘바이오,298380,C,D,D,B+,2022
에이비엘생명보험,804337,-,-,-,B+,2022
에이스침대,003800,C,D,C,B,2022
에이스테크,088800,D,D,C,C,2022
에이아이에이생명보험,801688,-,-,-,B,2022
에이엔피,015260,D,D,D,D,2022
에이프로젠 MED,007460,D,D,D,D,2022
에이프로젠제약,003060,D,D,D,D,2022
에이플러스에셋,244920,D,D,D,C,2022
에이피티씨,089970,C,D,D,B+,2022
에코마케팅,230360,C,D,D,B,2022
에코프로,086520,C,C,B,D,2022
에코프로비엠,247540,B,C,B+,B,2022
에프에스티,036810,D,D,D,D,2022
엑세스바이오,950130,D,D,D,D,2022
엔씨소프트,036570,A,B+,A,A,2022
엔에이치농협캐피탈,806955,-,-,-,A,2022
엔에이치엔,181710,A,B+,A,A,2022
엔지켐생명과학,183490,D,D,D,D,2022
엔케이,085310,D,D,D,D,2022
엔피씨,004250,D,D,C,D,2022
엘브이엠씨,900140,D,D,D,C,2022
엘비세미콘,061970,D,C,C,D,2022
엘앤씨바이오,290650,C,D,D,B+,2022
엘앤에프,066970,C,D,B,C,2022
엘에스일렉트릭,010120,A,B+,A,A,2022
엠투엔,033310,D,D,D,D,2022
영보화학,014440,D,C,C,D,2022
영원무역,111770,B+,C,B+,B+,2022
영원무역홀딩스,009970,C,C,B+,C,2022
영진약품,003520,B+,B+,B+,B,2022
영풍,000670,B,C,B+,B,2022
영풍정밀,036560,B,C,B,B+,2022
영풍제지,006740,D,C,D,D,2022
영화금속,012280,D,D,D,C,2022
영흥,012160,C,D,D,B,2022
예스코홀딩스,015360,B,C,B,B,2022
오뚜기,007310,C,C,B+,C,2022
오리엔트바이오,002630,D,D,D,D,2022
오리온,271560,A,B+,A,A,2022
오리온홀딩스,001800,A,B+,A,A,2022
오리콤,010470,C,D,C,C,2022
오스코텍,039200,D,D,D,D,2022
오스템임플란트,048260,D,D,D,D,2022
오이솔루션,138080,C,D,D,B,2022
오하임아이엔티,309930,D,D,D,C,2022
와이즈버즈,273060,D,D,D,C,2022
와이지엔터테인먼트,122870,C,C,B+,D,2022
와이투솔루션,011690,D,D,D,C,2022
용평리조트,070960,D,C,D,D,2022
우리금융지주,316140,A,A,A+,B+,2022
우리금융캐피탈,033660,-,-,-,B,2022
우리기술투자,041190,D,D,D,D,2022
우리은행,000030,-,-,-,B+,2022
우리종합금융,010050,B,C,B,B+,2022
우리카드,879070,-,-,-,B+,2022
우성,006980,C,D,C,B,2022
우신시스템,017370,D,D,D,C,2022
우진,105840,C,D,C,B,2022
우진아이엔에스,010400,C,D,D,B,2022
우진플라임,049800,D,D,D,D,2022
웅진,016880,C,C,B+,C,2022
웅진씽크빅,095720,B+,C,B+,B+,2022
원림,005820,D,D,D,C,2022
원익IPS,240810,B,C,B+,B,2022
원익QnC,074600,D,D,C,C,2022
원익머트리얼즈,104830,C,C,B,B,2022
원익홀딩스,030530,C,C,B,D,2022
웰바이오텍,010600,D,D,D,D,2022
웹젠,069080,C,D,C,C,2022
위메이드,112040,C,B,B+,C,2022
윌비스,008600,D,D,D,C,2022
유나이티드,033270,B,C,C,B+,2022
유니드,014830,B,C,B+,B,2022
유니슨,018000,D,D,D,C,2022
유니온,000910,C,C,C,B,2022
유니온머티리얼,047400,D,D,D,C,2022
유니켐,011330,D,D,D,D,2022
유니퀘스트,077500,D,D,D,D,2022
유바이오로직스,206650,D,D,D,D,2022
유성기업,002920,C,C,C,C,2022
유수홀딩스,000700,B+,B,B+,B+,2022
유안타증권,003470,C,D,C,B,2022
유엔젤,072130,D,D,D,D,2022
유유제약,000220,C,D,B,D,2022
유진기업,023410,D,D,C,D,2022
유진증권,001200,B,C,B+,B,2022
유진테크,084370,D,D,C,C,2022
유한양행,000100,B+,B,A,B+,2022
유화증권,003460,D,D,D,C,2022
율촌화학,008730,C,C,C,C,2022
이건산업,008250,D,D,C,D,2022
이구산업,025820,C,C,C,C,2022
이노션,214320,B+,B,A,B+,2022
이녹스첨단소재,272290,C,C,C,C,2022
이니텍,053350,B,C,B+,B,2022
이마트,139480,A,A+,A,B+,2022
이베스트투자증권,078020,C,D,C,B,2022
이수페타시스,007660,C,B,B+,D,2022
이수화학,005950,C,B,B+,D,2022
이스타코,015020,D,D,D,C,2022
이아이디,093230,D,D,D,D,2022
이엔에프테크놀로지,102710,D,D,C,D,2022
이엔플러스,074610,D,D,C,D,2022
이연제약,102460,C,D,D,B+,2022
이오테크닉스,039030,D,D,D,C,2022
이월드,084680,D,D,C,D,2022
이화산업,000760,D,D,D,D,2022
인디에프,014990,D,D,D,C,2022
인바이오젠,101140,D,D,D,D,2022
인선이엔티,060150,D,C,C,D,2022
인스코비,006490,D,D,D,D,2022
인지컨트롤스,023800,D,D,C,D,2022
인천도시가스,034590,C,D,B,B,2022
인크로스,216050,C,D,C,B,2022
인탑스,049070,B,C,B+,B+,2022
인터지스,129260,C,C,B,C,2022
인터파크,035080,C,D,C,B,2022
인터플렉스,051370,D,C,D,D,2022
인트론바이오,048530,C,D,D,B,2022
인팩,023810,C,D,C,B,2022
일동제약,249420,B,C,A+,B,2022
일동홀딩스,000230,B+,C,A+,B+,2022
일성건설,013360,D,D,D,C,2022
일성신약,003120,D,D,D,D,2022
일신방직,003200,D,C,C,D,2022
일신석재,007110,D,D,D,C,2022
일양약품,007570,C,D,C,B+,2022
일정실업,008500,D,D,D,C,2022
일진다이아,081000,D,D,D,C,2022
일진디스플,020760,D,D,D,C,2022
일진머티리얼즈,020150,D,D,D,D,2022
일진전기,103590,D,D,C,D,2022
일진홀딩스,015860,C,D,C,B,2022
잇츠한불,226320,C,D,C,B,2022
자이에스앤디,317400,B,C,B+,B+,2022
자화전자,033240,D,D,C,C,2022
전방,000950,D,C,C,D,2022
전북은행,006350,-,-,-,B+,2022
제넥신,095700,D,D,C,D,2022
제이비우리캐피탈,818905,-,-,-,B+,2022
제이앤티씨,204270,D,D,D,D,2022
제이에스코퍼레이션,194370,C,D,D,B,2022
제이준코스메틱,025620,D,D,D,C,2022
제일기획,030000,A,B+,A,A,2022
제일약품,271980,D,D,D,D,2022
제일연마,001560,C,D,D,B+,2022
제일파마홀딩스,002620,D,D,D,D,2022
제주은행,006220,B+,A,A,B+,2022
제주항공,089590,B,C,B+,B+,2022
젬백스,082270,D,D,D,D,2022
조광페인트,004910,C,C,C,C,2022
조광피혁,004700,C,D,D,B,2022
조비,001550,D,D,D,D,2022
조선내화,000480,D,C,C,D,2022
조선선재,120030,D,D,D,C,2022
조일알미늄,018470,C,C,C,B,2022
조흥,002600,C,C,C,C,2022
종근당,185750,B+,B+,A,B,2022
종근당바이오,063160,B+,B,A,B,2022
종근당홀딩스,001630,B+,B+,A,B,2022
주성엔지니어링,036930,C,C,B,C,2022
주연테크,044380,D,D,D,D,2022
지누스,013890,B+,B,B+,A,2022
지니뮤직,043610,C,C,B,C,2022
지씨셀,144510,B+,B,A,B+,2022
지엠비코리아,013870,D,D,C,D,2022
지역난방공사,071320,A+,A,A+,A+,2022
지투알,035000,B,D,B,B+,2022
진도,088790,D,D,D,C,2022
진양산업,003780,D,D,D,D,2022
진양폴리우레탄,010640,D,D,D,C,2022
진양홀딩스,100250,D,D,D,D,2022
진양화학,051630,D,D,D,C,2022
진에어,272450,B+,B,B+,A,2022
진원생명과학,011000,D,D,D,D,2022
진흥기업,002780,C,D,C,B,2022
차바이오텍,085660,D,D,D,C,2022
참엔지니어링,009310,C,D,C,B,2022
천보,278280,D,D,D,C,2022
천일고속,000650,D,D,D,D,2022
체시스,033250,D,D,D,C,2022
초록뱀헬스케어,118000,D,D,D,D,2022
카카오,035720,A,A,A,A,2022
카카오게임즈,293490,B,D,B+,B,2022
카카오뱅크,323410,-,-,-,B+,2022
카페24,042000,C,D,D,B,2022
카프로,006380,C,C,D,C,2022
컨버즈,109070,D,D,D,C,2022
컴투스,078340,D,C,C,D,2022
케어젠,214370,C,D,D,B+,2022
케이디비생명보험,807958,-,-,-,B,2022
케이뱅크,800172,-,-,-,A,2022
케이비국민카드,861717,-,-,-,A,2022
케이비생명보험,805087,-,-,-,B+,2022
케이비아이동국실업,001620,D,D,D,D,2022
케이비증권,003450,-,-,-,A,2022
케이씨,029460,C,D,B,C,2022
케이씨씨,002380,A,B+,A,A,2022
케이씨씨글라스,344820,B+,B+,A,B+,2022
케이씨텍,281820,C,D,C,B,2022
케이씨티시,009070,D,D,C,D,2022
케이엠더블유,032500,D,D,C,C,2022
케이티,030200,A,A,A,A,2022
케이티스카이라이프,053210,A,B,A+,A,2022
케이티알파,036030,B+,B,B+,B+,2022
케이티앤지,033780,A,A,A+,A,2022
코나아이,052400,D,D,D,D,2022
코리아센터,290510,C,D,C,B,2022
코리아써키트,007810,D,C,D,D,2022
코리아에셋투자증권,190650,C,D,C,C,2022
코리안리,003690,B+,C,B+,B+,2022
코미코,183300,C,C,B,C,2022
코미팜,041960,D,D,D,C,2022
코스맥스,192820,B,B+,A,C,2022
코스맥스비티아이,044820,B+,B+,A,B,2022
코스모신소재,005070,D,C,C,D,2022
코스모화학,005420,D,C,D,D,2022
코아스,071950,C,D,D,B+,2022
코엔텍,029960,D,C,D,D,2022
코오롱,002020,C,C,A,C,2022
코오롱글로벌,003070,C,D,C,B+,2022
코오롱생명과학,102940,C,D,C,B,2022
코오롱인더,120110,B+,B,A,A,2022
코오롱플라스틱,138490,B,C,B,B+,2022
코웨이,021240,B+,A,A,B,2022
코웰패션,033290,D,D,D,D,2022
콘텐트리중앙,036420,D,D,C,D,2022
콜마비앤에이치,200130,B+,B,B+,B+,2022
콤텍시스템,031820,D,D,D,D,2022
쿠쿠홀딩스,192400,C,D,D,B,2022
쿠쿠홈시스,284740,C,D,D,B,2022
큐로,015590,D,D,C,D,2022
큐캐피탈,016600,D,D,D,D,2022
크라운제과,264900,C,C,B,C,2022
크라운해태홀딩스,005740,C,C,B,C,2022
클래시스,214150,B+,C,B+,A,2022
키다리스튜디오,020120,D,D,D,C,2022
키움증권,039490,B,B,C,B,2022
태경비케이,014580,D,C,C,D,2022
태경산업,015890,C,C,C,C,2022
태경케미컬,006890,D,D,C,D,2022
태광산업,003240,D,D,C,C,2022
태림포장,011280,C,C,B+,C,2022
태양금속공업,004100,D,D,D,D,2022
태영건설,009410,B+,B+,B,B+,2022
태원물산,001420,D,D,D,D,2022
태평양물산,007980,C,D,B,D,2022
테스,095610,C,D,B,C,2022
테스나,131970,D,D,C,D,2022
테이팩스,055490,B+,B,A,B,2022
텔코웨어,078000,D,D,D,C,2022
토니모리,214420,C,D,D,B+,2022
톱텍,108230,D,D,C,C,2022
티비에이치글로벌,084870,D,D,D,C,2022
티씨케이,064760,D,D,C,C,2022
티에스이,131290,C,D,C,B,2022
티에이치엔,019180,D,D,C,D,2022
티와이홀딩스,363280,B+,B+,B,B+,2022
티웨이항공,091810,C,D,C,B,2022
티웨이홀딩스,004870,D,D,C,D,2022
티케이지휴켐스,069260,B,B,B+,B,2022
티케이케미칼,104480,D,C,C,D,2022
파라다이스,034230,C,D,C,C,2022
파마리서치,214450,C,D,D,B+,2022
파미셀,005690,D,D,D,D,2022
파크시스템스,140860,D,D,D,C,2022
파트론,091700,D,D,D,C,2022
팜스코,036580,B,B,A,C,2022
팜젠사이언스,004720,D,D,D,D,2022
팬오션,028670,B,A,B+,C,2022
퍼스텍,010820,D,D,D,C,2022
퍼시스,016800,D,D,C,D,2022
펄어비스,263750,B,C,B+,B,2022
페이퍼코리아,001020,D,C,D,D,2022
평화산업,090080,C,D,C,B,2022
평화홀딩스,010770,C,D,D,B+,2022
포스코 ICT,022100,A,B+,A+,B+,2022
포스코스틸리온,058430,A,B+,A+,B+,2022
포스코엠텍,009520,B+,B+,A,B,2022
포스코인터내셔널,047050,A,B+,A+,A,2022
포스코케미칼,003670,B+,B+,A,B,2022
푸르덴셜생명보험,839185,-,-,-,A,2022
푸본현대생명보험,860086,-,-,-,B,2022
풀무원,017810,A,B+,A+,A,2022
풍산,103140,B,C,B+,B+,2022
풍산홀딩스,005810,B,C,B+,B+,2022
플레이그램,009810,D,D,D,D,2022
플레이디,237820,B,D,B,B+,2022
피에스케이,319660,C,D,C,B,2022
피엔티,137400,C,D,C,B,2022
하나금융지주,086790,A,A+,A+,A,2022
하나마이크론,067310,C,C,B,C,2022
하나머티리얼즈,166090,D,D,C,C,2022
하나생명보험,800845,-,-,-,B,2022
하나은행,004940,-,-,-,B+,2022
하나제약,293480,C,D,C,B,2022
하나증권,805992,-,-,-,B+,2022
하나카드,856659,-,-,-,B,2022
하나캐피탈,809337,-,-,-,B+,2022
하나투어,039130,B+,B+,B+,B+,2022
하림,136480,B,C,B,B,2022
하림지주,003380,C,B+,B+,C,2022
하이브,352820,C,D,D,B,2022
하이스틸,071090,C,D,C,B,2022
하이투자증권,814270,-,-,-,B+,2022
하이트론씨스템즈,019490,D,D,D,D,2022
하이트진로,000080,B,B,B+,B,2022
하이트진로홀딩스,000140,B,B,B+,B,2022
한국가스공사,036460,B+,B+,A,B+,2022
한국공항,005430,C,C,B+,C,2022
한국금융지주,071050,B,D,B+,B+,2022
한국내화,010040,C,C,B+,D,2022
한국단자공업,025540,D,D,C,C,2022
한국비엔씨,256840,D,D,D,C,2022
한국석유공업,004090,B,D,B,B+,2022
한국수출포장공업,002200,D,C,D,D,2022
한국쉘석유,002960,C,C,C,B,2022
한국스탠다드차타드은행,000110,-,-,-,A+,2022
한국씨티은행,016830,-,-,-,B,2022
한국앤컴퍼니,000240,B,C,B,B+,2022
한국자산신탁,123890,C,C,D,B,2022
한국전력공사,015760,B,B,B,B+,2022
한국전자홀딩스,006200,D,C,D,D,2022
한국정보인증,053300,C,D,C,C,2022
한국조선해양,009540,B+,B+,A,B+,2022
한국종합기술,023350,C,D,C,B,2022
한국주강,025890,D,D,D,D,2022
한국주철관공업,000970,D,C,C,D,2022
한국철강,104700,C,C,D,B,2022
한국카본,017960,C,B+,A,D,2022
한국캐피탈,023760,D,D,D,C,2022
한국콜마,161890,B+,B+,B+,B+,2022
한국콜마홀딩스,024720,B+,B+,B+,B+,2022
한국타이어앤테크놀로지,161390,B,B,A,C,2022
한국토지신탁,034830,C,D,C,C,2022
한국투자증권,804504,-,-,-,B,2022
한국특강,007280,D,C,C,D,2022
한국프랜지공업,010100,D,D,C,C,2022
한국항공우주,047810,B,B,A,C,2022
한국화장품,123690,C,D,C,C,2022
한국화장품제조,003350,D,D,C,C,2022
한농화성,011500,D,D,D,D,2022
한독,002390,B+,B,A,B+,2022
한라홀딩스,060980,B+,B+,A,B+,2022
한미글로벌,053690,B+,B+,A,B+,2022
한미반도체,042700,C,D,D,B,2022
한미사이언스,008930,B+,B,A+,B,2022
한미약품,128940,B+,B,A+,B,2022
한샘,009240,A,B+,A,A,2022
한섬,020000,B+,A,A,B,2022
한성기업,003680,D,D,D,D,2022
한세실업,105630,C,C,B+,C,2022
한세엠케이,069640,C,C,B,C,2022
한세예스24홀딩스,016450,B+,C,B+,B+,2022
한솔로지스틱스,009180,B+,C,A,B+,2022
한솔제지,213500,B+,B+,A,B+,2022
한솔케미칼,014680,B,C,B+,B+,2022
한솔테크닉스,004710,B+,B,A,B+,2022
한솔피엔에스,010420,B,C,B,B+,2022
한솔홀딩스,004150,A,B+,A,A,2022
한솔홈데코,025750,B,C,B,B+,2022
한신공영,004960,D,D,C,D,2022
한신기계공업,011700,D,D,D,D,2022
한양증권,001750,D,D,D,C,2022
한온시스템,018880,B,B+,A,C,2022
한올바이오파마,009420,C,D,C,C,2022
한익스프레스,014130,D,D,C,D,2022
한일시멘트,300720,C,B+,A,D,2022
한일철강,002220,D,D,D,D,2022
한일현대시멘트,006390,B+,B+,B+,B,2022
한일홀딩스,003300,C,B+,A,D,2022
한전KPS,051600,A,B+,A,A,2022
한전기술,052690,B+,B,B+,B+,2022
한전산업,130660,C,C,B,C,2022
한진,002320,B+,B+,A,B+,2022
한진중공업홀딩스,003480,C,D,D,B+,2022
한진칼,180640,A,A,A,A,2022
한창,005110,D,D,D,D,2022
한창제지,009460,C,C,C,B,2022
한화,000880,A,A,A+,A,2022
한화생명,088350,A,A,A+,B+,2022
한화손해보험,000370,A,A,A,A,2022
한화솔루션,009830,B,A,A,C,2022
한화시스템,272210,A,B+,A+,A,2022
한화에어로스페이스,012450,B+,B+,A,B,2022
한화투자증권,003530,B+,B+,A,B+,2022
해성디에스,195870,B+,B+,A,B+,2022
해태제과식품,101530,C,D,B,C,2022
핸즈코퍼레이션,143210,C,C,B,D,2022
헬릭스미스,084990,D,D,D,D,2022
현대건설,000720,A,A,A,B+,2022
현대건설기계,267270,A,B+,A,A,2022
현대그린푸드,005440,A,A,A,A,2022
현대글로비스,086280,A,A,A+,A,2022
현대두산인프라코어,042670,B+,B+,A,B+,2022
현대로템,064350,A,A,A+,A,2022
현대리바트,079430,A,A,A,A,2022
현대모비스,012330,A,A,A+,B+,2022
현대미포조선,010620,B+,B+,A,B+,2022
현대바이오,048410,D,D,D,C,2022
현대바이오랜드,052260,A,B+,A,A,2022
현대백화점,069960,A,A,A,A,2022
현대비앤지스틸,004560,C,B+,B+,D,2022
현대약품,004310,D,D,C,D,2022
현대에너지솔루션,322000,A,A,A+,B+,2022
현대에버다임,041440,A,B,A,A,2022
현대엘리베이터,017800,B,C,B,B,2022
현대오토에버,307950,B+,B+,A,B+,2022
현대위아,011210,A,A,A,B+,2022
현대이지웰,090850,A,A,A+,B+,2022
현대일렉트릭,267260,B+,B+,A,B+,2022
현대자동차,005380,B+,A,B+,B,2022
현대제철,004020,A,A,A,B+,2022
현대중공업,329180,B+,B+,A,B+,2022
현대차증권,001500,A,B+,A+,B+,2022
현대카드,815419,-,-,-,A,2022
현대캐피탈,836248,-,-,-,A,2022
현대커머셜,888975,-,-,-,A,2022
현대코퍼레이션,011760,B,C,B,B,2022
현대코퍼레이션홀딩스,227840,B,C,B,B+,2022
현대퓨처넷,126560,A,A,A,A,2022
현대해상,001450,B+,A,A,B+,2022
현대홈쇼핑,057050,A,A,A+,A,2022
형지엘리트,093240,D,D,C,D,2022
혜인,003010,D,D,D,D,2022
호전실업,111110,D,D,D,C,2022
호텔신라,008770,A,B+,A,A,2022
