,업종명,종목명,2021_E,2021_S,2021_G,2022_E,2022_S,2022_G,Diff_E,Diff_S,Diff_G,2021_종가,2022_종가,등락률,연도
0,1차 산업,동원산업,2.0,4.0,4.0,3.0,4.0,2.0,1.0,0.0,-2.0,227500,230000,0.0109890109890109,"21,22년"
1,1차 산업,동원수산,1.0,2.0,4.0,1.0,1.0,1.0,0.0,-1.0,-3.0,9490,9450,-0.0042149631190727,"21,22년"
2,1차 산업,사조산업,2.0,3.0,4.0,2.0,3.0,1.0,0.0,0.0,-3.0,47700,41700,-0.1257861635220125,"21,22년"
3,1차 산업,신라교역,1.0,1.0,4.0,1.0,1.0,2.0,0.0,0.0,-2.0,12850,11150,-0.1322957198443579,"21,22년"
4,건설업,DL건설,4.0,5.0,4.0,5.0,5.0,4.0,1.0,0.0,0.0,29450,13150,-0.5534804753820034,"21,22년"
6,건설업,GS건설,5.0,6.0,5.0,5.0,5.0,5.0,0.0,-1.0,0.0,41350,21700,-0.4752116082224909,"21,22년"
7,건설업,HDC현대산업개발,3.0,2.0,4.0,1.0,2.0,3.0,-2.0,0.0,-1.0,25550,10000,-0.6086105675146771,"21,22년"
8,건설업,금호건설,2.0,1.0,2.0,2.0,4.0,1.0,0.0,3.0,-1.0,12050,6050,-0.4979253112033195,"21,22년"
9,건설업,까뮤이앤씨,1.0,2.0,4.0,1.0,1.0,3.0,0.0,-1.0,-1.0,2905,1700,-0.414802065404475,"21,22년"
10,건설업,남광토건,1.0,2.0,3.0,1.0,1.0,3.0,0.0,-1.0,0.0,15200,8450,-0.4440789473684211,"21,22년"
11,건설업,대우건설,4.0,5.0,5.0,4.0,4.0,4.0,0.0,-1.0,-1.0,6250,4205,-0.3272,"21,22년"
12,건설업,동부건설,2.0,1.0,4.0,2.0,4.0,2.0,0.0,3.0,-2.0,15050,6810,-0.5475083056478405,"21,22년"
13,건설업,동아지질,1.0,1.0,3.0,1.0,1.0,1.0,0.0,0.0,-2.0,18450,13200,-0.2845528455284553,"21,22년"
14,건설업,범양건영,2.0,6.0,4.0,1.0,2.0,1.0,-1.0,-4.0,-3.0,7690,3170,-0.58777633289987,"21,22년"
15,건설업,삼부토건,2.0,1.0,4.0,1.0,1.0,2.0,-1.0,0.0,-2.0,2080,1365,-0.34375,"21,22년"
16,건설업,삼호개발,1.0,1.0,3.0,2.0,4.0,3.0,1.0,3.0,0.0,5090,3880,-0.2377210216110019,"21,22년"
17,건설업,신세계건설,2.0,5.0,5.0,3.0,5.0,4.0,1.0,0.0,-1.0,38100,16300,-0.5721784776902887,"21,22년"
18,건설업,에쓰씨엔지니어링,2.0,2.0,3.0,1.0,1.0,1.0,-1.0,-1.0,-2.0,3830,1885,-0.5078328981723238,"21,22년"
19,건설업,우진아이엔에스,2.0,2.0,4.0,1.0,1.0,3.0,-1.0,-1.0,-1.0,7900,5450,-0.310126582278481,"21,22년"
20,건설업,일성건설,3.0,2.0,4.0,1.0,1.0,2.0,-2.0,-1.0,-2.0,6120,2285,-0.6266339869281046,"21,22년"
21,건설업,진흥기업,2.0,2.0,4.0,1.0,2.0,3.0,-1.0,0.0,-1.0,2100,1230,-0.4142857142857143,"21,22년"
22,건설업,코오롱글로벌,2.0,3.0,4.0,1.0,2.0,4.0,-1.0,-1.0,0.0,26000,13400,-0.4846153846153846,"21,22년"
23,건설업,태영건설,5.0,3.0,4.0,4.0,3.0,4.0,-1.0,0.0,0.0,11100,4200,-0.6216216216216216,"21,22년"
24,건설업,한신공영,2.0,2.0,3.0,1.0,2.0,1.0,-1.0,0.0,-2.0,19050,8820,-0.537007874015748,"21,22년"
25,건설업,한전KPS,3.0,3.0,4.0,4.0,5.0,5.0,1.0,2.0,1.0,41850,31900,-0.2377538829151732,"21,22년"
26,건설업,현대건설,5.0,5.0,5.0,5.0,5.0,4.0,0.0,0.0,-1.0,50300,34900,-0.3061630218687873,"21,22년"
27,금융 및 보험업,AK홀딩스,3.0,4.0,4.0,3.0,5.0,3.0,0.0,1.0,-1.0,26500,11300,-0.5735849056603773,"21,22년"
28,금융 및 보험업,BGF,5.0,6.0,5.0,5.0,6.0,3.0,0.0,0.0,-2.0,5540,3265,-0.4106498194945848,"21,22년"
29,금융 및 보험업,BNK금융지주,5.0,6.0,6.0,5.0,5.0,5.0,0.0,-1.0,-1.0,8800,6410,-0.2715909090909091,"21,22년"
30,금융 및 보험업,CJ,4.0,6.0,5.0,4.0,5.0,4.0,0.0,-1.0,-1.0,95800,71800,-0.2505219206680584,"21,22년"
31,금융 및 보험업,CS홀딩스,1.0,2.0,4.0,1.0,1.0,3.0,0.0,-1.0,-1.0,64900,55400,-0.1463790446841294,"21,22년"
32,금융 및 보험업,DB금융투자,1.0,4.0,3.0,2.0,3.0,3.0,1.0,-1.0,0.0,7060,4025,-0.4298866855524079,"21,22년"
33,금융 및 보험업,DB손해보험,5.0,6.0,4.0,4.0,5.0,4.0,-1.0,-1.0,0.0,59200,56300,-0.0489864864864864,"21,22년"
34,금융 및 보험업,DGB금융지주,5.0,6.0,6.0,6.0,6.0,5.0,1.0,0.0,-1.0,10350,6790,-0.3439613526570048,"21,22년"
35,금융 및 보험업,DL,6.0,6.0,4.0,5.0,6.0,5.0,-1.0,0.0,1.0,65700,61500,-0.0639269406392694,"21,22년"
36,금융 및 보험업,GS,5.0,5.0,5.0,4.0,6.0,5.0,-1.0,1.0,0.0,42250,46000,0.0887573964497041,"21,22년"
37,금융 및 보험업,HDC,3.0,4.0,5.0,1.0,3.0,2.0,-2.0,-1.0,-3.0,10550,5460,-0.4824644549763033,"21,22년"
38,금융 및 보험업,JB금융지주,5.0,6.0,6.0,5.0,6.0,5.0,0.0,0.0,-1.0,8870,7180,-0.1905298759864712,"21,22년"
39,금융 및 보험업,JW홀딩스,1.0,4.0,4.0,2.0,4.0,4.0,1.0,0.0,0.0,3910,2810,-0.2813299232736573,"21,22년"
40,금융 및 보험업,KC그린홀딩스,1.0,2.0,4.0,1.0,1.0,2.0,0.0,-1.0,-2.0,5130,2490,-0.5146198830409356,"21,22년"
41,금융 및 보험업,LG,5.0,6.0,5.0,4.0,6.0,5.0,-1.0,0.0,0.0,91200,79200,-0.131578947368421,"21,22년"
42,금융 및 보험업,LS,4.0,6.0,4.0,4.0,5.0,2.0,0.0,-1.0,-2.0,62600,66500,0.0623003194888178,"21,22년"
43,금융 및 보험업,LS전선아시아,1.0,2.0,4.0,1.0,1.0,3.0,0.0,-1.0,-1.0,8370,7540,-0.0991636798088411,"21,22년"
44,금융 및 보험업,NH투자증권,5.0,6.0,5.0,5.0,5.0,4.0,0.0,-1.0,-1.0,13150,8970,-0.3178707224334601,"21,22년"
45,금융 및 보험업,SK,6.0,6.0,6.0,5.0,5.0,6.0,-1.0,-1.0,0.0,243000,214000,-0.1193415637860082,"21,22년"
46,금융 및 보험업,SK디스커버리,5.0,6.0,5.0,5.0,6.0,4.0,0.0,0.0,-1.0,47700,29700,-0.3773584905660377,"21,22년"
47,금융 및 보험업,SK증권,2.0,5.0,4.0,2.0,4.0,4.0,0.0,-1.0,0.0,981,656,-0.3312945973496432,"21,22년"
48,금융 및 보험업,SNT홀딩스,3.0,3.0,4.0,2.0,2.0,3.0,-1.0,-1.0,-1.0,17750,14300,-0.1943661971830985,"21,22년"
50,금융 및 보험업,교보증권,1.0,4.0,3.0,4.0,4.0,4.0,3.0,0.0,1.0,8790,5220,-0.4061433447098976,"21,22년"
51,금융 및 보험업,기업은행,5.0,6.0,5.0,6.0,6.0,4.0,1.0,0.0,-1.0,11050,10450,-0.0542986425339366,"21,22년"
52,금융 및 보험업,노루홀딩스,5.0,6.0,4.0,4.0,6.0,4.0,-1.0,0.0,0.0,12200,9950,-0.1844262295081967,"21,22년"
53,금융 및 보험업,농심홀딩스,3.0,5.0,4.0,3.0,4.0,2.0,0.0,-1.0,-2.0,77400,61300,-0.2080103359173126,"21,22년"
54,금융 및 보험업,대덕,4.0,5.0,5.0,3.0,5.0,3.0,-1.0,0.0,-2.0,7330,6030,-0.1773533424283765,"21,22년"
55,금융 및 보험업,대상홀딩스,5.0,6.0,4.0,5.0,6.0,3.0,0.0,0.0,-1.0,10000,7080,-0.292,"21,22년"
56,금융 및 보험업,대신증권,3.0,6.0,5.0,3.0,4.0,4.0,0.0,-2.0,-1.0,20800,13950,-0.3293269230769231,"21,22년"
57,금융 및 보험업,동아쏘시오홀딩스,4.0,6.0,5.0,3.0,5.0,5.0,-1.0,-1.0,0.0,105500,102000,-0.0331753554502369,"21,22년"
58,금융 및 보험업,동양생명,2.0,5.0,4.0,1.0,3.0,4.0,-1.0,-2.0,0.0,6850,5120,-0.2525547445255474,"21,22년"
59,금융 및 보험업,두산,5.0,6.0,4.0,4.0,5.0,3.0,-1.0,-1.0,-1.0,103000,77400,-0.2485436893203883,"21,22년"
60,금융 및 보험업,디와이,2.0,2.0,4.0,1.0,1.0,4.0,-1.0,-1.0,0.0,5480,5440,-0.0072992700729927,"21,22년"
61,금융 및 보험업,롯데손해보험,3.0,6.0,5.0,3.0,4.0,4.0,0.0,-2.0,-1.0,1840,1480,-0.1956521739130435,"21,22년"
62,금융 및 보험업,롯데지주,4.0,6.0,5.0,5.0,6.0,4.0,1.0,0.0,-1.0,32700,32600,-0.0030581039755351,"21,22년"
63,금융 및 보험업,메리츠금융지주,1.0,4.0,5.0,2.0,2.0,4.0,1.0,-2.0,-1.0,33250,21700,-0.3473684210526316,"21,22년"
64,금융 및 보험업,메리츠증권,2.0,5.0,4.0,2.0,5.0,4.0,0.0,0.0,0.0,4660,3700,-0.2060085836909871,"21,22년"
65,금융 및 보험업,메리츠화재,1.0,4.0,4.0,2.0,3.0,4.0,1.0,-1.0,0.0,27700,31450,0.1353790613718411,"21,22년"
66,금융 및 보험업,미래에셋생명,2.0,6.0,4.0,3.0,5.0,4.0,1.0,-1.0,0.0,4275,2650,-0.3801169590643274,"21,22년"
67,금융 및 보험업,미래에셋증권,3.0,2.0,3.0,5.0,6.0,4.0,2.0,4.0,1.0,8680,6350,-0.2684331797235023,"21,22년"
68,금융 및 보험업,미원홀딩스,4.0,5.0,5.0,2.0,2.0,3.0,-2.0,-3.0,-2.0,139000,115000,-0.1726618705035971,"21,22년"
69,금융 및 보험업,부국증권,1.0,3.0,2.0,1.0,2.0,3.0,0.0,-1.0,1.0,24650,18050,-0.2677484787018255,"21,22년"
70,금융 및 보험업,삼성생명,5.0,6.0,4.0,5.0,6.0,4.0,0.0,0.0,0.0,67300,67400,0.0014858841010401,"21,22년"
71,금융 및 보험업,삼성증권,5.0,6.0,4.0,5.0,6.0,4.0,0.0,0.0,0.0,47350,31750,-0.3294614572333685,"21,22년"
72,금융 및 보험업,삼성카드,6.0,6.0,5.0,5.0,6.0,5.0,-1.0,0.0,0.0,34250,30900,-0.0978102189781021,"21,22년"
73,금융 및 보험업,삼양홀딩스,5.0,5.0,3.0,4.0,5.0,3.0,-1.0,0.0,0.0,103000,61900,-0.3990291262135922,"21,22년"
74,금융 및 보험업,상상인증권,1.0,3.0,1.0,1.0,2.0,1.0,0.0,-1.0,0.0,1250,824,-0.3408,"21,22년"
75,금융 및 보험업,샘표,3.0,4.0,3.0,1.0,2.0,2.0,-2.0,-2.0,-1.0,44000,49850,0.1329545454545454,"21,22년"
76,금융 및 보험업,서연,4.0,5.0,4.0,3.0,5.0,3.0,-1.0,0.0,-1.0,15650,5220,-0.6664536741214058,"21,22년"
77,금융 및 보험업,세아제강지주,4.0,4.0,4.0,3.0,4.0,3.0,-1.0,0.0,-1.0,125500,135500,0.0796812749003984,"21,22년"
78,금융 및 보험업,신영증권,1.0,2.0,4.0,2.0,4.0,4.0,1.0,2.0,0.0,62700,55300,-0.1180223285486443,"21,22년"
79,금융 및 보험업,신한지주,6.0,6.0,6.0,6.0,6.0,6.0,0.0,0.0,0.0,38250,36300,-0.0509803921568627,"21,22년"
80,금융 및 보험업,에이플러스에셋,,,,1.0,1.0,2.0,,,,10450,5480,-0.4755980861244019,"21,22년"
81,금융 및 보험업,영원무역홀딩스,4.0,4.0,5.0,2.0,4.0,2.0,-2.0,0.0,-3.0,47000,54100,0.151063829787234,"21,22년"
82,금융 및 보험업,오리온홀딩스,5.0,5.0,5.0,4.0,5.0,5.0,-1.0,0.0,0.0,16000,14300,-0.10625,"21,22년"
83,금융 및 보험업,우리금융지주,6.0,6.0,5.0,5.0,6.0,4.0,-1.0,0.0,-1.0,13250,11750,-0.1132075471698113,"21,22년"
84,금융 및 보험업,유안타증권,1.0,2.0,3.0,1.0,2.0,3.0,0.0,0.0,0.0,4490,2405,-0.4643652561247216,"21,22년"
85,금융 및 보험업,유화증권,1.0,2.0,2.0,1.0,1.0,2.0,0.0,-1.0,0.0,2770,2285,-0.1750902527075812,"21,22년"
86,금융 및 보험업,일진홀딩스,2.0,2.0,3.0,1.0,2.0,3.0,-1.0,0.0,0.0,6680,4015,-0.3989520958083832,"21,22년"
87,금융 및 보험업,제주은행,3.0,6.0,5.0,5.0,5.0,4.0,2.0,-1.0,-1.0,6300,7650,0.2142857142857142,"21,22년"
89,금융 및 보험업,코리안리,3.0,4.0,5.0,2.0,4.0,4.0,-1.0,0.0,-1.0,9660,7350,-0.2391304347826087,"21,22년"
90,금융 및 보험업,코스맥스비티아이,5.0,5.0,4.0,4.0,5.0,3.0,-1.0,0.0,-1.0,17450,7640,-0.5621776504297994,"21,22년"
91,금융 및 보험업,코오롱,3.0,4.0,3.0,2.0,5.0,2.0,-1.0,1.0,-1.0,35300,22600,-0.3597733711048159,"21,22년"
92,금융 및 보험업,쿠쿠홀딩스,1.0,2.0,4.0,1.0,1.0,3.0,0.0,-1.0,-1.0,22500,16250,-0.2777777777777778,"21,22년"
93,금융 및 보험업,크라운해태홀딩스,2.0,4.0,3.0,2.0,3.0,2.0,0.0,-1.0,-1.0,8870,6090,-0.3134160090191657,"21,22년"
94,금융 및 보험업,키움증권,2.0,5.0,3.0,3.0,2.0,3.0,1.0,-3.0,0.0,105000,80800,-0.2304761904761904,"21,22년"
95,금융 및 보험업,티와이홀딩스,,,,4.0,3.0,4.0,,,,27150,10550,-0.6114180478821363,"21,22년"
96,금융 및 보험업,풍산홀딩스,1.0,5.0,4.0,2.0,4.0,4.0,1.0,-1.0,0.0,28500,25500,-0.1052631578947368,"21,22년"
97,금융 및 보험업,하나금융지주,5.0,6.0,5.0,6.0,6.0,5.0,1.0,0.0,0.0,45000,41250,-0.0833333333333333,"21,22년"
98,금융 및 보험업,하이트진로홀딩스,4.0,5.0,3.0,3.0,4.0,3.0,-1.0,-1.0,0.0,14850,10100,-0.3198653198653198,"21,22년"
99,금융 및 보험업,한국금융지주,2.0,5.0,4.0,1.0,4.0,4.0,-1.0,-1.0,0.0,87000,49550,-0.4304597701149425,"21,22년"
100,금융 및 보험업,한국앤컴퍼니,4.0,6.0,4.0,2.0,3.0,4.0,-2.0,-3.0,0.0,16700,12850,-0.2305389221556886,"21,22년"
101,금융 및 보험업,한국자산신탁,2.0,4.0,2.0,2.0,1.0,3.0,0.0,-3.0,1.0,4410,2900,-0.3424036281179138,"21,22년"
102,금융 및 보험업,한국전자홀딩스,3.0,4.0,3.0,2.0,1.0,1.0,-1.0,-3.0,-2.0,1635,1200,-0.2660550458715596,"21,22년"
103,금융 및 보험업,한국콜마홀딩스,3.0,4.0,5.0,4.0,4.0,4.0,1.0,0.0,-1.0,23050,13800,-0.4013015184381778,"21,22년"
104,금융 및 보험업,한국토지신탁,1.0,2.0,2.0,1.0,2.0,2.0,0.0,0.0,0.0,2340,1365,-0.4166666666666667,"21,22년"
105,금융 및 보험업,한미사이언스,4.0,6.0,5.0,3.0,6.0,3.0,-1.0,0.0,-2.0,57000,32050,-0.437719298245614,"21,22년"
106,금융 및 보험업,한솔홀딩스,4.0,5.0,5.0,4.0,5.0,5.0,0.0,0.0,0.0,3790,3160,-0.1662269129287599,"21,22년"
107,금융 및 보험업,한양증권,1.0,4.0,2.0,1.0,1.0,2.0,0.0,-3.0,0.0,17800,8680,-0.5123595505617977,"21,22년"
108,금융 및 보험업,한화생명,6.0,6.0,4.0,5.0,6.0,4.0,-1.0,0.0,0.0,3475,2185,-0.3712230215827338,"21,22년"
109,금융 및 보험업,한화손해보험,5.0,6.0,4.0,5.0,5.0,5.0,0.0,-1.0,1.0,4515,3680,-0.1849390919158361,"21,22년"
110,금융 및 보험업,한화투자증권,4.0,5.0,4.0,4.0,5.0,4.0,0.0,0.0,0.0,5540,2460,-0.555956678700361,"21,22년"
111,금융 및 보험업,현대차증권,4.0,6.0,5.0,4.0,6.0,4.0,0.0,0.0,-1.0,12650,9220,-0.2711462450592885,"21,22년"
112,금융 및 보험업,현대해상,5.0,6.0,5.0,5.0,5.0,4.0,0.0,-1.0,-1.0,26250,33300,0.2685714285714285,"21,22년"
113,서비스업,AJ네트웍스,1.0,3.0,3.0,2.0,4.0,4.0,1.0,1.0,1.0,5590,5870,0.0500894454382826,"21,22년"
114,서비스업,CJ CGV,3.0,6.0,4.0,3.0,4.0,4.0,0.0,-2.0,0.0,31950,13500,-0.5774647887323944,"21,22년"
115,서비스업,DB,1.0,4.0,4.0,1.0,3.0,4.0,0.0,-1.0,0.0,1020,754,-0.2607843137254902,"21,22년"
116,서비스업,GKL,4.0,4.0,4.0,3.0,5.0,5.0,-1.0,1.0,1.0,16350,14200,-0.1314984709480122,"21,22년"
117,서비스업,KTcs,4.0,5.0,5.0,4.0,5.0,5.0,0.0,0.0,0.0,2670,2160,-0.1910112359550561,"21,22년"
118,서비스업,KTis,4.0,6.0,5.0,4.0,4.0,4.0,0.0,-2.0,-1.0,2540,2450,-0.0354330708661417,"21,22년"
119,서비스업,LG헬로비전,2.0,5.0,5.0,3.0,5.0,5.0,1.0,0.0,0.0,6910,4545,-0.3422575976845152,"21,22년"
120,서비스업,NAVER,5.0,5.0,6.0,5.0,5.0,5.0,0.0,0.0,-1.0,407000,169500,-0.5835380835380836,"21,22년"
121,서비스업,NICE,3.0,5.0,4.0,2.0,4.0,4.0,-1.0,-1.0,0.0,16900,12350,-0.2692307692307692,"21,22년"
122,서비스업,SBS,1.0,4.0,4.0,1.0,1.0,4.0,0.0,-3.0,0.0,54100,28450,-0.4741219963031423,"21,22년"
123,서비스업,SK디앤디,5.0,6.0,5.0,5.0,5.0,5.0,0.0,-1.0,0.0,31550,20600,-0.347068145800317,"21,22년"
124,서비스업,SK렌터카,4.0,6.0,4.0,5.0,5.0,4.0,1.0,-1.0,0.0,12100,6510,-0.4619834710743801,"21,22년"
125,서비스업,YG PLUS,1.0,2.0,3.0,1.0,1.0,1.0,0.0,-1.0,-2.0,7630,4000,-0.4757536041939711,"21,22년"
126,서비스업,강원랜드,4.0,5.0,5.0,4.0,6.0,5.0,0.0,1.0,0.0,27800,23000,-0.1726618705035971,"21,22년"
127,서비스업,갤럭시아에스엠,1.0,1.0,3.0,1.0,1.0,1.0,0.0,0.0,-2.0,2415,1825,-0.2443064182194617,"21,22년"
128,서비스업,넷마블,1.0,4.0,5.0,2.0,4.0,3.0,1.0,0.0,-2.0,123500,44600,-0.6388663967611335,"21,22년"
129,서비스업,녹십자홀딩스,4.0,4.0,4.0,3.0,5.0,4.0,-1.0,1.0,0.0,29300,17350,-0.4078498293515358,"21,22년"
130,서비스업,다우기술,3.0,5.0,4.0,4.0,5.0,2.0,1.0,0.0,-2.0,23300,18100,-0.223175965665236,"21,22년"
131,서비스업,대교,1.0,4.0,5.0,1.0,4.0,4.0,0.0,0.0,-1.0,4335,2295,-0.4705882352941176,"21,22년"
133,서비스업,더블유게임즈,1.0,4.0,4.0,1.0,2.0,4.0,0.0,-2.0,0.0,64200,47950,-0.2531152647975078,"21,22년"
134,서비스업,더존비즈온,2.0,3.0,3.0,1.0,2.0,1.0,-1.0,-1.0,-2.0,81300,30500,-0.6248462484624846,"21,22년"
135,서비스업,도화엔지니어링,3.0,3.0,4.0,1.0,2.0,2.0,-2.0,-1.0,-2.0,7910,8970,0.1340075853350189,"21,22년"
136,서비스업,동성케미컬,3.0,4.0,4.0,4.0,5.0,3.0,1.0,1.0,-1.0,5790,4415,-0.2374784110535406,"21,22년"
137,서비스업,롯데관광개발,1.0,3.0,3.0,1.0,2.0,1.0,0.0,-1.0,-2.0,20200,9030,-0.552970297029703,"21,22년"
138,서비스업,롯데정보통신,5.0,5.0,5.0,5.0,5.0,5.0,0.0,0.0,0.0,38250,23350,-0.3895424836601307,"21,22년"
139,서비스업,미래아이앤지,1.0,2.0,2.0,1.0,1.0,1.0,0.0,-1.0,-1.0,540,302,-0.4407407407407407,"21,22년"
140,서비스업,비상교육,1.0,4.0,4.0,1.0,3.0,3.0,0.0,-1.0,-1.0,8450,5860,-0.3065088757396449,"21,22년"
142,서비스업,삼성에스디에스,5.0,6.0,5.0,5.0,6.0,5.0,0.0,0.0,0.0,153000,125000,-0.1830065359477124,"21,22년"
143,서비스업,삼성엔지니어링,5.0,6.0,5.0,5.0,6.0,4.0,0.0,0.0,-1.0,24800,23850,-0.0383064516129032,"21,22년"
144,서비스업,삼성출판사,1.0,1.0,4.0,1.0,1.0,4.0,0.0,0.0,0.0,34350,24850,-0.2765647743813683,"21,22년"
145,서비스업,성창기업지주,1.0,2.0,2.0,1.0,1.0,1.0,0.0,-1.0,-1.0,2545,1860,-0.2691552062868369,"21,22년"
146,서비스업,신세계푸드,4.0,5.0,5.0,2.0,4.0,4.0,-2.0,-1.0,-1.0,90400,47900,-0.4701327433628318,"21,22년"
147,서비스업,쎌마테라퓨틱스,1.0,2.0,1.0,1.0,1.0,1.0,0.0,-1.0,0.0,6410,6410,0.0,"21,22년"
148,서비스업,아세아,3.0,4.0,4.0,3.0,4.0,4.0,0.0,0.0,0.0,124500,109000,-0.1244979919678714,"21,22년"
150,서비스업,아시아나IDT,3.0,2.0,1.0,1.0,2.0,2.0,-2.0,0.0,1.0,20300,10650,-0.4753694581280788,"21,22년"
151,서비스업,에스원,3.0,5.0,5.0,4.0,5.0,3.0,1.0,0.0,-2.0,83300,62400,-0.2509003601440576,"21,22년"
152,서비스업,엔씨소프트,4.0,5.0,5.0,4.0,5.0,5.0,0.0,0.0,0.0,627000,390000,-0.3779904306220095,"21,22년"
153,서비스업,예스코홀딩스,3.0,4.0,4.0,2.0,3.0,3.0,-1.0,-1.0,-1.0,38100,31650,-0.1692913385826771,"21,22년"
154,서비스업,용평리조트,2.0,2.0,3.0,2.0,1.0,1.0,0.0,-1.0,-2.0,6300,3040,-0.5174603174603175,"21,22년"
155,서비스업,웅진,1.0,4.0,4.0,2.0,4.0,2.0,1.0,0.0,-2.0,2415,1130,-0.5320910973084886,"21,22년"
156,서비스업,웅진씽크빅,3.0,5.0,4.0,2.0,4.0,4.0,-1.0,-1.0,0.0,3345,2280,-0.3183856502242152,"21,22년"
157,서비스업,유수홀딩스,1.0,3.0,5.0,3.0,4.0,4.0,2.0,1.0,-1.0,5970,6900,0.1557788944723618,"21,22년"
158,서비스업,유엔젤,1.0,2.0,3.0,1.0,1.0,1.0,0.0,-1.0,-2.0,5580,2890,-0.482078853046595,"21,22년"
159,서비스업,이노션,4.0,5.0,5.0,3.0,5.0,4.0,-1.0,0.0,-1.0,58800,40150,-0.3171768707482993,"21,22년"
160,서비스업,이스타코,1.0,2.0,3.0,1.0,1.0,2.0,0.0,-1.0,-1.0,3280,1020,-0.6890243902439024,"21,22년"
161,서비스업,자이에스앤디,2.0,3.0,4.0,2.0,4.0,4.0,0.0,1.0,0.0,9540,6100,-0.360587002096436,"21,22년"
162,서비스업,제일기획,2.0,5.0,4.0,4.0,5.0,5.0,2.0,0.0,1.0,23850,24450,0.0251572327044025,"21,22년"
163,서비스업,제일파마홀딩스,1.0,3.0,3.0,1.0,1.0,1.0,0.0,-2.0,-2.0,17400,9470,-0.4557471264367816,"21,22년"
164,서비스업,지투알,1.0,3.0,3.0,1.0,3.0,4.0,0.0,0.0,1.0,6320,5870,-0.0712025316455696,"21,22년"
165,서비스업,카카오,5.0,6.0,5.0,5.0,5.0,5.0,0.0,-1.0,0.0,125500,50700,-0.5960159362549801,"21,22년"
166,서비스업,코웨이,5.0,6.0,4.0,5.0,5.0,3.0,0.0,-1.0,-1.0,79400,55300,-0.3035264483627204,"21,22년"
167,서비스업,콤텍시스템,1.0,3.0,2.0,1.0,1.0,1.0,0.0,-2.0,-1.0,930,626,-0.3268817204301075,"21,22년"
168,서비스업,쿠쿠홈시스,1.0,2.0,4.0,1.0,1.0,3.0,0.0,-1.0,-1.0,43500,28700,-0.3402298850574712,"21,22년"
169,서비스업,키다리스튜디오,1.0,3.0,3.0,1.0,1.0,2.0,0.0,-2.0,-1.0,17250,6250,-0.6376811594202898,"21,22년"
170,서비스업,텔코웨어,1.0,2.0,3.0,1.0,1.0,2.0,0.0,-1.0,-1.0,11200,8650,-0.2276785714285714,"21,22년"
171,서비스업,하나투어,3.0,5.0,4.0,4.0,4.0,4.0,1.0,-1.0,0.0,83700,49850,-0.4044205495818399,"21,22년"
172,서비스업,하이브,,,,1.0,1.0,3.0,,,,335000,121000,-0.6388059701492538,"21,22년"
173,서비스업,한국종합기술,3.0,2.0,4.0,1.0,2.0,3.0,-2.0,0.0,-1.0,7420,6980,-0.059299191374663,"21,22년"
175,서비스업,한전기술,3.0,4.0,4.0,3.0,4.0,4.0,0.0,0.0,0.0,70900,49650,-0.2997179125528914,"21,22년"
176,서비스업,한전산업,3.0,4.0,4.0,2.0,3.0,2.0,-1.0,-1.0,-2.0,16700,8010,-0.5203592814371257,"21,22년"
177,서비스업,현대오토에버,5.0,6.0,5.0,4.0,5.0,4.0,-1.0,-1.0,-1.0,116500,118500,0.0171673819742489,"21,22년"
178,에너지업,SGC에너지,4.0,5.0,4.0,4.0,5.0,4.0,0.0,0.0,0.0,48400,31400,-0.3512396694214876,"21,22년"
179,에너지업,경동도시가스,4.0,5.0,5.0,2.0,4.0,3.0,-2.0,-1.0,-2.0,23550,23400,-0.0063694267515923,"21,22년"
180,에너지업,대성에너지,3.0,3.0,3.0,1.0,3.0,2.0,-2.0,0.0,-1.0,9600,11000,0.1458333333333333,"21,22년"
182,에너지업,인천도시가스,1.0,2.0,3.0,1.0,3.0,3.0,0.0,1.0,0.0,28500,27750,-0.0263157894736842,"21,22년"
183,에너지업,지역난방공사,4.0,6.0,5.0,5.0,6.0,6.0,1.0,0.0,1.0,41300,26150,-0.3668280871670702,"21,22년"
184,에너지업,한국가스공사,4.0,5.0,4.0,4.0,5.0,4.0,0.0,0.0,0.0,44300,34800,-0.2144469525959368,"21,22년"
185,에너지업,한진중공업홀딩스,1.0,2.0,4.0,1.0,1.0,4.0,0.0,-1.0,0.0,4540,3780,-0.1674008810572687,"21,22년"
186,운수 및 창고업,BGF리테일,5.0,6.0,5.0,5.0,6.0,5.0,0.0,0.0,0.0,161500,186500,0.1547987616099071,"21,22년"
187,운수 및 창고업,CJ대한통운,5.0,6.0,5.0,4.0,6.0,3.0,-1.0,0.0,-2.0,142000,87900,-0.3809859154929577,"21,22년"
188,운수 및 창고업,E1,4.0,5.0,4.0,4.0,4.0,4.0,0.0,-1.0,0.0,52400,42700,-0.1851145038167939,"21,22년"
189,운수 및 창고업,GS글로벌,3.0,4.0,5.0,2.0,4.0,4.0,-1.0,0.0,-1.0,2575,2695,0.0466019417475728,"21,22년"
190,운수 및 창고업,GS리테일,5.0,5.0,5.0,4.0,5.0,5.0,-1.0,0.0,0.0,32200,25400,-0.2111801242236025,"21,22년"
191,운수 및 창고업,HMM,5.0,6.0,5.0,6.0,5.0,4.0,1.0,-1.0,-1.0,26650,19100,-0.2833020637898686,"21,22년"
192,운수 및 창고업,KSS해운,4.0,6.0,5.0,4.0,5.0,4.0,0.0,-1.0,-1.0,11900,8990,-0.2445378151260504,"21,22년"
193,운수 및 창고업,LS네트웍스,1.0,2.0,3.0,2.0,4.0,3.0,1.0,2.0,0.0,3225,2620,-0.1875968992248062,"21,22년"
194,운수 및 창고업,LX인터내셔널,5.0,6.0,5.0,4.0,5.0,5.0,-1.0,-1.0,0.0,27150,40650,0.4972375690607735,"21,22년"
195,운수 및 창고업,SG세계물산,1.0,3.0,2.0,1.0,1.0,1.0,0.0,-2.0,-1.0,691,547,-0.2083936324167872,"21,22년"
196,운수 및 창고업,SK가스,5.0,6.0,5.0,5.0,6.0,5.0,0.0,0.0,0.0,137500,114000,-0.1709090909090909,"21,22년"
197,운수 및 창고업,SK네트웍스,4.0,6.0,5.0,5.0,6.0,4.0,1.0,0.0,-1.0,5090,4030,-0.2082514734774067,"21,22년"
198,운수 및 창고업,STX,1.0,3.0,4.0,1.0,2.0,2.0,0.0,-1.0,-2.0,4415,3795,-0.1404303510758777,"21,22년"
199,운수 및 창고업,경방,2.0,2.0,4.0,2.0,1.0,1.0,0.0,-1.0,-3.0,13300,10950,-0.1766917293233082,"21,22년"
201,운수 및 창고업,교촌에프앤비,,,,1.0,2.0,3.0,,,,17800,10450,-0.4129213483146067,"21,22년"
202,운수 및 창고업,국동,1.0,3.0,4.0,1.0,2.0,1.0,0.0,-1.0,-3.0,2540,1035,-0.59251968503937,"21,22년"
203,운수 및 창고업,국보,1.0,1.0,2.0,1.0,1.0,1.0,0.0,0.0,-1.0,1995,736,-0.631077694235589,"21,22년"
204,운수 및 창고업,남성,1.0,2.0,3.0,1.0,1.0,1.0,0.0,-1.0,-2.0,3390,1790,-0.471976401179941,"21,22년"
205,운수 및 창고업,대구백화점,1.0,4.0,4.0,1.0,1.0,4.0,0.0,-3.0,0.0,10600,9950,-0.0613207547169811,"21,22년"
206,운수 및 창고업,대성산업,2.0,2.0,4.0,1.0,2.0,1.0,-1.0,0.0,-3.0,5210,4085,-0.2159309021113243,"21,22년"
207,운수 및 창고업,대한항공,5.0,6.0,5.0,5.0,5.0,5.0,0.0,-1.0,0.0,30450,23100,-0.2413793103448276,"21,22년"
208,운수 및 창고업,대한해운,1.0,3.0,4.0,2.0,4.0,2.0,1.0,1.0,-2.0,2820,1970,-0.301418439716312,"21,22년"
209,운수 및 창고업,동방,3.0,1.0,3.0,2.0,2.0,1.0,-1.0,1.0,-2.0,3980,2145,-0.4610552763819096,"21,22년"
210,운수 및 창고업,동서,1.0,2.0,3.0,2.0,2.0,1.0,1.0,0.0,-2.0,34600,20400,-0.4104046242774566,"21,22년"
211,운수 및 창고업,동양고속,2.0,2.0,4.0,1.0,1.0,1.0,-1.0,-1.0,-3.0,21500,13200,-0.386046511627907,"21,22년"
212,운수 및 창고업,롯데쇼핑,5.0,6.0,5.0,5.0,6.0,5.0,0.0,0.0,0.0,105000,87400,-0.1676190476190476,"21,22년"
213,운수 및 창고업,롯데하이마트,5.0,6.0,5.0,5.0,6.0,5.0,0.0,0.0,0.0,27650,13200,-0.5226039783001808,"21,22년"
214,운수 및 창고업,모나미,1.0,2.0,3.0,1.0,1.0,1.0,0.0,-1.0,-2.0,4680,3145,-0.327991452991453,"21,22년"
215,운수 및 창고업,삼성물산,5.0,6.0,5.0,5.0,5.0,5.0,0.0,-1.0,0.0,114000,118500,0.0394736842105263,"21,22년"
216,운수 및 창고업,삼영무역,1.0,2.0,4.0,1.0,2.0,4.0,0.0,0.0,0.0,15550,12950,-0.1672025723472668,"21,22년"
217,운수 및 창고업,세기상사,1.0,2.0,3.0,1.0,1.0,1.0,0.0,-1.0,-2.0,6160,7100,0.1525974025974026,"21,22년"
218,운수 및 창고업,세방,3.0,1.0,4.0,2.0,2.0,3.0,-1.0,1.0,-1.0,12450,16450,0.321285140562249,"21,22년"
219,운수 및 창고업,세우글로벌,1.0,2.0,1.0,1.0,1.0,1.0,0.0,-1.0,0.0,2810,1305,-0.5355871886120996,"21,22년"
220,운수 및 창고업,세이브존I&C,1.0,2.0,3.0,1.0,2.0,2.0,0.0,0.0,-1.0,3190,2575,-0.1927899686520376,"21,22년"
221,운수 및 창고업,신성통상,2.0,2.0,3.0,1.0,1.0,1.0,-1.0,-1.0,-2.0,3600,2360,-0.3444444444444444,"21,22년"
222,운수 및 창고업,신세계,5.0,6.0,5.0,5.0,6.0,4.0,0.0,0.0,-1.0,248000,212500,-0.1431451612903226,"21,22년"
224,운수 및 창고업,신송홀딩스,1.0,2.0,3.0,1.0,1.0,2.0,0.0,-1.0,-1.0,5390,8110,0.5046382189239332,"21,22년"
225,운수 및 창고업,신일전자,1.0,1.0,4.0,1.0,1.0,1.0,0.0,0.0,-3.0,1940,1765,-0.0902061855670103,"21,22년"
226,운수 및 창고업,신흥,1.0,3.0,3.0,1.0,2.0,1.0,0.0,-1.0,-2.0,16000,14850,-0.071875,"21,22년"
227,운수 및 창고업,아시아나항공,4.0,5.0,1.0,4.0,5.0,2.0,0.0,0.0,1.0,22550,10350,-0.541019955654102,"21,22년"
228,운수 및 창고업,아이마켓코리아,1.0,4.0,4.0,1.0,4.0,2.0,0.0,0.0,-2.0,10950,10300,-0.0593607305936073,"21,22년"
229,운수 및 창고업,에어부산,2.0,3.0,1.0,2.0,2.0,1.0,0.0,-1.0,0.0,2730,1950,-0.2857142857142857,"21,22년"
230,운수 및 창고업,영원무역,4.0,4.0,4.0,2.0,4.0,4.0,-2.0,0.0,0.0,44650,47300,0.0593505039193729,"21,22년"
231,운수 및 창고업,웰바이오텍,1.0,3.0,3.0,1.0,1.0,1.0,0.0,-2.0,-2.0,1825,1290,-0.2931506849315068,"21,22년"
232,운수 및 창고업,윌비스,1.0,1.0,4.0,1.0,1.0,2.0,0.0,0.0,-2.0,1895,726,-0.61688654353562,"21,22년"
233,운수 및 창고업,유니퀘스트,3.0,2.0,4.0,1.0,1.0,1.0,-2.0,-1.0,-3.0,10300,8370,-0.187378640776699,"21,22년"
234,운수 및 창고업,이마트,5.0,5.0,5.0,6.0,5.0,4.0,1.0,0.0,-1.0,168000,84600,-0.4964285714285714,"21,22년"
236,운수 및 창고업,이화산업,1.0,2.0,3.0,1.0,1.0,1.0,0.0,-1.0,-2.0,16600,15100,-0.0903614457831325,"21,22년"
238,운수 및 창고업,인터지스,3.0,2.0,4.0,2.0,3.0,2.0,-1.0,1.0,-2.0,3630,2680,-0.2617079889807162,"21,22년"
239,운수 및 창고업,일신석재,1.0,2.0,3.0,1.0,1.0,2.0,0.0,-1.0,-1.0,2770,1135,-0.5902527075812274,"21,22년"
240,운수 및 창고업,제주항공,3.0,4.0,4.0,2.0,4.0,4.0,-1.0,0.0,0.0,21900,9970,-0.5447488584474885,"21,22년"
241,운수 및 창고업,진도,1.0,1.0,2.0,1.0,1.0,2.0,0.0,0.0,0.0,3335,2555,-0.2338830584707646,"21,22년"
242,운수 및 창고업,진에어,2.0,5.0,5.0,3.0,4.0,5.0,1.0,-1.0,0.0,21050,13150,-0.3752969121140142,"21,22년"
243,운수 및 창고업,천일고속,2.0,2.0,4.0,1.0,1.0,1.0,-1.0,-1.0,-3.0,68800,60700,-0.1177325581395348,"21,22년"
244,운수 및 창고업,티웨이항공,2.0,4.0,3.0,1.0,2.0,3.0,-1.0,-2.0,0.0,4010,1550,-0.6134663341645885,"21,22년"
245,운수 및 창고업,팬오션,4.0,1.0,5.0,5.0,4.0,2.0,1.0,3.0,-3.0,6020,4300,-0.2857142857142857,"21,22년"
246,운수 및 창고업,포스코인터내셔널,5.0,6.0,6.0,4.0,6.0,5.0,-1.0,0.0,-1.0,21700,20650,-0.0483870967741935,"21,22년"
247,운수 및 창고업,한국공항,1.0,3.0,4.0,2.0,4.0,2.0,1.0,1.0,-2.0,47000,36550,-0.2223404255319148,"21,22년"
248,운수 및 창고업,한국화장품,1.0,3.0,3.0,1.0,2.0,2.0,0.0,-1.0,-1.0,10200,6020,-0.4098039215686274,"21,22년"
249,운수 및 창고업,한샘,4.0,6.0,5.0,4.0,5.0,5.0,0.0,-1.0,0.0,101500,37450,-0.6310344827586207,"21,22년"
250,운수 및 창고업,한세엠케이,1.0,2.0,4.0,2.0,3.0,2.0,1.0,1.0,-2.0,5290,3005,-0.4319470699432892,"21,22년"
251,운수 및 창고업,한솔로지스틱스,3.0,4.0,4.0,2.0,5.0,4.0,-1.0,1.0,0.0,4740,2585,-0.4546413502109704,"21,22년"
252,운수 및 창고업,한익스프레스,3.0,3.0,2.0,1.0,2.0,1.0,-2.0,-1.0,-1.0,6050,4500,-0.256198347107438,"21,22년"
253,운수 및 창고업,한진,5.0,4.0,5.0,4.0,5.0,4.0,-1.0,1.0,-1.0,34650,19300,-0.443001443001443,"21,22년"
254,운수 및 창고업,한진칼,5.0,5.0,5.0,5.0,5.0,5.0,0.0,0.0,0.0,54800,39800,-0.2737226277372263,"21,22년"
255,운수 및 창고업,한창,1.0,3.0,3.0,1.0,1.0,1.0,0.0,-2.0,-2.0,1140,861,-0.2447368421052631,"21,22년"
256,운수 및 창고업,현대그린푸드,5.0,6.0,5.0,5.0,5.0,5.0,0.0,-1.0,0.0,9680,6510,-0.3274793388429752,"21,22년"
257,운수 및 창고업,현대글로비스,5.0,6.0,5.0,5.0,6.0,5.0,0.0,0.0,0.0,167500,174000,0.0388059701492537,"21,22년"
258,운수 및 창고업,현대백화점,5.0,6.0,5.0,5.0,5.0,5.0,0.0,-1.0,0.0,82800,54100,-0.3466183574879227,"21,22년"
259,운수 및 창고업,현대코퍼레이션,4.0,5.0,4.0,2.0,3.0,3.0,-2.0,-2.0,-1.0,18400,16200,-0.1195652173913043,"21,22년"
260,운수 및 창고업,현대코퍼레이션홀딩스,2.0,5.0,4.0,2.0,3.0,4.0,0.0,-2.0,0.0,12950,10150,-0.2162162162162162,"21,22년"
261,운수 및 창고업,현대홈쇼핑,5.0,6.0,5.0,5.0,6.0,5.0,0.0,0.0,0.0,70100,44800,-0.3609129814550642,"21,22년"
262,운수 및 창고업,혜인,3.0,3.0,3.0,1.0,1.0,1.0,-2.0,-2.0,-2.0,6200,6210,0.0016129032258064,"21,22년"
263,운수 및 창고업,호텔신라,4.0,6.0,5.0,4.0,5.0,5.0,0.0,-1.0,0.0,87400,65000,-0.2562929061784897,"21,22년"
264,의약품,JW생명과학,3.0,4.0,3.0,2.0,4.0,2.0,-1.0,0.0,-1.0,16200,11750,-0.2746913580246913,"21,22년"
265,의약품,JW중외제약,2.0,4.0,4.0,3.0,4.0,1.0,1.0,0.0,-3.0,23350,18750,-0.1970021413276231,"21,22년"
266,의약품,SK바이오사이언스,,,,5.0,6.0,5.0,,,,230000,75600,-0.671304347826087,"21,22년"
267,의약품,경보제약,4.0,5.0,4.0,3.0,5.0,4.0,-1.0,0.0,0.0,9900,5430,-0.4515151515151515,"21,22년"
268,의약품,광동제약,2.0,4.0,4.0,1.0,3.0,3.0,-1.0,-1.0,-1.0,7780,5910,-0.2403598971722365,"21,22년"
269,의약품,국제약품,1.0,3.0,4.0,1.0,2.0,3.0,0.0,-1.0,-1.0,6010,4275,-0.2886855241264559,"21,22년"
270,의약품,녹십자,4.0,4.0,4.0,3.0,5.0,3.0,-1.0,1.0,-1.0,274500,127500,-0.5355191256830601,"21,22년"
271,의약품,대웅,1.0,4.0,3.0,3.0,5.0,3.0,2.0,1.0,0.0,31600,20650,-0.3465189873417721,"21,22년"
272,의약품,대웅제약,1.0,3.0,3.0,3.0,5.0,3.0,2.0,2.0,0.0,140000,161500,0.1535714285714285,"21,22년"
273,의약품,대원제약,1.0,3.0,4.0,1.0,3.0,4.0,0.0,0.0,0.0,15900,16850,0.0597484276729559,"21,22년"
274,의약품,동성제약,1.0,2.0,4.0,1.0,1.0,3.0,0.0,-1.0,-1.0,8900,6700,-0.247191011235955,"21,22년"
275,의약품,동아에스티,4.0,6.0,5.0,3.0,5.0,5.0,-1.0,-1.0,0.0,72700,54500,-0.2503438789546079,"21,22년"
276,의약품,동화약품,1.0,4.0,3.0,2.0,4.0,2.0,1.0,0.0,-1.0,16350,9030,-0.4477064220183486,"21,22년"
277,의약품,명문제약,1.0,3.0,4.0,1.0,1.0,2.0,0.0,-2.0,-2.0,5670,2450,-0.5679012345679012,"21,22년"
278,의약품,부광약품,1.0,1.0,4.0,1.0,1.0,3.0,0.0,0.0,-1.0,13050,7550,-0.421455938697318,"21,22년"
279,의약품,삼성바이오로직스,5.0,6.0,5.0,5.0,6.0,5.0,0.0,0.0,0.0,871000,877000,0.0068886337543053,"21,22년"
280,의약품,삼성제약,1.0,2.0,3.0,1.0,1.0,1.0,0.0,-1.0,-2.0,5840,2720,-0.5342465753424658,"21,22년"
281,의약품,삼일제약,1.0,3.0,4.0,1.0,1.0,2.0,0.0,-2.0,-2.0,8090,7400,-0.0852904820766378,"21,22년"
282,의약품,삼진제약,1.0,3.0,4.0,1.0,1.0,1.0,0.0,-2.0,-3.0,25750,25200,-0.0213592233009708,"21,22년"
283,의약품,셀트리온,2.0,4.0,4.0,2.0,4.0,3.0,0.0,0.0,-1.0,200500,192000,-0.0423940149625935,"21,22년"
284,의약품,신풍제약,1.0,3.0,4.0,1.0,2.0,1.0,0.0,-1.0,-3.0,51800,21650,-0.582046332046332,"21,22년"
285,의약품,영진약품,4.0,5.0,4.0,4.0,4.0,3.0,0.0,-1.0,-1.0,4690,2720,-0.4200426439232409,"21,22년"
286,의약품,오리엔트바이오,1.0,2.0,2.0,1.0,1.0,1.0,0.0,-1.0,-1.0,1335,615,-0.5393258426966292,"21,22년"
287,의약품,유유제약,1.0,3.0,4.0,1.0,3.0,1.0,0.0,0.0,-3.0,7420,6070,-0.1819407008086253,"21,22년"
288,의약품,유한양행,4.0,5.0,4.0,3.0,5.0,4.0,-1.0,0.0,0.0,59900,59800,-0.001669449081803,"21,22년"
289,의약품,이연제약,1.0,3.0,4.0,1.0,1.0,4.0,0.0,-2.0,0.0,55500,19200,-0.654054054054054,"21,22년"
292,의약품,일성신약,1.0,2.0,4.0,1.0,1.0,1.0,0.0,-1.0,-3.0,77400,106500,0.375968992248062,"21,22년"
293,의약품,일양약품,1.0,2.0,4.0,1.0,2.0,4.0,0.0,0.0,0.0,29800,17800,-0.4026845637583892,"21,22년"
294,의약품,제일약품,1.0,3.0,3.0,1.0,1.0,1.0,0.0,-2.0,-2.0,34000,17850,-0.475,"21,22년"
295,의약품,종근당,5.0,6.0,4.0,4.0,5.0,3.0,-1.0,-1.0,-1.0,117500,84000,-0.2851063829787234,"21,22년"
296,의약품,종근당바이오,4.0,5.0,4.0,3.0,5.0,3.0,-1.0,0.0,-1.0,42100,21800,-0.4821852731591449,"21,22년"
297,의약품,종근당홀딩스,4.0,5.0,4.0,4.0,5.0,3.0,0.0,0.0,-1.0,81900,52500,-0.358974358974359,"21,22년"
299,의약품,파미셀,2.0,3.0,4.0,1.0,1.0,1.0,-1.0,-2.0,-3.0,12450,10200,-0.180722891566265,"21,22년"
300,의약품,팜젠사이언스,1.0,2.0,2.0,1.0,1.0,1.0,0.0,-1.0,-1.0,11800,7540,-0.3610169491525424,"21,22년"
301,의약품,하나제약,1.0,3.0,4.0,1.0,2.0,3.0,0.0,-1.0,-1.0,20550,14300,-0.3041362530413625,"21,22년"
302,의약품,한독,4.0,5.0,5.0,3.0,5.0,4.0,-1.0,0.0,-1.0,23650,16200,-0.3150105708245243,"21,22년"
303,의약품,한미약품,4.0,6.0,5.0,3.0,6.0,3.0,-1.0,0.0,-2.0,264000,253000,-0.0416666666666666,"21,22년"
304,의약품,한올바이오파마,1.0,3.0,4.0,1.0,2.0,2.0,0.0,-1.0,-2.0,20400,14200,-0.3039215686274509,"21,22년"
305,의약품,현대약품,2.0,3.0,4.0,1.0,2.0,1.0,-1.0,-1.0,-3.0,5930,5010,-0.1551433389544688,"21,22년"
306,정보통신업,LG유플러스,5.0,6.0,5.0,5.0,5.0,5.0,0.0,-1.0,0.0,14350,11450,-0.2020905923344947,"21,22년"
308,정보통신업,인스코비,1.0,2.0,3.0,1.0,1.0,1.0,0.0,-1.0,-2.0,3280,1530,-0.5335365853658537,"21,22년"
309,정보통신업,현대퓨처넷,2.0,5.0,5.0,5.0,5.0,5.0,3.0,0.0,0.0,4705,2640,-0.438894792773645,"21,22년"
310,제조업,BYC,1.0,3.0,4.0,1.0,1.0,1.0,0.0,-2.0,-3.0,436000,367500,-0.1571100917431192,"21,22년"
311,제조업,CJ씨푸드,2.0,4.0,4.0,2.0,3.0,3.0,0.0,-1.0,-1.0,3885,2655,-0.3166023166023166,"21,22년"
312,제조업,CJ제일제당,5.0,6.0,5.0,5.0,5.0,4.0,0.0,-1.0,-1.0,380000,414000,0.0894736842105263,"21,22년"
313,제조업,DB하이텍,5.0,5.0,5.0,3.0,4.0,3.0,-2.0,-1.0,-2.0,57500,44250,-0.2304347826086956,"21,22년"
314,제조업,DRB동일,3.0,4.0,4.0,1.0,4.0,3.0,-2.0,0.0,-1.0,5570,4135,-0.2576301615798922,"21,22년"
315,제조업,DSR,3.0,3.0,3.0,1.0,2.0,1.0,-2.0,-1.0,-2.0,6950,4810,-0.3079136690647482,"21,22년"
316,제조업,DSR제강,2.0,2.0,4.0,1.0,2.0,3.0,-1.0,0.0,-1.0,6560,4535,-0.3086890243902439,"21,22년"
317,제조업,HDC현대EP,3.0,4.0,4.0,2.0,3.0,2.0,-1.0,-1.0,-2.0,5870,3885,-0.338160136286201,"21,22년"
318,제조업,HSD엔진,4.0,5.0,5.0,3.0,5.0,4.0,-1.0,0.0,-1.0,9230,6540,-0.2914409534127844,"21,22년"
320,제조업,KEC,3.0,4.0,3.0,2.0,1.0,2.0,-1.0,-3.0,-1.0,3700,2570,-0.3054054054054054,"21,22년"
321,제조업,KG케미칼,2.0,2.0,3.0,1.0,1.0,1.0,-1.0,-1.0,-2.0,33950,23000,-0.3225331369661267,"21,22년"
322,제조업,KH 필룩스,2.0,3.0,2.0,1.0,2.0,1.0,-1.0,-1.0,-1.0,3030,975,-0.6782178217821783,"21,22년"
323,제조업,KISCO홀딩스,3.0,3.0,3.0,2.0,1.0,2.0,-1.0,-2.0,-1.0,18300,12900,-0.2950819672131147,"21,22년"
324,제조업,KPX케미칼,3.0,2.0,2.0,2.0,2.0,1.0,-1.0,0.0,-1.0,57700,47750,-0.1724436741767764,"21,22년"
325,제조업,KPX홀딩스,3.0,2.0,4.0,1.0,2.0,2.0,-2.0,0.0,-2.0,66300,52500,-0.2081447963800905,"21,22년"
326,제조업,KR모터스,1.0,2.0,3.0,1.0,1.0,1.0,0.0,-1.0,-2.0,1035,559,-0.4599033816425121,"21,22년"
327,제조업,LF,1.0,3.0,4.0,1.0,3.0,4.0,0.0,0.0,0.0,18300,14850,-0.1885245901639344,"21,22년"
328,제조업,LG디스플레이,3.0,5.0,4.0,5.0,5.0,4.0,2.0,0.0,0.0,19700,12750,-0.3527918781725888,"21,22년"
329,제조업,LG생활건강,5.0,6.0,5.0,5.0,6.0,5.0,0.0,0.0,0.0,1171000,510000,-0.5644748078565329,"21,22년"
330,제조업,LG이노텍,5.0,6.0,5.0,5.0,6.0,5.0,0.0,0.0,0.0,209500,296500,0.4152744630071599,"21,22년"
331,제조업,LG전자,5.0,6.0,5.0,5.0,6.0,5.0,0.0,0.0,0.0,120500,81600,-0.3228215767634855,"21,22년"
332,제조업,LG화학,4.0,5.0,4.0,2.0,5.0,4.0,-2.0,0.0,0.0,836000,626000,-0.2511961722488038,"21,22년"
334,제조업,LX세미콘,3.0,4.0,4.0,5.0,6.0,4.0,2.0,2.0,0.0,109600,82900,-0.2436131386861313,"21,22년"
335,제조업,LX하우시스,5.0,6.0,5.0,4.0,5.0,5.0,-1.0,-1.0,0.0,69600,32200,-0.5373563218390804,"21,22년"
336,제조업,MH에탄올,3.0,1.0,4.0,2.0,1.0,3.0,-1.0,0.0,-1.0,11600,7890,-0.3198275862068965,"21,22년"
337,제조업,NI스틸,1.0,2.0,3.0,1.0,1.0,2.0,0.0,-1.0,-1.0,4045,3855,-0.0469715698393077,"21,22년"
338,제조업,OCI,4.0,6.0,5.0,4.0,5.0,5.0,0.0,-1.0,0.0,129500,102000,-0.2123552123552123,"21,22년"
339,제조업,S-Oil,4.0,6.0,6.0,3.0,6.0,6.0,-1.0,0.0,0.0,102500,86400,-0.1570731707317073,"21,22년"
340,제조업,SG글로벌,2.0,2.0,2.0,1.0,1.0,1.0,-1.0,-1.0,-1.0,2175,1395,-0.3586206896551724,"21,22년"
341,제조업,SHD,1.0,2.0,3.0,1.0,1.0,2.0,0.0,-1.0,-1.0,30000,34200,0.14,"21,22년"
342,제조업,SH에너지화학,3.0,1.0,4.0,2.0,1.0,4.0,-1.0,0.0,0.0,1095,914,-0.165296803652968,"21,22년"
343,제조업,SIMPAC,3.0,3.0,3.0,1.0,2.0,1.0,-2.0,-1.0,-2.0,7900,6250,-0.2088607594936709,"21,22년"
344,제조업,SKC,5.0,6.0,4.0,4.0,6.0,5.0,-1.0,0.0,1.0,178000,103500,-0.4185393258426966,"21,22년"
345,제조업,SK이노베이션,5.0,6.0,6.0,4.0,6.0,6.0,-1.0,0.0,0.0,242500,173000,-0.2865979381443299,"21,22년"
346,제조업,SK케미칼,5.0,6.0,5.0,6.0,6.0,5.0,1.0,0.0,0.0,180000,88400,-0.5088888888888888,"21,22년"
347,제조업,SK하이닉스,4.0,6.0,5.0,4.0,5.0,4.0,0.0,-1.0,-1.0,103000,82700,-0.1970873786407767,"21,22년"
348,제조업,SNT모티브,2.0,3.0,4.0,2.0,1.0,3.0,0.0,-2.0,-1.0,50300,44150,-0.1222664015904572,"21,22년"
349,제조업,SNT에너지,3.0,3.0,3.0,1.0,2.0,2.0,-2.0,-1.0,-1.0,22050,19000,-0.1383219954648526,"21,22년"
350,제조업,SPC삼립,3.0,5.0,4.0,2.0,4.0,3.0,-1.0,-1.0,-1.0,76500,70500,-0.0784313725490196,"21,22년"
351,제조업,STX엔진,3.0,3.0,4.0,1.0,3.0,1.0,-2.0,0.0,-3.0,12000,13000,0.0833333333333333,"21,22년"
352,제조업,STX중공업,2.0,3.0,4.0,1.0,3.0,3.0,-1.0,0.0,-1.0,5750,3775,-0.3434782608695652,"21,22년"
353,제조업,SUN&L,3.0,3.0,4.0,1.0,2.0,3.0,-2.0,-1.0,-1.0,5690,3525,-0.3804920913884007,"21,22년"
354,제조업,TCC스틸,3.0,2.0,3.0,2.0,2.0,2.0,-1.0,0.0,-1.0,8360,9280,0.1100478468899521,"21,22년"
355,제조업,TYM,4.0,6.0,4.0,3.0,4.0,4.0,-1.0,-2.0,0.0,2030,2485,0.2241379310344827,"21,22년"
356,제조업,WISCOM,2.0,2.0,4.0,1.0,1.0,3.0,-1.0,-1.0,-1.0,3900,2755,-0.2935897435897436,"21,22년"
357,제조업,가온전선,3.0,4.0,4.0,2.0,4.0,4.0,-1.0,0.0,0.0,28350,16700,-0.4109347442680776,"21,22년"
358,제조업,강남제비스코,3.0,3.0,4.0,2.0,3.0,3.0,-1.0,0.0,-1.0,25000,20950,-0.162,"21,22년"
359,제조업,경농,3.0,3.0,3.0,2.0,1.0,3.0,-1.0,-2.0,0.0,13250,9190,-0.3064150943396226,"21,22년"
360,제조업,경동나비엔,4.0,4.0,4.0,2.0,3.0,1.0,-2.0,-1.0,-3.0,67000,34450,-0.485820895522388,"21,22년"
361,제조업,경인양행,2.0,3.0,3.0,3.0,4.0,1.0,1.0,1.0,-2.0,7020,4770,-0.3205128205128205,"21,22년"
362,제조업,경인전자,1.0,2.0,3.0,1.0,1.0,1.0,0.0,-1.0,-2.0,28850,24800,-0.1403812824956672,"21,22년"
363,제조업,계양전기,3.0,4.0,3.0,2.0,3.0,1.0,-1.0,-1.0,-2.0,4640,2655,-0.427801724137931,"21,22년"
364,제조업,고려산업,2.0,1.0,3.0,1.0,1.0,1.0,-1.0,0.0,-2.0,3355,4780,0.4247391952309985,"21,22년"
365,제조업,고려아연,4.0,2.0,4.0,4.0,5.0,2.0,0.0,3.0,-2.0,537000,640000,0.1918063314711359,"21,22년"
366,제조업,고려제강,4.0,3.0,4.0,2.0,2.0,1.0,-2.0,-1.0,-3.0,27450,17950,-0.3460837887067395,"21,22년"
367,제조업,광명전기,2.0,1.0,3.0,1.0,2.0,1.0,-1.0,1.0,-2.0,3080,2105,-0.3165584415584415,"21,22년"
368,제조업,광전자,2.0,3.0,4.0,1.0,1.0,2.0,-1.0,-2.0,-2.0,3245,2110,-0.349768875192604,"21,22년"
369,제조업,국도화학,3.0,2.0,4.0,2.0,1.0,1.0,-1.0,-1.0,-3.0,66900,43300,-0.3527653213751868,"21,22년"
370,제조업,그린케미칼,3.0,2.0,3.0,1.0,1.0,1.0,-2.0,-1.0,-2.0,11400,9860,-0.1350877192982456,"21,22년"
371,제조업,극동유화,3.0,2.0,3.0,1.0,2.0,1.0,-2.0,0.0,-2.0,4320,3570,-0.1736111111111111,"21,22년"
372,제조업,금강공업,2.0,2.0,4.0,1.0,1.0,3.0,-1.0,-1.0,-1.0,7860,5200,-0.3384223918575064,"21,22년"
373,제조업,금비,2.0,2.0,3.0,1.0,1.0,1.0,-1.0,-1.0,-2.0,70500,59500,-0.1560283687943262,"21,22년"
375,제조업,금호에이치티,2.0,2.0,3.0,1.0,1.0,1.0,-1.0,-1.0,-2.0,2135,1000,-0.531615925058548,"21,22년"
377,제조업,금호타이어,4.0,5.0,4.0,3.0,5.0,3.0,-1.0,0.0,-1.0,5350,3085,-0.4233644859813084,"21,22년"
378,제조업,기신정기,1.0,2.0,3.0,1.0,1.0,1.0,0.0,-1.0,-2.0,4315,3375,-0.2178447276940903,"21,22년"
379,제조업,기아,6.0,6.0,5.0,5.0,5.0,3.0,-1.0,-1.0,-2.0,85100,66300,-0.2209165687426557,"21,22년"
380,제조업,깨끗한나라,4.0,3.0,3.0,2.0,3.0,2.0,-2.0,0.0,-1.0,4475,2920,-0.3474860335195531,"21,22년"
381,제조업,남선알미늄,2.0,3.0,3.0,1.0,1.0,2.0,-1.0,-2.0,-1.0,2930,2080,-0.2901023890784983,"21,22년"
382,제조업,남양유업,4.0,4.0,4.0,3.0,4.0,1.0,-1.0,0.0,-3.0,456500,363500,-0.2037239868565169,"21,22년"
383,제조업,남해화학,2.0,3.0,4.0,2.0,2.0,2.0,0.0,-1.0,-2.0,13400,9120,-0.3194029850746269,"21,22년"
384,제조업,넥센,4.0,5.0,3.0,4.0,5.0,3.0,0.0,0.0,0.0,5020,4000,-0.2031872509960159,"21,22년"
385,제조업,넥센타이어,4.0,5.0,4.0,4.0,5.0,3.0,0.0,0.0,-1.0,7570,7720,0.0198150594451783,"21,22년"
386,제조업,노루페인트,5.0,6.0,4.0,4.0,6.0,4.0,-1.0,0.0,0.0,10400,7740,-0.2557692307692307,"21,22년"
387,제조업,농심,3.0,5.0,3.0,3.0,5.0,1.0,0.0,0.0,-2.0,283500,302000,0.0652557319223985,"21,22년"
388,제조업,다스코,3.0,2.0,4.0,1.0,1.0,2.0,-2.0,-1.0,-2.0,5160,5350,0.0368217054263565,"21,22년"
390,제조업,대덕전자,,,,3.0,5.0,4.0,,,,17150,24600,0.434402332361516,"21,22년"
391,제조업,대동,3.0,3.0,4.0,2.0,2.0,1.0,-1.0,-1.0,-3.0,9800,11450,0.1683673469387755,"21,22년"
392,제조업,대동전자,2.0,2.0,4.0,1.0,1.0,3.0,-1.0,-1.0,-1.0,7860,13250,0.6857506361323156,"21,22년"
393,제조업,대림통상,2.0,2.0,2.0,1.0,1.0,1.0,-1.0,-1.0,-1.0,3745,3285,-0.1228304405874499,"21,22년"
394,제조업,대상,5.0,6.0,4.0,5.0,6.0,3.0,0.0,0.0,-1.0,23850,20950,-0.1215932914046121,"21,22년"
395,제조업,대양금속,2.0,2.0,3.0,1.0,1.0,1.0,-1.0,-1.0,-2.0,5420,3340,-0.3837638376383764,"21,22년"
396,제조업,대영포장,2.0,2.0,2.0,1.0,1.0,1.0,-1.0,-1.0,-1.0,2485,1480,-0.4044265593561368,"21,22년"
397,제조업,대우부품,2.0,2.0,3.0,1.0,1.0,1.0,-1.0,-1.0,-2.0,3120,1530,-0.5096153846153846,"21,22년"
398,제조업,대우조선해양,3.0,6.0,5.0,3.0,4.0,4.0,0.0,-2.0,-1.0,25800,18300,-0.2906976744186046,"21,22년"
399,제조업,대원강업,3.0,2.0,4.0,2.0,1.0,2.0,-1.0,-1.0,-2.0,4210,2550,-0.3942992874109263,"21,22년"
400,제조업,대원전선,2.0,2.0,3.0,1.0,1.0,1.0,-1.0,-1.0,-2.0,1920,1180,-0.3854166666666667,"21,22년"
401,제조업,대원화성,3.0,3.0,4.0,2.0,2.0,1.0,-1.0,-1.0,-3.0,5850,2710,-0.5367521367521367,"21,22년"
402,제조업,대유에이텍,2.0,2.0,3.0,1.0,2.0,1.0,-1.0,0.0,-2.0,1795,667,-0.6284122562674095,"21,22년"
403,제조업,대유플러스,2.0,2.0,2.0,1.0,1.0,1.0,-1.0,-1.0,-1.0,1420,823,-0.4204225352112676,"21,22년"
404,제조업,대창,3.0,3.0,2.0,1.0,2.0,1.0,-2.0,-1.0,-1.0,2040,1280,-0.3725490196078431,"21,22년"
405,제조업,대창단조,3.0,2.0,4.0,2.0,2.0,2.0,-1.0,0.0,-2.0,7600,6370,-0.1618421052631579,"21,22년"
406,제조업,대한방직,2.0,2.0,4.0,1.0,1.0,3.0,-1.0,-1.0,-1.0,46200,50900,0.1017316017316017,"21,22년"
407,제조업,대한유화,3.0,3.0,4.0,3.0,3.0,1.0,0.0,0.0,-3.0,185000,118500,-0.3594594594594594,"21,22년"
408,제조업,대한전선,5.0,6.0,5.0,4.0,6.0,4.0,-1.0,0.0,-1.0,2255,1500,-0.3348115299334812,"21,22년"
409,제조업,대한제강,3.0,3.0,3.0,1.0,1.0,2.0,-2.0,-2.0,-1.0,18550,12250,-0.3396226415094339,"21,22년"
410,제조업,대한제당,3.0,2.0,4.0,1.0,1.0,2.0,-2.0,-1.0,-2.0,3300,2540,-0.2303030303030303,"21,22년"
411,제조업,대한제분,2.0,2.0,4.0,2.0,1.0,1.0,0.0,-1.0,-3.0,164000,129000,-0.2134146341463414,"21,22년"
412,제조업,대한화섬,3.0,4.0,4.0,2.0,2.0,3.0,-1.0,-2.0,-1.0,136500,98200,-0.2805860805860806,"21,22년"
413,제조업,대현,1.0,3.0,4.0,1.0,1.0,4.0,0.0,-2.0,0.0,2880,2115,-0.265625,"21,22년"
414,제조업,대호에이엘,3.0,2.0,3.0,2.0,1.0,1.0,-1.0,-1.0,-2.0,3870,1355,-0.6498708010335917,"21,22년"
416,제조업,덕양산업,2.0,2.0,3.0,1.0,2.0,1.0,-1.0,0.0,-2.0,3740,2930,-0.2165775401069518,"21,22년"
417,제조업,덴티움,1.0,3.0,4.0,1.0,2.0,1.0,0.0,-1.0,-3.0,69100,76300,0.1041968162083936,"21,22년"
418,제조업,동국제강,4.0,3.0,4.0,4.0,3.0,3.0,0.0,0.0,-1.0,17050,11450,-0.3284457478005865,"21,22년"
419,제조업,동남합성,1.0,2.0,3.0,1.0,1.0,3.0,0.0,-1.0,0.0,64800,53200,-0.1790123456790123,"21,22년"
420,제조업,동방아그로,1.0,2.0,4.0,1.0,1.0,2.0,0.0,-1.0,-2.0,7370,6360,-0.1370420624151967,"21,22년"
421,제조업,동아타이어,1.0,2.0,4.0,1.0,1.0,2.0,0.0,-1.0,-2.0,13050,11600,-0.1111111111111111,"21,22년"
422,제조업,동양,2.0,2.0,4.0,1.0,1.0,2.0,-1.0,-1.0,-2.0,1670,992,-0.4059880239520958,"21,22년"
423,제조업,동양철관,1.0,1.0,3.0,1.0,1.0,1.0,0.0,0.0,-2.0,1445,1015,-0.2975778546712803,"21,22년"
424,제조업,동양피스톤,3.0,2.0,4.0,1.0,3.0,1.0,-2.0,1.0,-3.0,8160,4250,-0.4791666666666667,"21,22년"
425,제조업,동원F&B,3.0,5.0,3.0,3.0,5.0,2.0,0.0,0.0,-1.0,205000,129000,-0.3707317073170731,"21,22년"
426,제조업,동원금속,1.0,2.0,4.0,1.0,1.0,2.0,0.0,-1.0,-2.0,994,893,-0.1016096579476861,"21,22년"
427,제조업,동원시스템즈,2.0,4.0,3.0,3.0,4.0,1.0,1.0,0.0,-2.0,52100,45950,-0.118042226487524,"21,22년"
428,제조업,동일고무벨트,3.0,4.0,4.0,2.0,4.0,3.0,-1.0,0.0,-1.0,8380,6450,-0.2303102625298329,"21,22년"
429,제조업,동일산업,3.0,2.0,4.0,2.0,1.0,4.0,-1.0,-1.0,0.0,142000,178500,0.2570422535211267,"21,22년"
430,제조업,동일제강,2.0,2.0,3.0,1.0,1.0,2.0,-1.0,-1.0,-1.0,3400,2280,-0.3294117647058823,"21,22년"
431,제조업,두산밥캣,2.0,5.0,5.0,3.0,5.0,4.0,1.0,0.0,-1.0,38050,33500,-0.1195795006570302,"21,22년"
432,제조업,두산퓨얼셀,3.0,5.0,5.0,4.0,6.0,3.0,1.0,1.0,-2.0,52200,27250,-0.4779693486590038,"21,22년"
433,제조업,두올,2.0,3.0,4.0,1.0,2.0,2.0,-1.0,-1.0,-2.0,4520,2345,-0.4811946902654867,"21,22년"
434,제조업,드림텍,2.0,2.0,4.0,1.0,1.0,2.0,-1.0,-1.0,-2.0,9970,9590,-0.0381143430290872,"21,22년"
435,제조업,디씨엠,1.0,2.0,4.0,1.0,2.0,3.0,0.0,0.0,-1.0,22350,14000,-0.3736017897091722,"21,22년"
436,제조업,디아이,1.0,3.0,4.0,1.0,2.0,1.0,0.0,-1.0,-3.0,7910,4395,-0.4443742098609355,"21,22년"
437,제조업,디아이씨,2.0,2.0,3.0,1.0,2.0,1.0,-1.0,0.0,-2.0,5680,4000,-0.2957746478873239,"21,22년"
438,제조업,디와이파워,2.0,2.0,4.0,1.0,1.0,3.0,-1.0,-1.0,-1.0,12700,10950,-0.1377952755905512,"21,22년"
439,제조업,락앤락,2.0,2.0,4.0,3.0,4.0,3.0,1.0,2.0,-1.0,10500,6100,-0.419047619047619,"21,22년"
440,제조업,롯데정밀화학,5.0,6.0,5.0,5.0,6.0,5.0,0.0,0.0,0.0,85100,56100,-0.3407755581668625,"21,22년"
441,제조업,롯데제과,5.0,5.0,5.0,3.0,5.0,5.0,-2.0,0.0,0.0,128500,130000,0.0116731517509727,"21,22년"
442,제조업,롯데케미칼,3.0,6.0,5.0,4.0,6.0,5.0,1.0,0.0,0.0,224500,148000,-0.3407572383073496,"21,22년"
444,제조업,만호제강,2.0,2.0,4.0,1.0,2.0,4.0,-1.0,0.0,0.0,22000,32500,0.4772727272727273,"21,22년"
445,제조업,메타랩스,1.0,2.0,4.0,1.0,1.0,1.0,0.0,-1.0,-3.0,1020,628,-0.3843137254901961,"21,22년"
446,제조업,명신산업,,,,1.0,1.0,1.0,,,,29300,17250,-0.4112627986348123,"21,22년"
447,제조업,모나리자,3.0,2.0,3.0,1.0,2.0,1.0,-2.0,0.0,-2.0,3975,2970,-0.2528301886792453,"21,22년"
448,제조업,모토닉,3.0,3.0,4.0,2.0,3.0,4.0,-1.0,0.0,0.0,11100,7620,-0.3135135135135135,"21,22년"
449,제조업,무림P&P,4.0,5.0,5.0,3.0,5.0,4.0,-1.0,0.0,-1.0,4470,4530,0.0134228187919463,"21,22년"
450,제조업,무림페이퍼,4.0,4.0,5.0,3.0,4.0,3.0,-1.0,0.0,-2.0,2735,2430,-0.1115173674588665,"21,22년"
451,제조업,무학,1.0,3.0,4.0,1.0,2.0,3.0,0.0,-1.0,-1.0,9720,4820,-0.5041152263374485,"21,22년"
452,제조업,문배철강,1.0,2.0,3.0,1.0,1.0,2.0,0.0,-1.0,-1.0,4405,3385,-0.23155505107832,"21,22년"
453,제조업,미래산업,2.0,2.0,2.0,1.0,1.0,1.0,-1.0,-1.0,-1.0,13800,8560,-0.3797101449275362,"21,22년"
454,제조업,미원상사,1.0,2.0,3.0,2.0,1.0,2.0,1.0,-1.0,-1.0,207500,169500,-0.1831325301204819,"21,22년"
455,제조업,미원에스씨,3.0,3.0,4.0,2.0,2.0,3.0,-1.0,-1.0,-1.0,215500,167500,-0.222737819025522,"21,22년"
456,제조업,미원화학,4.0,4.0,5.0,2.0,1.0,2.0,-2.0,-3.0,-3.0,80100,60300,-0.247191011235955,"21,22년"
458,제조업,백광산업,2.0,2.0,2.0,2.0,1.0,1.0,0.0,-1.0,-1.0,5620,4445,-0.2090747330960854,"21,22년"
459,제조업,백산,1.0,2.0,2.0,1.0,1.0,1.0,0.0,-1.0,-1.0,7920,8620,0.0883838383838383,"21,22년"
460,제조업,벽산,4.0,3.0,3.0,2.0,2.0,1.0,-2.0,-1.0,-2.0,3660,1945,-0.4685792349726776,"21,22년"
461,제조업,보락,1.0,2.0,3.0,1.0,1.0,1.0,0.0,-1.0,-2.0,2080,1435,-0.3100961538461538,"21,22년"
462,제조업,보해양조,1.0,2.0,3.0,1.0,1.0,2.0,0.0,-1.0,-1.0,988,628,-0.3643724696356275,"21,22년"
463,제조업,부국철강,1.0,2.0,3.0,1.0,1.0,1.0,0.0,-1.0,-2.0,4755,3250,-0.316508937960042,"21,22년"
464,제조업,부산산업,1.0,1.0,3.0,1.0,1.0,3.0,0.0,0.0,0.0,123500,63200,-0.4882591093117409,"21,22년"
465,제조업,부산주공,3.0,1.0,3.0,1.0,1.0,1.0,-2.0,0.0,-2.0,615,641,0.0422764227642276,"21,22년"
466,제조업,비비안,1.0,2.0,2.0,1.0,1.0,1.0,0.0,-1.0,-1.0,3050,1255,-0.5885245901639344,"21,22년"
467,제조업,빙그레,5.0,6.0,5.0,5.0,5.0,4.0,0.0,-1.0,-1.0,55700,37300,-0.3303411131059246,"21,22년"
468,제조업,사조대림,2.0,5.0,4.0,3.0,3.0,1.0,1.0,-2.0,-3.0,27800,23750,-0.14568345323741,"21,22년"
469,제조업,사조동아원,2.0,3.0,4.0,2.0,4.0,2.0,0.0,1.0,-2.0,1270,1045,-0.1771653543307086,"21,22년"
470,제조업,사조씨푸드,2.0,4.0,4.0,1.0,3.0,3.0,-1.0,-1.0,-1.0,5220,4690,-0.1015325670498084,"21,22년"
471,제조업,사조오양,1.0,3.0,2.0,2.0,3.0,1.0,1.0,0.0,-1.0,9740,7640,-0.2156057494866529,"21,22년"
472,제조업,삼성SDI,5.0,6.0,4.0,5.0,6.0,4.0,0.0,0.0,0.0,734000,737000,0.0040871934604904,"21,22년"
473,제조업,삼성공조,2.0,2.0,3.0,1.0,2.0,3.0,-1.0,0.0,0.0,16400,10700,-0.3475609756097561,"21,22년"
474,제조업,삼성전기,5.0,6.0,4.0,5.0,6.0,5.0,0.0,0.0,1.0,159000,121000,-0.2389937106918239,"21,22년"
475,제조업,삼성전자,5.0,6.0,3.0,5.0,6.0,4.0,0.0,0.0,1.0,69800,59400,-0.1489971346704871,"21,22년"
476,제조업,삼성중공업,3.0,5.0,4.0,4.0,4.0,4.0,1.0,-1.0,0.0,6380,5150,-0.1927899686520376,"21,22년"
477,제조업,삼아알미늄,3.0,2.0,4.0,1.0,1.0,3.0,-2.0,-1.0,-1.0,26550,28000,0.0546139359698681,"21,22년"
478,제조업,삼양사,5.0,5.0,4.0,4.0,5.0,3.0,-1.0,0.0,-1.0,68300,37100,-0.4568081991215227,"21,22년"
479,제조업,삼양식품,5.0,6.0,5.0,5.0,6.0,3.0,0.0,0.0,-2.0,81800,111000,0.3569682151589242,"21,22년"
480,제조업,삼양통상,2.0,2.0,4.0,1.0,1.0,3.0,-1.0,-1.0,-1.0,64000,50100,-0.2171875,"21,22년"
481,제조업,삼양패키징,3.0,4.0,4.0,2.0,4.0,3.0,-1.0,0.0,-1.0,26350,15900,-0.396584440227704,"21,22년"
482,제조업,삼원강재,3.0,1.0,3.0,2.0,1.0,2.0,-1.0,0.0,-1.0,3295,2570,-0.220030349013657,"21,22년"
483,제조업,삼익THK,3.0,3.0,4.0,2.0,2.0,2.0,-1.0,-1.0,-2.0,11950,11550,-0.0334728033472803,"21,22년"
484,제조업,삼익악기,1.0,2.0,4.0,2.0,1.0,1.0,1.0,-1.0,-3.0,1820,1180,-0.3516483516483517,"21,22년"
485,제조업,삼일씨엔에스,2.0,3.0,4.0,1.0,1.0,1.0,-1.0,-2.0,-3.0,10500,6050,-0.4238095238095238,"21,22년"
486,제조업,삼정펄프,2.0,1.0,3.0,1.0,2.0,1.0,-1.0,1.0,-2.0,30250,24650,-0.1851239669421487,"21,22년"
487,제조업,삼화왕관,3.0,2.0,3.0,1.0,1.0,1.0,-2.0,-1.0,-2.0,43650,35600,-0.1844215349369988,"21,22년"
488,제조업,삼화전기,2.0,2.0,3.0,1.0,1.0,1.0,-1.0,-1.0,-2.0,28850,15450,-0.464471403812825,"21,22년"
489,제조업,상신브레이크,3.0,3.0,3.0,1.0,2.0,2.0,-2.0,-1.0,-1.0,4515,2725,-0.3964562569213732,"21,22년"
490,제조업,새론오토모티브,2.0,2.0,3.0,1.0,2.0,2.0,-1.0,0.0,-1.0,5500,4805,-0.1263636363636363,"21,22년"
491,제조업,샘표식품,3.0,4.0,3.0,1.0,2.0,2.0,-2.0,-2.0,-1.0,46150,31400,-0.3196099674972914,"21,22년"
492,제조업,서연이화,4.0,5.0,5.0,3.0,5.0,4.0,-1.0,0.0,-1.0,7710,7130,-0.0752269779507133,"21,22년"
493,제조업,서원,3.0,2.0,4.0,2.0,1.0,2.0,-1.0,-1.0,-2.0,2135,1285,-0.3981264637002342,"21,22년"
494,제조업,서흥,2.0,3.0,4.0,2.0,3.0,4.0,0.0,0.0,0.0,47850,33550,-0.2988505747126437,"21,22년"
495,제조업,선도전기,2.0,2.0,3.0,1.0,1.0,1.0,-1.0,-1.0,-2.0,4750,3000,-0.3684210526315789,"21,22년"
496,제조업,선진,3.0,5.0,3.0,2.0,4.0,2.0,-1.0,-1.0,-1.0,12950,7950,-0.3861003861003861,"21,22년"
497,제조업,성문전자,2.0,2.0,2.0,1.0,2.0,1.0,-1.0,0.0,-1.0,2635,1625,-0.3833017077798861,"21,22년"
498,제조업,성보화학,1.0,3.0,4.0,1.0,2.0,2.0,0.0,-1.0,-2.0,4280,2970,-0.3060747663551402,"21,22년"
499,제조업,성신양회,4.0,4.0,4.0,2.0,3.0,2.0,-2.0,-1.0,-2.0,11100,9530,-0.1414414414414414,"21,22년"
500,제조업,성안,1.0,2.0,2.0,1.0,1.0,3.0,0.0,-1.0,1.0,787,985,0.2515883100381194,"21,22년"
501,제조업,세방전지,3.0,3.0,4.0,3.0,2.0,2.0,0.0,-1.0,-2.0,81800,38950,-0.523838630806846,"21,22년"
502,제조업,세아제강,4.0,4.0,4.0,3.0,4.0,4.0,-1.0,0.0,0.0,103000,139000,0.3495145631067961,"21,22년"
503,제조업,세아특수강,4.0,4.0,4.0,2.0,4.0,5.0,-2.0,0.0,1.0,15750,20800,0.3206349206349206,"21,22년"
504,제조업,세아홀딩스,4.0,4.0,4.0,2.0,4.0,2.0,-2.0,0.0,-2.0,111000,101500,-0.0855855855855855,"21,22년"
505,제조업,세원이앤씨,1.0,2.0,3.0,1.0,2.0,1.0,0.0,0.0,-2.0,1095,852,-0.2219178082191781,"21,22년"
506,제조업,세원정공,2.0,3.0,2.0,1.0,2.0,1.0,-1.0,-1.0,-1.0,8090,8090,0.0,"21,22년"
507,제조업,세종공업,3.0,3.0,3.0,1.0,3.0,1.0,-2.0,0.0,-2.0,10950,4625,-0.5776255707762558,"21,22년"
508,제조업,세진중공업,2.0,2.0,4.0,1.0,1.0,2.0,-1.0,-1.0,-2.0,6500,5730,-0.1184615384615384,"21,22년"
509,제조업,세하,3.0,3.0,3.0,1.0,2.0,1.0,-2.0,-1.0,-2.0,1860,1160,-0.3763440860215054,"21,22년"
510,제조업,센트랄모텍,1.0,3.0,4.0,1.0,3.0,4.0,0.0,0.0,0.0,28750,13000,-0.5478260869565217,"21,22년"
511,제조업,솔루스첨단소재,1.0,3.0,4.0,1.0,2.0,3.0,0.0,-1.0,-1.0,82300,33600,-0.5917375455650061,"21,22년"
512,제조업,송원산업,3.0,3.0,2.0,2.0,2.0,1.0,-1.0,-1.0,-1.0,17900,17250,-0.0363128491620111,"21,22년"
513,제조업,수산중공업,1.0,2.0,4.0,1.0,1.0,2.0,0.0,-1.0,-2.0,2650,2675,0.0094339622641509,"21,22년"
514,제조업,시디즈,2.0,2.0,2.0,1.0,2.0,2.0,-1.0,0.0,0.0,66800,42500,-0.3637724550898203,"21,22년"
515,제조업,신대양제지,2.0,2.0,3.0,1.0,2.0,1.0,-1.0,0.0,-2.0,87500,82800,-0.0537142857142857,"21,22년"
516,제조업,신도리코,2.0,2.0,4.0,2.0,1.0,4.0,0.0,-1.0,0.0,32850,32200,-0.0197869101978691,"21,22년"
517,제조업,신성이엔지,3.0,2.0,4.0,1.0,2.0,2.0,-2.0,0.0,-2.0,2360,1890,-0.1991525423728813,"21,22년"
519,제조업,신원,1.0,3.0,3.0,1.0,2.0,2.0,0.0,-1.0,-1.0,3430,1540,-0.5510204081632653,"21,22년"
520,제조업,쌍방울,1.0,3.0,2.0,1.0,2.0,1.0,0.0,-1.0,-1.0,738,376,-0.4905149051490515,"21,22년"
521,제조업,써니전자,1.0,3.0,3.0,1.0,1.0,2.0,0.0,-2.0,-1.0,3950,2265,-0.4265822784810126,"21,22년"
522,제조업,씨아이테크,1.0,2.0,2.0,1.0,1.0,1.0,0.0,-1.0,-1.0,988,825,-0.1649797570850202,"21,22년"
523,제조업,씨에스윈드,3.0,2.0,4.0,2.0,3.0,2.0,-1.0,1.0,-2.0,69400,58800,-0.1527377521613832,"21,22년"
524,제조업,아남전자,2.0,2.0,3.0,1.0,2.0,1.0,-1.0,0.0,-2.0,2365,1850,-0.2177589852008456,"21,22년"
525,제조업,아모레퍼시픽,5.0,6.0,5.0,5.0,6.0,5.0,0.0,0.0,0.0,181500,92700,-0.4892561983471074,"21,22년"
527,제조업,아세아제지,2.0,4.0,3.0,2.0,4.0,1.0,0.0,0.0,-2.0,45900,36600,-0.2026143790849673,"21,22년"
528,제조업,아이에스동서,3.0,4.0,4.0,3.0,5.0,4.0,0.0,1.0,0.0,45200,31550,-0.3019911504424779,"21,22년"
529,제조업,알루코,2.0,1.0,3.0,1.0,2.0,1.0,-1.0,1.0,-2.0,3995,2515,-0.3704630788485607,"21,22년"
530,제조업,애경산업,4.0,6.0,4.0,4.0,6.0,4.0,0.0,0.0,0.0,22200,11000,-0.5045045045045045,"21,22년"
531,제조업,에넥스,2.0,3.0,3.0,1.0,2.0,2.0,-1.0,-1.0,-1.0,2445,880,-0.6400817995910021,"21,22년"
532,제조업,에스엘,4.0,4.0,4.0,3.0,4.0,4.0,-1.0,0.0,0.0,32750,30750,-0.0610687022900763,"21,22년"
533,제조업,에이블씨엔씨,2.0,4.0,4.0,1.0,3.0,3.0,-1.0,-1.0,-1.0,7680,4380,-0.4296875,"21,22년"
534,제조업,에이엔피,2.0,2.0,3.0,1.0,1.0,1.0,-1.0,-1.0,-2.0,2095,1880,-0.1026252983293556,"21,22년"
535,제조업,엔케이,3.0,2.0,2.0,1.0,1.0,1.0,-2.0,-1.0,-1.0,1125,890,-0.2088888888888889,"21,22년"
536,제조업,영보화학,3.0,2.0,3.0,2.0,2.0,1.0,-1.0,0.0,-2.0,4260,3335,-0.2171361502347417,"21,22년"
537,제조업,영풍,1.0,2.0,4.0,2.0,4.0,3.0,1.0,2.0,-1.0,686000,630000,-0.0816326530612244,"21,22년"
538,제조업,영풍제지,3.0,2.0,3.0,2.0,1.0,1.0,-1.0,-1.0,-2.0,7090,9240,0.3032440056417489,"21,22년"
539,제조업,영화금속,2.0,2.0,4.0,1.0,1.0,2.0,-1.0,-1.0,-2.0,1980,899,-0.545959595959596,"21,22년"
540,제조업,영흥,2.0,3.0,4.0,1.0,1.0,3.0,-1.0,-2.0,-1.0,1080,705,-0.3472222222222222,"21,22년"
541,제조업,오뚜기,4.0,6.0,4.0,2.0,4.0,2.0,-2.0,-2.0,-2.0,481000,441500,-0.0821205821205821,"21,22년"
542,제조업,오리온,5.0,5.0,4.0,4.0,5.0,5.0,-1.0,0.0,1.0,118000,101500,-0.1398305084745762,"21,22년"
544,제조업,우신시스템,2.0,2.0,4.0,1.0,1.0,2.0,-1.0,-1.0,-2.0,6810,2615,-0.6160058737151248,"21,22년"
545,제조업,우진,2.0,2.0,4.0,1.0,2.0,3.0,-1.0,0.0,-1.0,9660,8400,-0.1304347826086956,"21,22년"
546,제조업,우진플라임,3.0,2.0,3.0,1.0,1.0,1.0,-2.0,-1.0,-2.0,4435,3715,-0.1623449830890642,"21,22년"
547,제조업,원림,1.0,3.0,3.0,1.0,1.0,2.0,0.0,-2.0,-1.0,20900,20000,-0.0430622009569378,"21,22년"
548,제조업,유니드,3.0,4.0,4.0,2.0,4.0,3.0,-1.0,0.0,-1.0,116500,77000,-0.3390557939914163,"21,22년"
549,제조업,유니온,3.0,3.0,3.0,2.0,2.0,3.0,-1.0,-1.0,0.0,6950,5330,-0.2330935251798561,"21,22년"
550,제조업,유니온머티리얼,3.0,2.0,3.0,1.0,1.0,2.0,-2.0,-1.0,-1.0,3575,3060,-0.144055944055944,"21,22년"
551,제조업,유니켐,2.0,2.0,4.0,1.0,1.0,1.0,-1.0,-1.0,-3.0,1385,1140,-0.1768953068592057,"21,22년"
552,제조업,유성기업,3.0,1.0,2.0,2.0,2.0,2.0,-1.0,1.0,0.0,3375,2645,-0.2162962962962963,"21,22년"
553,제조업,율촌화학,3.0,3.0,4.0,2.0,2.0,2.0,-1.0,-1.0,-2.0,22000,32600,0.4818181818181818,"21,22년"
554,제조업,이건산업,1.0,2.0,4.0,1.0,2.0,1.0,0.0,0.0,-3.0,14200,7480,-0.4732394366197183,"21,22년"
555,제조업,이구산업,3.0,2.0,4.0,2.0,2.0,2.0,-1.0,0.0,-2.0,3890,3025,-0.2223650385604113,"21,22년"
556,제조업,이수페타시스,3.0,5.0,2.0,3.0,4.0,1.0,0.0,-1.0,-1.0,4130,5890,0.4261501210653753,"21,22년"
557,제조업,이수화학,3.0,4.0,3.0,3.0,4.0,1.0,0.0,0.0,-2.0,15200,25200,0.6578947368421053,"21,22년"
558,제조업,이엔플러스,1.0,3.0,3.0,1.0,2.0,1.0,0.0,-1.0,-2.0,3460,4980,0.4393063583815029,"21,22년"
559,제조업,이월드,1.0,2.0,3.0,1.0,2.0,1.0,0.0,0.0,-2.0,2435,1565,-0.3572895277207392,"21,22년"
560,제조업,인디에프,1.0,3.0,3.0,1.0,1.0,2.0,0.0,-2.0,-1.0,1700,725,-0.5735294117647058,"21,22년"
561,제조업,인지컨트롤스,1.0,2.0,3.0,1.0,2.0,1.0,0.0,0.0,-2.0,16800,8000,-0.5238095238095238,"21,22년"
562,제조업,인팩,1.0,2.0,4.0,1.0,2.0,3.0,0.0,0.0,-1.0,15850,6380,-0.5974763406940063,"21,22년"
563,제조업,일신방직,3.0,3.0,5.0,2.0,2.0,1.0,-1.0,-1.0,-4.0,114500,104000,-0.0917030567685589,"21,22년"
564,제조업,일정실업,2.0,2.0,2.0,1.0,1.0,2.0,-1.0,-1.0,0.0,23000,20500,-0.108695652173913,"21,22년"
565,제조업,일진다이아,1.0,2.0,3.0,1.0,1.0,2.0,0.0,-1.0,-1.0,37850,15750,-0.583883751651255,"21,22년"
566,제조업,일진디스플,3.0,3.0,3.0,1.0,1.0,2.0,-2.0,-2.0,-1.0,3465,1170,-0.6623376623376623,"21,22년"
567,제조업,일진머티리얼즈,2.0,2.0,3.0,1.0,1.0,1.0,-1.0,-1.0,-2.0,100500,60600,-0.3970149253731343,"21,22년"
568,제조업,일진전기,2.0,2.0,3.0,1.0,2.0,1.0,-1.0,0.0,-2.0,5730,4375,-0.2364746945898778,"21,22년"
569,제조업,잇츠한불,4.0,3.0,4.0,1.0,2.0,3.0,-3.0,-1.0,-1.0,21550,14300,-0.3364269141531322,"21,22년"
570,제조업,자화전자,2.0,2.0,4.0,1.0,2.0,2.0,-1.0,0.0,-2.0,18650,18650,0.0,"21,22년"
572,제조업,제이에스코퍼레이션,1.0,2.0,4.0,1.0,1.0,3.0,0.0,-1.0,-1.0,25450,14150,-0.444007858546169,"21,22년"
573,제조업,제이준코스메틱,1.0,2.0,3.0,1.0,1.0,2.0,0.0,-1.0,-1.0,1150,421,-0.6339130434782608,"21,22년"
574,제조업,제일연마,2.0,2.0,4.0,1.0,1.0,4.0,-1.0,-1.0,0.0,8890,8150,-0.0832395950506186,"21,22년"
575,제조업,조광페인트,3.0,4.0,3.0,2.0,2.0,2.0,-1.0,-2.0,-1.0,8390,7550,-0.100119189511323,"21,22년"
576,제조업,조광피혁,1.0,2.0,3.0,1.0,1.0,3.0,0.0,-1.0,0.0,61500,49000,-0.2032520325203252,"21,22년"
577,제조업,조비,1.0,2.0,3.0,1.0,1.0,1.0,0.0,-1.0,-2.0,26600,14800,-0.4436090225563909,"21,22년"
578,제조업,조선내화,3.0,3.0,3.0,2.0,2.0,1.0,-1.0,-1.0,-2.0,88000,76500,-0.1306818181818181,"21,22년"
579,제조업,조선선재,1.0,2.0,4.0,1.0,1.0,2.0,0.0,-1.0,-2.0,109000,107000,-0.018348623853211,"21,22년"
580,제조업,조일알미늄,3.0,2.0,4.0,2.0,2.0,3.0,-1.0,0.0,-1.0,2375,2340,-0.0147368421052631,"21,22년"
581,제조업,조흥,1.0,2.0,3.0,2.0,2.0,2.0,1.0,0.0,-1.0,207000,185500,-0.1038647342995169,"21,22년"
582,제조업,주연테크,2.0,2.0,2.0,1.0,1.0,1.0,-1.0,-1.0,-1.0,1155,689,-0.4034632034632034,"21,22년"
583,제조업,지누스,1.0,2.0,4.0,3.0,4.0,5.0,2.0,2.0,1.0,78100,31300,-0.5992317541613317,"21,22년"
584,제조업,지엠비코리아,2.0,2.0,3.0,1.0,2.0,1.0,-1.0,0.0,-2.0,6450,4855,-0.2472868217054263,"21,22년"
585,제조업,진양산업,1.0,2.0,2.0,1.0,1.0,1.0,0.0,-1.0,-1.0,6770,6810,0.0059084194977843,"21,22년"
586,제조업,진양홀딩스,1.0,2.0,3.0,1.0,1.0,1.0,0.0,-1.0,-2.0,3230,3005,-0.0696594427244582,"21,22년"
587,제조업,진양화학,1.0,2.0,3.0,1.0,1.0,2.0,0.0,-1.0,-1.0,4380,3755,-0.1426940639269406,"21,22년"
588,제조업,참엔지니어링,1.0,3.0,4.0,1.0,2.0,3.0,0.0,-1.0,-1.0,1260,866,-0.3126984126984127,"21,22년"
589,제조업,체시스,1.0,3.0,3.0,1.0,1.0,2.0,0.0,-2.0,-1.0,1350,910,-0.3259259259259259,"21,22년"
590,제조업,카프로,3.0,2.0,4.0,2.0,1.0,2.0,-1.0,-1.0,-2.0,4145,2205,-0.4680337756332931,"21,22년"
591,제조업,컨버즈,3.0,2.0,3.0,1.0,1.0,2.0,-2.0,-1.0,-1.0,4100,4100,0.0,"21,22년"
592,제조업,케이비아이동국실업,2.0,2.0,2.0,1.0,1.0,1.0,-1.0,-1.0,-1.0,1015,619,-0.3901477832512315,"21,22년"
593,제조업,케이씨,3.0,2.0,4.0,1.0,3.0,2.0,-2.0,1.0,-2.0,22850,15500,-0.3216630196936542,"21,22년"
594,제조업,케이씨텍,3.0,3.0,3.0,1.0,2.0,3.0,-2.0,-1.0,0.0,22450,15100,-0.3273942093541203,"21,22년"
595,제조업,코리아써키트,4.0,2.0,4.0,2.0,1.0,1.0,-2.0,-1.0,-3.0,15750,14350,-0.0888888888888888,"21,22년"
596,제조업,코스맥스,5.0,5.0,4.0,4.0,5.0,2.0,-1.0,0.0,-2.0,124000,45800,-0.6306451612903226,"21,22년"
597,제조업,코스모신소재,3.0,2.0,3.0,2.0,2.0,1.0,-1.0,0.0,-2.0,42050,67100,0.5957193816884662,"21,22년"
598,제조업,코스모화학,3.0,2.0,3.0,2.0,1.0,1.0,-1.0,-1.0,-2.0,15500,25200,0.6258064516129033,"21,22년"
599,제조업,코아스,2.0,2.0,4.0,1.0,1.0,4.0,-1.0,-1.0,0.0,1290,787,-0.389922480620155,"21,22년"
600,제조업,코오롱인더,4.0,5.0,5.0,3.0,5.0,5.0,-1.0,0.0,0.0,89200,43500,-0.5123318385650224,"21,22년"
601,제조업,코오롱플라스틱,3.0,4.0,4.0,2.0,3.0,4.0,-1.0,-1.0,0.0,16250,9730,-0.4012307692307692,"21,22년"
602,제조업,큐로,1.0,2.0,3.0,1.0,2.0,1.0,0.0,0.0,-2.0,504,326,-0.3531746031746032,"21,22년"
603,제조업,크라운제과,2.0,4.0,4.0,2.0,3.0,2.0,0.0,-1.0,-2.0,10300,8140,-0.2097087378640776,"21,22년"
604,제조업,태경비케이,2.0,3.0,3.0,2.0,2.0,1.0,0.0,-1.0,-2.0,5680,5190,-0.0862676056338028,"21,22년"
605,제조업,태경산업,2.0,3.0,4.0,2.0,2.0,2.0,0.0,-1.0,-2.0,6440,6450,0.0015527950310559,"21,22년"
606,제조업,태경케미컬,1.0,3.0,3.0,1.0,2.0,1.0,0.0,-1.0,-2.0,13400,10000,-0.2537313432835821,"21,22년"
607,제조업,태광산업,3.0,5.0,4.0,1.0,2.0,2.0,-2.0,-3.0,-2.0,1000000,703000,-0.297,"21,22년"
608,제조업,태림포장,3.0,2.0,2.0,2.0,4.0,2.0,-1.0,2.0,0.0,4180,2525,-0.3959330143540669,"21,22년"
609,제조업,태원물산,2.0,2.0,3.0,1.0,1.0,1.0,-1.0,-1.0,-2.0,5360,4260,-0.2052238805970149,"21,22년"
610,제조업,태평양물산,2.0,4.0,3.0,1.0,3.0,1.0,-1.0,-1.0,-2.0,2720,1200,-0.5588235294117647,"21,22년"
611,제조업,테이팩스,4.0,4.0,4.0,3.0,5.0,3.0,-1.0,1.0,-1.0,72400,57600,-0.2044198895027624,"21,22년"
612,제조업,토니모리,1.0,2.0,4.0,1.0,1.0,4.0,0.0,-1.0,0.0,6850,3260,-0.5240875912408759,"21,22년"
613,제조업,티에이치엔,2.0,3.0,4.0,1.0,2.0,1.0,-1.0,-1.0,-3.0,4260,3735,-0.1232394366197183,"21,22년"
614,제조업,티웨이홀딩스,1.0,1.0,3.0,1.0,2.0,1.0,0.0,1.0,-2.0,1270,480,-0.6220472440944882,"21,22년"
615,제조업,팜스코,4.0,5.0,4.0,3.0,5.0,2.0,-1.0,0.0,-2.0,6080,3675,-0.3955592105263157,"21,22년"
616,제조업,퍼스텍,2.0,2.0,3.0,1.0,1.0,2.0,-1.0,-1.0,-1.0,2125,3025,0.4235294117647059,"21,22년"
617,제조업,퍼시스,2.0,4.0,3.0,1.0,2.0,1.0,-1.0,-2.0,-2.0,39050,27400,-0.2983354673495518,"21,22년"
618,제조업,페이퍼코리아,3.0,2.0,3.0,2.0,1.0,1.0,-1.0,-1.0,-2.0,1750,1140,-0.3485714285714286,"21,22년"
619,제조업,평화산업,4.0,2.0,4.0,1.0,2.0,3.0,-3.0,0.0,-1.0,2115,1255,-0.4066193853427896,"21,22년"
620,제조업,평화홀딩스,4.0,2.0,4.0,1.0,1.0,4.0,-3.0,-1.0,0.0,4995,2925,-0.4144144144144144,"21,22년"
621,제조업,포스코케미칼,5.0,6.0,4.0,4.0,5.0,3.0,-1.0,-1.0,-1.0,145500,199500,0.3711340206185567,"21,22년"
622,제조업,풀무원,5.0,6.0,6.0,4.0,6.0,5.0,-1.0,0.0,-1.0,17050,10250,-0.3988269794721407,"21,22년"
623,제조업,풍산,3.0,5.0,5.0,2.0,4.0,4.0,-1.0,-1.0,-1.0,33100,26100,-0.2114803625377643,"21,22년"
624,제조업,하이스틸,2.0,3.0,4.0,1.0,2.0,3.0,-1.0,-1.0,-1.0,3440,3565,0.0363372093023255,"21,22년"
625,제조업,하이트진로,4.0,5.0,3.0,3.0,4.0,3.0,-1.0,-1.0,0.0,34800,25650,-0.2629310344827586,"21,22년"
626,제조업,한국내화,3.0,3.0,3.0,2.0,4.0,1.0,-1.0,1.0,-2.0,4010,2805,-0.300498753117207,"21,22년"
627,제조업,한국쉘석유,2.0,4.0,4.0,2.0,2.0,3.0,0.0,-2.0,-1.0,279000,249000,-0.1075268817204301,"21,22년"
628,제조업,한국조선해양,5.0,4.0,5.0,4.0,5.0,4.0,-1.0,1.0,-1.0,103000,72700,-0.2941747572815534,"21,22년"
629,제조업,한국주강,1.0,1.0,2.0,1.0,1.0,1.0,0.0,0.0,-1.0,6000,2425,-0.5958333333333333,"21,22년"
630,제조업,한국철강,3.0,3.0,4.0,2.0,1.0,3.0,-1.0,-2.0,-1.0,8990,5820,-0.3526140155728587,"21,22년"
631,제조업,한국카본,3.0,4.0,3.0,4.0,5.0,1.0,1.0,1.0,-2.0,12550,11100,-0.1155378486055776,"21,22년"
632,제조업,한국콜마,4.0,5.0,4.0,4.0,4.0,4.0,0.0,-1.0,0.0,44650,34250,-0.2329227323628219,"21,22년"
633,제조업,한국타이어앤테크놀로지,4.0,5.0,3.0,3.0,5.0,2.0,-1.0,0.0,-1.0,41350,36550,-0.1160822249093107,"21,22년"
634,제조업,한국특강,2.0,3.0,3.0,2.0,2.0,1.0,0.0,-1.0,-2.0,2940,2130,-0.2755102040816326,"21,22년"
635,제조업,한국항공우주,5.0,6.0,4.0,3.0,5.0,2.0,-2.0,-1.0,-2.0,30550,47350,0.5499181669394435,"21,22년"
636,제조업,한국화장품제조,2.0,3.0,3.0,1.0,2.0,2.0,-1.0,-1.0,-1.0,31550,18000,-0.4294770206022187,"21,22년"
637,제조업,한농화성,2.0,3.0,3.0,1.0,1.0,1.0,-1.0,-2.0,-2.0,19650,13600,-0.3078880407124681,"21,22년"
638,제조업,한미반도체,1.0,1.0,3.0,1.0,1.0,3.0,0.0,0.0,0.0,32150,11800,-0.6329704510108864,"21,22년"
639,제조업,한섬,5.0,6.0,5.0,5.0,5.0,3.0,0.0,-1.0,-2.0,42150,25100,-0.4045077105575326,"21,22년"
640,제조업,한성기업,1.0,3.0,3.0,1.0,1.0,1.0,0.0,-2.0,-2.0,6610,5090,-0.2299546142208774,"21,22년"
641,제조업,한세실업,3.0,3.0,4.0,2.0,4.0,2.0,-1.0,1.0,-2.0,23200,14750,-0.3642241379310345,"21,22년"
642,제조업,한세예스24홀딩스,1.0,3.0,4.0,2.0,4.0,4.0,1.0,1.0,0.0,7970,4620,-0.4203262233375157,"21,22년"
643,제조업,한솔제지,5.0,5.0,5.0,4.0,5.0,4.0,-1.0,0.0,-1.0,14400,13650,-0.0520833333333333,"21,22년"
644,제조업,한솔케미칼,5.0,5.0,5.0,2.0,4.0,4.0,-3.0,-1.0,-1.0,329000,185500,-0.4361702127659574,"21,22년"
645,제조업,한솔테크닉스,4.0,5.0,5.0,3.0,5.0,4.0,-1.0,0.0,-1.0,6760,5200,-0.2307692307692307,"21,22년"
646,제조업,한솔홈데코,4.0,5.0,5.0,2.0,3.0,4.0,-2.0,-2.0,-1.0,2000,1055,-0.4725,"21,22년"
647,제조업,한온시스템,4.0,4.0,4.0,4.0,5.0,2.0,0.0,1.0,-2.0,14400,7800,-0.4583333333333333,"21,22년"
648,제조업,한일시멘트,4.0,4.0,3.0,4.0,5.0,1.0,0.0,1.0,-2.0,19300,11300,-0.4145077720207253,"21,22년"
649,제조업,한일철강,1.0,2.0,3.0,1.0,1.0,1.0,0.0,-1.0,-2.0,3235,2910,-0.1004636785162287,"21,22년"
650,제조업,한일현대시멘트,4.0,4.0,4.0,4.0,4.0,3.0,0.0,0.0,-1.0,34350,18200,-0.470160116448326,"21,22년"
651,제조업,한일홀딩스,4.0,4.0,3.0,4.0,5.0,1.0,0.0,1.0,-2.0,13950,10100,-0.2759856630824372,"21,22년"
652,제조업,한창제지,2.0,2.0,3.0,2.0,2.0,3.0,0.0,0.0,0.0,2050,1490,-0.2731707317073171,"21,22년"
653,제조업,한화,5.0,6.0,5.0,5.0,6.0,5.0,0.0,0.0,0.0,33500,25400,-0.2417910447761194,"21,22년"
654,제조업,한화솔루션,5.0,6.0,4.0,5.0,5.0,2.0,0.0,-1.0,-2.0,40850,47200,0.1554467564259486,"21,22년"
655,제조업,한화시스템,4.0,5.0,5.0,4.0,6.0,5.0,0.0,1.0,0.0,16400,11150,-0.3201219512195122,"21,22년"
656,제조업,한화에어로스페이스,5.0,5.0,5.0,4.0,5.0,3.0,-1.0,0.0,-2.0,45000,66300,0.4733333333333333,"21,22년"
657,제조업,해성디에스,5.0,6.0,5.0,4.0,5.0,4.0,-1.0,-1.0,-1.0,43500,38000,-0.1264367816091954,"21,22년"
658,제조업,해태제과식품,1.0,4.0,4.0,1.0,3.0,2.0,0.0,-1.0,-2.0,8310,5880,-0.2924187725631769,"21,22년"
659,제조업,핸즈코퍼레이션,3.0,3.0,4.0,2.0,3.0,1.0,-1.0,0.0,-3.0,5530,2950,-0.4665461121157324,"21,22년"
660,제조업,현대건설기계,4.0,6.0,5.0,4.0,5.0,5.0,0.0,-1.0,0.0,40250,43000,0.0683229813664596,"21,22년"
661,제조업,현대로템,5.0,6.0,5.0,5.0,6.0,5.0,0.0,0.0,0.0,22500,24350,0.0822222222222222,"21,22년"
662,제조업,현대리바트,5.0,6.0,5.0,5.0,5.0,5.0,0.0,-1.0,0.0,15850,8420,-0.468769716088328,"21,22년"
663,제조업,현대모비스,5.0,6.0,5.0,5.0,6.0,4.0,0.0,0.0,-1.0,252000,219000,-0.1309523809523809,"21,22년"
664,제조업,현대미포조선,5.0,6.0,5.0,4.0,5.0,4.0,-1.0,-1.0,-1.0,75700,91800,0.2126816380449141,"21,22년"
665,제조업,현대비앤지스틸,4.0,6.0,4.0,4.0,4.0,1.0,0.0,-2.0,-3.0,16700,10400,-0.3772455089820359,"21,22년"
667,제조업,현대위아,5.0,6.0,5.0,5.0,5.0,4.0,0.0,-1.0,-1.0,84100,61100,-0.2734839476813318,"21,22년"
668,제조업,현대일렉트릭,5.0,6.0,5.0,4.0,5.0,4.0,-1.0,-1.0,-1.0,22100,34350,0.5542986425339367,"21,22년"
669,제조업,현대제철,4.0,4.0,5.0,5.0,5.0,4.0,1.0,1.0,-1.0,44450,28100,-0.3678290213723285,"21,22년"
670,제조업,현대중공업,,,,4.0,5.0,4.0,,,,117000,109000,-0.0683760683760683,"21,22년"
671,제조업,형지엘리트,1.0,3.0,3.0,1.0,2.0,1.0,0.0,-1.0,-2.0,3925,1455,-0.6292993630573248,"21,22년"
672,제조업,호전실업,1.0,2.0,4.0,1.0,1.0,2.0,0.0,-1.0,-2.0,13800,7250,-0.4746376811594203,"21,22년"
