회사명,거래소코드,회계년도,자산(*)(IFRS연결)(천원),[공통]   배당금(*)(요약)(IFRS),부채비율(IFRS연결),자기자본구성비율(IFRS연결),매출액증가율(IFRS연결),영업활동으로 인한 현금흐름(간접법)(*)(IFRS연결)(천원),[공통]PBR(최고)(IFRS),[공통]PBR(최저)(IFRS),[공통]매출액(요약)
(주)BNK금융지주,138930,2018/12,98793581957,97776,1072.63,8.53,4.88,354436107,0.78,0.51,102094
(주)DB하이텍,000990,2018/12,1066533840,10857,91,52.36,-1.54,180343534,1.84,0.88,669279
(주)HJ중공업,097230,2018/12,2733620000,0,0,-25.91,-30.76,420195000,0,0,1750954
(주)JB금융지주,175330,2018/12,46779843000,34982,1252.68,7.39,6.85,432089000,0.58,0.45,100858
(주)KB금융지주,105560,2018/12,479588298000,759736,1242.89,7.45,7.13,-8957618000,1.58,1.01,1115279
(주)MH에탄올,023150,2018/12,440177523,2348,380.62,20.81,40.05,-11269669,0.78,0.51,46943
(주)SH에너지화학,002360,2018/12,122434685,2549,16.17,86.08,-2.4,5202762,2.06,0.9,180753
(주)SIMPAC,009160,2018/12,681750819,3633,56.71,63.81,32.74,37360242,0.38,0.14,268864
(주)SNT에너지,100840,2018/12,,105,,,,,0.55,0.33,139516
(주)SNT홀딩스,036530,2018/12,2113834573,6307,40.62,71.12,-7.08,128942884,0.62,0.42,7292
(주)STX,011810,2018/12,554061000,0,765.34,11.56,-16.68,-48114000,11.95,3.36,1329890
(주)TCC스틸,002710,2018/12,304781579,1707,171.53,36.83,5.57,21492009,0.64,0.39,351302
(주)강원랜드,035250,2018/12,4231241354,182465,17.97,84.77,-10.37,363918692,2.15,1.59,1436042
(주)갤럭시아에스엠,011420,2018/12,33253331,0,25.62,79.61,-40.83,-2809869,3.72,1.31,22030
(주)경농,002100,2018/12,357260541,4466,77.34,56.39,2.96,10607249,1.97,0.68,146217
(주)경동나비엔,009450,2018/12,583595818,3156,108.35,48,6.15,-14286091,4.09,1.94,618058
(주)경동도시가스,267290,2018/12,778269612,4124,142.84,41.18,84.33,120705226,0.82,0.5,1605687
(주)경동인베스트,012320,2018/12,592002536,1137,48.79,67.21,17.21,12513851,0.58,0.27,7461
(주)경방,000050,2018/12,1301792841,3371,83.67,54.45,-2.59,12093896,0.65,0.39,279085
(주)경보제약,214390,2018/12,,4781,,,,,2.91,1.57,201344
(주)경인양행,012610,2018/12,412996589,2008,84.57,54.18,10.37,1873412,1.57,0.99,222659
(주)광명전기,017040,2018/12,151823119,0,53.75,65.04,12.36,-3815893,2.81,1.09,96950
(주)광주신세계,037710,2018/12,,4800,,,,,0.64,0.43,135213
(주)국동,005320,2018/12,123134702,0,154.02,39.37,14.59,-3944667,1.79,0.67,136812
(주)국보,001140,2018/12,48188113,0,259.29,27.83,-8.57,-6078157,11.05,2.79,66930
(주)금양,001570,2018/12,204777156,3057,157.72,38.8,13.9,17366463,2.8,1.94,151676
(주)금호에이치티,214330,2018/12,238380056,0,90.93,52.38,16.44,1469654,0.73,0.35,189250
(주)까뮤이앤씨,013700,2018/12,,665,,,,,1.27,0.08,116297
(주)나이스홀딩스,034310,2018/12,2172977804,6819,108.94,47.86,11.16,248439460,2.49,1.6,40325
(주)남선알미늄,008350,2018/12,303023071,0,79.6,55.68,0,24209488,2.22,0.63,347835
(주)남성,004270,2018/12,205083689,315,147.78,40.36,-9.5,979658,1.1,0.41,63605
(주)넥센,005720,2018/12,3825103267,4226,103.16,49.22,333.09,135605706,0.81,0.51,341729
(주)노루페인트,090350,2018/12,607444943,5118,97.35,50.67,11.48,13983628,0.94,0.54,537142
(주)노루홀딩스,000320,2018/12,987142342,4690,75.81,56.88,8.39,7431567,0.76,0.52,32517
(주)녹십자,006280,2018/12,1723409866,11413,53.03,65.35,3.65,14410216,3.17,1.45,1141423
(주)녹십자홀딩스,005250,2018/12,2628599972,11352,80.89,55.28,5.68,37643839,3.82,1.8,140084
(주)농심,004370,2018/12,2532286535,23131,33.44,74.94,1.28,146872696,1.18,0.69,1857814
(주)농심홀딩스,072710,2018/12,1194827993,9276,33.37,74.98,9.39,15566568,1.01,0.56,18121
(주)다우기술,023590,2018/12,19345653730,0,692.67,12.62,63.56,-1441357903,2.44,1.6,192269
(주)다이나믹디자인,145210,2018/12,172063702,0,512.12,16.34,-26.94,15148029,33.08,10.4,75650
(주)대교,019680,2018/12,830328382,9771,34.61,74.29,-6.04,64180906,1.53,1.09,705494
(주)대구백화점,006370,2018/12,700202374,1159,125.96,44.26,26.65,-29654850,0.42,0.29,106227
(주)대덕,008060,2018/12,1136921457,20873,15.55,86.54,0,37835839,0.53,0.38,590732
(주)대동,000490,2018/12,772716728,1036,255.27,28.15,7.32,3948352,1.67,0.71,475867
(주)대양금속,009190,2018/12,,0,,,,,7.74,2.49,165044
(주)대우건설,047040,2018/12,8733846010,0,276.83,26.54,-9.87,176191450,1.43,0.83,10204675
(주)대웅,003090,2018/12,1592170452,4318,65.11,60.57,9.55,45380803,4.5,2.5,47887
(주)대웅제약,069620,2018/12,1207846352,6193,98.72,50.32,7.41,47499563,5.72,3.32,943522
(주)대유에이텍,002880,2018/12,889580574,0,422.25,19.15,3.23,27493108,1.91,0.83,386822
(주)대유플러스,000300,2018/12,1000928259,0,625.47,13.78,9.98,58752215,1.42,0.65,68749
(주)대창,012800,2018/12,569961204,2307,164.19,37.85,-3.26,28761222,0.82,0.43,453111
(주)대한항공,003490,2018/12,25574772722,24044,783.45,11.32,7.6,2792632458,1.47,0.93,12646865
(주)대현,016090,2018/12,,3543,,,,,0.72,0.44,286316
(주)대호에이엘,069460,2018/12,,0,,,,,8.34,1.03,132411
(주)더메디팜,118000,2018/12,61440300,0,231.91,30.13,-6.53,-2708020,5.83,2.39,12261
(주)더존비즈온,012510,2018/12,278701440,13074,53,65.36,10.37,62134906,13.34,6.27,223091
(주)덕성,004830,2018/12,100557111,317,60.01,62.5,-16.84,-500742,1.46,0.66,79923
(주)덴티움,145720,2018/12,436826577,1294,124.32,44.58,23.68,-574593,5.59,2.89,145739
(주)도화엔지니어링,002150,2018/12,375922304,7373,51.13,66.17,0.88,28701404,1.58,0.65,401240
(주)동남합성,023450,2018/12,,3963,,,,,1.51,1.3,139267
(주)동방,004140,2018/12,554091662,236,325.61,23.5,4.01,28512262,1,0.4,474419
(주)동방아그로,007590,2018/12,185736751,2901,39.65,71.61,0.72,2651985,1.15,0.64,120666
(주)동서,026960,2018/12,1432202480,69071,11.01,90.09,0.79,95372753,2.49,1.36,495109
(주)동성케미컬,102260,2018/12,808116611,8799,101.69,49.58,-1.72,47656277,1.34,0.89,325021
(주)동아지질,028100,2018/12,284762190,2260,62.94,61.37,6.18,53487076,1.89,0.77,360734
(주)동양,001520,2018/12,977551540,10259,17.2,85.33,9.66,23815633,0.68,0.42,359248
(주)동양고속,084670,2018/12,195948851,1378,73.9,57.51,-6.77,7886099,1.01,0.6,132214
(주)동원에프앤비,049770,2018/12,1403607395,11577,121.92,45.06,9.79,26133525,2.46,1.49,1632632
(주)두산,000150,2018/12,28880281620,25742,304.2,24.74,3.34,1021890995,1.64,1.05,2919401
(주)두올,016740,2018/12,346631230,2599,111.41,47.3,40.02,38958769,1.91,0.61,209597
(주)디비아이엔씨,012030,2018/12,288416201,0,109.65,47.7,18.84,6756873,1.75,0.87,206839
(주)디아이,003160,2018/12,210488936,1434,47.92,67.6,28.8,9181020,1.93,0.9,80608
(주)디아이씨,092200,2018/12,810320832,1113,334.34,23.02,-7.07,33394836,1.59,0.78,362352
(주)디알비동일,004840,2018/12,714235989,2295,60.04,62.48,-0.26,27836869,0.81,0.56,111037
(주)디엔오토모티브,007340,2018/12,870759626,8727,54.52,64.72,3.49,74155011,1.22,0.92,145491
(주)디지비금융지주,139130,2018/12,64917599789,60892,1182.18,7.8,14.25,368662788,0.85,0.52,131683
(주)락앤락,115390,2018/12,739351255,4335,11.93,89.34,4.06,50977827,2.83,1.36,141324
(주)마니커,027740,2018/12,193296432,0,86.92,53.5,5.67,3818277,2.12,0.77,269906
(주)메리츠금융지주,138040,2018/12,52205220231,64784,857.08,10.45,27.54,-3295935210,2.26,1.31,158340
(주)메타랩스,090370,2018/12,107107244,0,46.23,68.39,76.56,-6896736,4.15,1.04,18523
(주)모나리자,012690,2018/12,,1828,,,,,3.18,1.24,113031
(주)모나미,005360,2018/12,170574793,1278,129.1,43.65,-1.79,7352163,1.4,0.77,100851
(주)모토닉,009680,2018/12,434168419,6625,9.87,91.01,-7.7,21845153,0.99,0.66,187940
(주)무학,033920,2018/12,618969273,9865,22.22,81.82,-22.67,-17678723,1.22,0.62,177542
(주)미래아이앤지,007120,2018/12,57570343,0,4.42,95.77,-16.37,-3032397,1.57,0.61,6454
(주)백산,035150,2018/12,294732636,2366,113.43,46.85,52.87,-7983477,1.4,0.88,191666
(주)벽산,007210,2018/12,474553687,873,60.48,62.31,4.27,-4945420,1.38,0.58,267776
(주)보락,002760,2018/12,,300,,,,,6.6,1.49,33763
(주)보령,003850,2018/12,450017573,2522,75.72,56.91,8.91,38913968,2.4,0.33,460402
(주)비비안,002070,2018/12,141137610,909,34.92,74.12,-1.76,754438,0.62,0.41,183178
(주)비상교육,100220,2018/12,254277215,2448,22.92,81.35,11.18,17487496,1.13,0.47,140593
(주)비와이씨,001460,2018/12,738431267,845,81.25,55.17,1.05,49052410,0.64,0.48,197124
(주)비지에프,027410,2018/12,1624874724,3337,7.2,93.28,78.12,-29202164,0.93,0.42,86755
(주)비지에프리테일,282330,2018/12,1482568537,46297,184.2,35.19,515.28,345797723,10.06,6.26,5774158
(주)빙그레,005180,2018/12,653929093,11936,19.97,83.35,-0.27,72584775,1.52,1.12,838159
(주)사조대림,003960,2018/12,720876010,895,127.9,43.88,-5.1,7584904,1.01,0.56,431028
(주)사조오양,006090,2018/12,,471,,,,,0.93,0.55,296146
(주)삼성출판사,068290,2018/12,190739722,1000,64.55,60.77,5.37,9765146,2.93,1.3,47697
(주)삼양사,145990,2018/12,2173866563,15040,71.72,58.24,4.05,68379880,1.13,0.55,1666024
(주)삼양패키징,272550,2018/12,,7105,,,,,1.45,0.87,366292
(주)삼양홀딩스,000070,2018/12,3313797255,15488,65.53,60.41,6.98,87460027,1.03,0.47,83057
(주)삼영,003720,2018/12,105230478,0,127.04,44.04,2.58,-3768976,0.96,0.5,89805
(주)삼원강재,023000,2018/12,,4600,,,,,0.69,0.5,286792
(주)삼익악기,002450,2018/12,594358054,4177,181.05,35.58,-8.52,-15071500,1.54,0.74,97084
(주)삼일씨엔에스,004440,2018/12,,0,,,,,0.85,0.42,205638
(주)삼천리,004690,2018/12,3699411189,10690,170.36,36.99,4.95,125020396,0.41,0.29,2534707
(주)상상인증권,001290,2018/12,499843166,0,402.14,19.91,-23.41,148424474,2.57,0.89,34253
(주)서연,007860,2018/12,2696306676,1085,183.74,35.24,-2.08,53586511,0.57,0.22,13969
(주)서연이화,200880,2018/12,1696230428,2702,154.45,39.3,-5.01,-30245336,0.46,0.15,936607
(주)서원,021050,2018/12,220110079,697,109.05,47.83,0.34,3232594,0.9,0.55,203910
(주)서흥,008490,2018/12,639100630,3892,107.38,48.22,12.42,49006541,2.25,1.18,285040
(주)선앤엘,002820,2018/12,625332075,852,145.13,40.79,-8.98,23855396,0.49,0.22,305041
(주)선진,136490,2018/12,917160519,1189,176.99,36.1,11.72,-26140064,1.23,0.69,746427
(주)성안,011300,2018/12,306490119,0,223.14,30.95,8.4,-21197612,0.62,0.27,62396
(주)세아베스틸지주,001430,2018/12,3718893786,30256,86.41,53.64,7.29,88020960,0.71,0.33,2042371
(주)세아제강,306200,2018/12,,5099,,,,,,,433409
(주)세아제강지주,003030,2018/12,2445381294,7273,80.79,55.31,-22.19,127506066,1.04,0.43,10797
(주)세아특수강,019440,2018/12,500036175,7576,53.81,65.01,-0.86,35788901,0.59,0.41,594482
(주)세아홀딩스,058650,2018/12,5453865784,9998,81.35,55.14,7.98,140737275,0.72,0.42,53197
(주)세우글로벌,013000,2018/12,43410663,0,32.9,75.24,-11.46,4600038,1.58,0.74,28386
(주)세이브존아이앤씨,067830,2018/12,575796681,1888,32.48,75.48,-2.51,9289493,0.48,0.3,172309
(주)세진중공업,075580,2018/12,368276715,767,132.54,43,-13.33,21018411,1.3,0.71,210536
(주)셀트리온,068270,2018/12,3503108205,2492,34.98,74.08,3.48,364786083,28.49,14.32,861884
(주)수산중공업,017550,2018/12,204937118,0,107.03,48.3,-17,2322930,1.56,0.76,80001
(주)시디즈,134790,2018/12,,504,,,,,7.78,2.9,140959
(주)신도리코,029530,2018/12,950210537,15732,9.02,91.72,-0.09,49467505,0.87,0.5,524069
(주)신성이엔지,011930,2018/12,413145099,0,262.14,27.61,-57.13,-44492773,4.35,1.73,320629
(주)신세계,004170,2018/12,11101280507,19673,121.93,45.06,33.95,331265089,1.51,0.78,1739327
(주)신세계아이앤씨,035510,2018/12,,2455,,,,,1.81,0.72,373531
(주)신세계인터내셔날,031430,2018/12,982473531,6069,80.32,55.46,14.52,106742229,3.88,1.12,1120763
(주)신세계푸드,031440,2018/12,624958687,2904,97.21,50.71,5.88,30013046,2.23,1.02,1263685
(주)신영와코루,005800,2018/12,335722109,1350,8.89,91.84,-6.01,4454509,0.52,0.36,169819
(주)신원,009270,2018/12,412251485,0,125.34,44.38,-2.88,5003820,1.56,0.58,617517
(주)신풍,002870,2018/12,167283571,2217,220.29,31.22,6.81,13997698,1.24,0.54,144470
(주)신한금융지주회사,055550,2018/12,459600510000,753041,1153.98,7.97,-0.82,-6320196000,1.22,0.88,1512972
(주)신화다이나믹스,001770,2018/12,,121,,,,,1.03,0.59,71644
(주)신흥,004080,2018/12,132689386,574,51.98,65.8,0.33,1979454,1.38,1.04,121270
(주)쌍방울,102280,2018/12,380150026,0,86.31,53.67,-7.28,3895464,1,0.48,95330
(주)쎌마테라퓨틱스,015540,2018/12,19548915,0,442.49,18.43,-43.26,-9196113,16.13,7.81,11533
(주)씨아이테크,004920,2018/12,42991097,0,77.3,56.4,48.6,-499829,2.69,1.1,12162
(주)아모레퍼시픽,090430,2018/12,5371137218,81446,20.8,82.78,3.01,646677307,6.21,2.54,3670705
(주)아모레퍼시픽그룹,002790,2018/12,7387374444,25852,18.34,84.5,0.81,730651304,8.33,3.03,73340
(주)아센디오,012170,2018/12,124156576,0,137.67,42.08,-49.59,-3357320,2.41,0.87,8400
(주)아이마켓코리아,122900,2018/12,1078276076,15321,144.22,40.95,-4.71,17082071,1.1,0.6,2248879
(주)아이에이치큐,003560,2018/12,231274872,0,13.05,88.46,-13.68,40524688,2.55,1.04,100747
(주)알루코,001780,2018/12,744332478,1864,165.13,37.72,9.77,73640861,2.03,0.77,230339
(주)에넥스,011090,2018/12,155415491,553,161.38,38.26,2.57,-3655101,2.43,0.94,442045
(주)에스비에스,034120,2018/12,957646531,0,68.46,59.36,18.21,55145599,0.99,0.58,872490
(주)에스엠벡셀,010580,2018/12,,0,,,,,2.05,1.36,79623
(주)에스원,012750,2018/12,1682854294,84526,33.31,75.01,3.92,236971524,3.87,3.03,1998320
(주)에스제이엠,123700,2018/12,200078252,1560,20.21,83.19,-4.81,9716315,0.6,0.33,70952
(주)에스제이엠홀딩스,025530,2018/12,289533520,2033,18.7,84.25,-5.36,11740362,0.49,0.31,5327
(주)에스지글로벌,001380,2018/12,199625376,0,57.12,63.65,-6.1,3511768,2.03,0.55,98645
(주)에스지세계물산,004060,2018/12,334422865,0,69.86,58.87,12.18,-14284604,1.11,0.53,317556
(주)에스피씨삼립,005610,2018/12,752266530,5364,139.61,41.73,6.55,68342779,5.16,3.24,1016327
(주)에이블씨엔씨,078520,2018/12,388078221,0,21.73,82.15,-7.44,-39512847,1.76,0.66,308391
(주)에이엔피,015260,2018/12,153373698,0,128.71,43.72,6.6,687386,1.12,0.39,94895
(주)에이프로젠,007460,2018/12,395155647,0,102.11,49.48,13.7,-1489227,4.81,1.59,49941
(주)에이프로젠바이오로직스,003060,2018/12,217062048,0,44.22,69.34,-1.53,1331381,3.51,1.46,30961
(주)에프앤에프홀딩스,007700,2018/12,495832732,10010,25.59,79.62,19.31,27308909,4.29,1.48,646028
(주)엔씨소프트,036570,2018/12,2941278714,124584,23.64,80.88,-2.48,352800469,4.99,3.18,1529913
(주)엔아이스틸,008260,2018/12,,1430,,,,,1.14,0.56,150733
(주)엔케이,085310,2018/12,205486074,0,69.96,58.84,-10.97,-7145059,1.87,0.7,75576
(주)엘에스,006260,2018/12,10490289000,34709,140.63,41.56,6.25,49863000,1.47,0.76,242003
(주)엘에스네트웍스,000680,2018/12,1273639855,0,99.58,50.1,0.57,8954331,0.64,0.4,205400
(주)엘에프,093050,2018/12,1651840925,14620,39.58,71.64,6.53,124688338,0.97,0.56,1414779
(주)엘엑스인터내셔널,001120,2018/12,5038072461,9665,225.13,30.76,-22.13,30788924,1.11,0.52,2904287
(주)엘엑스하우시스,108670,2018/12,2509714000,2546,173.76,36.53,0.31,140663000,1.1,0.53,2817733
(주)엘지,003550,2018/12,22835911000,351708,25.72,79.54,0.88,494943000,1.94,1.24,757196
(주)엘지생활건강,051900,2018/12,5275874284,155098,46.8,68.12,7.61,817116844,10.37,6.99,4060158
(주)엘지유플러스,032640,2018/12,13939948000,174645,103.4,49.16,-1.26,2069439000,1.59,1.02,12096778
(주)엘지헬로비전,037560,2018/12,1935138662,5809,82.69,54.74,0,262556593,1.05,0.62,1171387
(주)엘지화학,051910,2018/12,28944137000,460058,67.09,59.85,9.67,2124969000,2.28,1.54,23315318
(주)엠씨넥스,097520,2018/12,391053609,5099,201.49,33.17,4.26,125537619,0,0,627642
(주)영원무역,111770,2018/12,2638946077,15353,58.67,63.02,4.58,183941793,1.66,1.06,1162756
(주)영원무역홀딩스,009970,2018/12,3262155793,9284,49.63,66.83,5.62,271732948,1.89,1.38,18605
(주)영풍,000670,2018/12,4721553263,17201,34.62,74.28,-20.23,119029754,1.22,0.67,1381856
(주)영흥,012160,2018/12,292950382,540,76.07,56.79,10.74,7915391,1.19,0.47,183979
(주)예스코홀딩스,015360,2018/12,1520633168,6399,135.02,42.55,-1.78,-21208927,0.52,0.41,395270
(주)오뚜기,007310,2018/12,2063478708,25443,61.76,61.82,5.67,196932952,2.95,2.1,2097130
(주)오리온,271560,2018/12,2351350662,23716,62.77,61.43,72.48,400594004,9.7,5.1,711902
(주)오리온홀딩스,001800,2018/12,4342134128,21516,36.69,73.16,1671.81,350515237,0.99,0.5,26309
(주)와이지플러스,037270,2018/12,146754665,0,27.05,78.71,41.25,9137918,1.64,1.11,39841
(주)와이투솔루션,011690,2018/12,194186138,0,80.72,55.33,-18.76,-2094917,6.93,2.46,91081
(주)용평리조트,070960,2018/12,812775928,3369,96.24,50.96,-13.49,52504906,1.51,0.57,181088
(주)우성,006980,2018/12,282202976,0,77.28,56.41,5.03,-12034182,0.97,0.42,259961
(주)우신시스템,017370,2018/12,300007702,167,172.09,36.75,19.57,-23570960,1.69,0.93,138018
(주)우진,105840,2018/12,211028961,0,61.06,62.09,-4.46,5387713,1.79,0.64,42309
(주)우진아이엔에스,010400,2018/12,122226689,3049,12.01,89.27,-5.32,19928752,0.15,0.05,132971
(주)우진플라임,049800,2018/12,287714584,0,331.16,23.19,-25.13,12292414,1.34,0.55,171586
(주)웅진,016880,2018/12,759854099,0,236.76,29.7,2.68,-56702666,1.6,0.57,155687
(주)웅진씽크빅,095720,2018/12,653284606,0,104.79,48.83,2.98,38279637,1,0.34,631133
(주)원림,005820,2018/12,150036326,0,33.26,75.04,6.56,-2438138,0.98,0.55,48006
(주)위스컴,024070,2018/12,127792595,150,9.08,91.68,-4.22,3642436,0.54,0.31,102094
(주)윌비스,008600,2018/12,304848695,0,130.79,43.33,-4.56,-1502090,0.78,0.35,233282
(주)유니드,014830,2018/12,1111856122,9779,69.64,58.95,6.77,54950769,0.98,0.61,526886
(주)유니온,000910,2018/12,306580016,1401,108.16,48.04,15.31,-4498818,1.01,0.49,96527
(주)유니켐,011330,2018/12,118585016,0,88.68,53,26.64,-6829114,2.24,1.25,79075
(주)유수홀딩스,000700,2018/12,541149251,0,63.17,61.29,-11.35,4338587,1.49,0.89,15129
(주)유유제약,000220,2018/12,135226315,1444,55.66,64.24,32.21,6110025,2.02,0.95,74048
(주)유한양행,000100,2018/12,2173812633,22722,31.61,75.98,3.87,93451633,2.4,1.39,1506766
(주)이노션,214320,2018/12,1740942672,30000,134.68,42.61,8.83,4535987,2.54,1.71,418280
(주)이마트,139480,2018/12,16753863685,55728,89.15,52.87,7.38,769798163,1.11,0.61,13148337
(주)이수페타시스,007660,2018/12,505590089,2784,184.59,35.14,5.46,-26634427,1.66,0.8,333096
(주)이수화학,005950,2018/12,935654740,5810,132.51,43.01,1.56,-39082089,0.41,0.24,1215894
(주)이스타코,015020,2018/12,80340272,0,133.53,42.82,-50.69,-2778036,1.84,0.64,6010
(주)이아이디,093230,2018/12,80001294,0,8.3,92.34,43.8,-7642775,1.04,0.3,121292
(주)이엔플러스,074610,2018/12,91298144,0,137.16,42.17,-10.97,-6451677,15.06,2.65,28996
(주)이원,017940,2018/12,3565388941,11564,170.95,36.91,5.04,184738745,0.4,0.29,4152466
(주)이월드,084680,2018/12,,0,,,,,1.7,0.87,33574
(주)인디에프,014990,2018/12,138090885,0,108.38,47.99,-1.73,3386905,3.28,0.95,197600
(주)인바이오젠,101140,2018/12,,0,,,,,6.1,2.24,7566
(주)인스코비,006490,2018/12,57443802,0,85.94,53.78,18.21,2730880,50.86,6.47,29321
(주)인팩,023810,2018/12,284424486,1300,141.36,41.43,46.73,3376298,0.64,0.38,129071
(주)일신석재,007110,2018/12,,0,,,,,5.49,1.72,54142
(주)잇츠한불,226320,2018/12,535580626,2642,12.81,88.64,-12.87,3870030,3.79,1.16,142742
(주)제이에스코퍼레이션,194370,2018/12,189468046,3820,22.04,81.94,-12.97,6596817,1.45,0.89,195063
(주)제일기획,030000,2018/12,2172078164,77985,143.29,41.1,3.05,224014016,4.92,3.58,1198293
(주)제주은행,006220,2018/12,5980941000,3213,1164.49,7.91,7.61,-16589000,0.36,0.22,224308
(주)제주항공,089590,2018/12,1031605312,17095,169.76,37.07,26.4,121465168,4,2.12,1256645
(주)조비,001550,2018/12,,0,,,,,4.43,1.2,60513
(주)조흥,002600,2018/12,,3600,,,,,1.42,0.8,168071
(주)종근당,185750,2018/12,711494874,8839,65.12,60.56,8.13,42627762,3.83,2.09,955705
(주)종근당바이오,063160,2018/12,,1026,,,,,1.02,0.62,124510
(주)종근당홀딩스,001630,2018/12,871435736,6513,29.91,76.97,17.83,37931092,1.21,0.79,19756
(주)주연테크,044380,2018/12,60682697,0,35.92,73.57,-27.25,-5627011,1.84,0.77,38574
(주)지에스,078930,2018/12,22630978000,179972,115.02,46.51,9.47,1269197000,1.32,0.87,506038
(주)지에스글로벌,001250,2018/12,1336006542,2062,231.44,30.17,19.81,-10345948,1.08,0.48,3563768
(주)지에스리테일,007070,2018/12,5098880173,50050,107.41,48.21,5.14,324777732,1.83,1.18,8354476
(주)지투알,035000,2018/12,632827969,4052,385.21,20.61,7.36,-42043242,1.99,1.25,17218
(주)진도,088790,2018/12,160710502,1870,53.48,65.16,-6.37,2003873,0.79,0.54,120063
(주)진양홀딩스,100250,2018/12,496161913,5480,38.17,72.37,-8.82,11329839,0.97,0.54,27395
(주)진에어,272450,2018/12,519526006,9000,95.17,51.24,0,54735640,4.11,1.98,1010678
(주)천일고속,000650,2018/12,,5708,,,,,2.73,2.04,55559
(주)청호ICT,012600,2018/12,72506901,0,197.98,33.56,-23.94,-3716657,1.71,0.93,31261
(주)카카오,035720,2018/12,7959542105,10053,41.45,70.7,22.55,491469890,3.04,1.61,1173925
(주)카프로,006380,2018/12,,2000,,,,,1.69,0.58,579260
(주)케이씨,029460,2018/12,572109826,2738,37.99,72.47,-8.18,59571187,1.26,0.48,144243
(주)케이씨씨,002380,2018/12,8965418419,78668,56.16,64.04,-2.12,538975697,0.82,0.47,3347336
(주)케이씨텍,281820,2018/12,,5355,,,,,2.09,0.74,357263
(주)케이씨티시,009070,2018/12,376041366,1346,98.29,50.43,9.85,7934592,0.73,0.38,308710
(주)케이에스에스해운,044450,2018/12,902632631,5153,261.93,27.63,14.04,82498315,0.99,0.61,202419
(주)케이에이치필룩스,033180,2018/12,304126673,0,90.04,52.62,-1.79,-22903201,10.71,1.01,67562
(주)케이이씨,092220,2018/12,351174343,0,55.8,64.19,-8.36,27969298,0.92,0.44,206654
(주)케이티,030200,2018/12,32188830000,269659,118.51,45.77,0.31,4010464000,0.84,0.71,17356537
(주)케이티스카이라이프,053210,2018/12,816001170,16647,22.49,81.64,0.73,183474568,1.18,0.84,657495
(주)케이티씨에스,058850,2018/12,350279655,3763,116.6,46.17,4.99,12722541,0.85,0.61,529393
(주)케이티아이에스,058860,2018/12,,2706,,,,,0.8,0.48,450826
(주)케이티앤지,033780,2018/12,10197870417,505061,24.85,80.1,-4.19,822057209,2.32,1.92,2624616
(주)코리아써키트,007810,2018/12,500488797,0,29.07,77.48,-9.43,10030345,1.18,0.37,470282
(주)코아스,071950,2018/12,78534357,0,234.95,29.85,-4.8,2855391,4.4,1.49,105463
(주)코오롱,002020,2018/12,3480352009,6905,316.63,24,-1.56,27279318,1.77,0.78,58173
(주)콤텍시스템,031820,2018/12,,0,,,,,1.12,0.6,125165
(주)큐로,015590,2018/12,,0,,,,,2.58,0.78,90218
(주)크라운제과,264900,2018/12,,3324,,,,,1.76,0.93,388532
(주)크라운해태홀딩스,005740,2018/12,1286504596,1517,160.59,38.37,8.98,81092622,1.08,0.47,18173
(주)키다리스튜디오,020120,2018/12,,0,,,,,4.6,1.58,19623
(주)태경비케이,014580,2018/12,293751207,2758,52.3,65.66,0.21,4895455,1.17,0.56,165265
(주)태영건설,009410,2018/12,4958571817,8867,234.52,29.89,17.88,114992214,1.6,0.8,1996049
(주)테이팩스,055490,2018/12,160224769,0,72.05,58.12,2.5,4485270,5.05,2.71,107460
(주)토니모리,214420,2018/12,204183223,1182,93.5,51.68,-12.03,-13854119,2.9,0.92,169051
(주)티비에이치글로벌,084870,2018/12,,0,,,,,0.93,0.34,208807
(주)티에이치엔,019180,2018/12,212394546,900,427.59,18.95,19.2,15196812,0.76,0.35,331054
(주)티웨이항공,091810,2018/12,430876193,0,90.9,52.38,0,31416024,1.88,0.98,731917
(주)티웨이홀딩스,004870,2018/12,497537192,0,74.63,57.26,20.35,27496534,10.99,2.97,5700
(주)팜스코,036580,2018/12,883155287,1755,185.05,35.08,-0.74,-38421019,1.49,0.78,933107
(주)퍼시스,016800,2018/12,,9430,,,,,1.02,0.76,315669
(주)포스코인터내셔널,047050,2018/12,9881020333,74025,241.96,29.24,11.53,-146126015,2.37,1.53,23308796
(주)풀무원,017810,2018/12,1214578440,5199,176.18,36.21,1.51,59290674,2.02,0.86,77181
(주)풍산,103140,2018/12,2668117561,16808,93.44,51.7,-5.79,81185306,1.1,0.47,2162546
(주)풍산홀딩스,005810,2018/12,879345785,11036,23.26,81.13,-2.76,-11000429,1.01,0.62,117460
(주)플레이그램,009810,2018/12,45213641,0,6.02,94.32,-76.77,1891497,2.3,0.76,6528
(주)하나금융지주,086790,2018/12,385008620000,450363,1320.25,7.04,-16.95,-5431734000,1.09,0.69,1172785
(주)하나투어,039130,2018/12,716121751,6640,198.53,33.5,21.39,20215985,9.2,4.02,542073
(주)하이스틸,071090,2018/12,232990175,0,81.47,55.1,-19.45,13120122,1,0.32,171894
(주)하이트론씨스템즈,019490,2018/12,64127489,0,86.76,53.55,8.52,-7931442,0.82,0.52,41537
(주)한국전자홀딩스,006200,2018/12,390848476,658,47.98,67.58,-8.99,24714964,0.38,0.22,4754
(주)한국종합기술,023350,2018/12,,1095,,,,,1.07,0.36,190942
(주)한국카본,017960,2018/12,360113098,4102,18.57,84.34,-5.17,42776647,1.15,0.75,225982
(주)한국토지신탁,034830,2018/12,1375861979,26728,66.86,59.93,7.74,66126620,1.17,0.78,254363
(주)한국특강,007280,2018/12,,0,,,,,1.24,0.36,364965
(주)한국화장품제조,003350,2018/12,,363,,,,,5.16,2.64,88233
(주)한농화성,011500,2018/12,,1835,,,,,1.09,0.47,223214
(주)한독,002390,2018/12,652616127,6128,108.25,48.02,6.88,29455780,1.8,0.86,440098
(주)한미글로벌건축사사무소,053690,2018/12,209712007,2012,102.94,49.28,3.43,6479396,1.62,0.93,126302
(주)한샘,009240,2018/12,940149892,21155,63.66,61.1,-6.5,63738444,8.12,2.09,1847989
(주)한섬,020000,2018/12,1219779752,8788,22.68,81.52,5.74,203689536,1.11,0.69,766644
(주)한솔케미칼,014680,2018/12,791727785,13306,77.03,56.49,11.58,100575893,2.96,2.14,409358
(주)한솔홈데코,025750,2018/12,308077735,1611,90.59,52.47,16.73,21733519,1.37,0.61,290917
(주)한익스프레스,014130,2018/12,199582549,720,198.01,33.56,7.19,6517150,1.46,0.07,543385
(주)한진,002320,2018/12,2661425067,5902,149.4,40.1,7.62,116083530,0.68,0.23,1716218
(주)한진중공업홀딩스,003480,2018/12,1873603000,0,410.45,19.59,4.33,57164000,0.41,0.24,4192
(주)한진칼,180640,2018/12,2850066743,17923,65.32,60.49,13.5,78195036,1.33,0.63,61815
(주)한창,005110,2018/12,106233878,0,225.67,30.71,-11.54,-11225253,4.62,1.49,9692
(주)한창제지,009460,2018/12,,1169,,,,,2.58,0.69,200019
(주)한화,000880,2018/12,169548577000,62085,900.11,10,-3.3,2749201000,1.46,0.79,5224248
(주)현대리바트,079430,2018/12,678896575,5833,51.75,65.9,52.15,6802315,1.56,0.86,1321083
(주)현대미포조선,010620,2018/12,3463733941,27919,49.48,66.9,-2.05,518544275,1.03,0.49,2405067
(주)현대백화점,069960,2018/12,6988562089,20301,44.72,69.1,0.76,435324558,0.77,0.53,1376064
(주)현대지에프홀딩스,005440,2018/12,2837374829,18334,34.4,74.4,28.33,95424533,1.24,0.87,1514615
(주)현대퓨처넷,126560,2018/12,780480291,6609,9.3,91.49,-0.17,63247286,0.83,0.61,271330
(주)현대홈쇼핑,057050,2018/12,2547695055,22207,51.24,66.12,-2.44,1969436,1.08,0.77,973454
(주)혜인,003010,2018/12,228402133,338,149.18,40.13,-8.76,3000832,1.49,0.46,215382
(주)호텔신라,008770,2018/12,2303742128,13286,201.12,33.21,17.5,153867114,6.51,3.38,3643940
(주)화승엔터프라이즈,241590,2018/12,760455511,2119,168.59,37.23,14.45,42902379,9.16,2.95,4746
(주)화승인더스트리,006060,2018/12,991258651,2166,179.92,35.72,-3.48,56944828,4.37,2.34,809022
(주)화승코퍼레이션,013520,2018/12,1211764734,1532,454.62,18.03,5.87,19198663,0.94,0.47,729709
(주)화신,010690,2018/12,828226155,823,182.5,35.4,0.83,7174539,0.47,0.19,599101
(주)화인베스틸,133820,2018/12,,0,,,,,1.19,0.56,145092
(주)황금에스티,032560,2018/12,406187489,700,51.37,66.06,8.92,10055664,1.27,0.48,118918
(주)효성,004800,2018/12,6407904916,101654,137.14,42.17,-76.16,264011739,1.95,0.47,352311
(주)후성,093370,2018/12,441480960,0,79.83,55.61,10.49,30713638,5.32,3.05,268885
(주)휠라홀딩스,081660,2018/12,3304339508,3056,119.34,45.59,16.77,274605174,4.08,0.73,499913
(주)휴니드테크놀러지스,005870,2018/12,,0,,,,,1.99,0.99,261299
(주)휴비스,079980,2018/12,958085427,9873,134.75,42.6,-1.44,42045918,1.39,0.67,1041438
(주)휴스틸,005010,2018/12,603455402,3014,48.63,67.28,-14.74,113869760,0.46,0.19,537032
AJ네트웍스(주),095570,2018/12,2575139461,4682,423.61,19.1,-26.16,-74845912,1.45,0.77,339800
CS홀딩스(주),000590,2018/12,304418193,574,10.8,90.26,1.32,10186160,0.77,0.4,3035
DB금융투자(주),016610,2018/12,7043191614,10357,825.68,10.8,-6.72,168835383,0.37,0.25,725156
DB손해보험(주),005830,2018/12,50929102340,126597,862.24,10.39,-2.24,246437608,1.13,0.85,14995073
HD현대(주),267250,2018/12,23347820007,270501,121.22,45.2,90.61,668090632,1.52,0.98,579339
KG스틸(주),016380,2018/12,2506058874,0,38840.82,0.26,-1.97,-8222718,35.39,14.25,1750904
KISCO홀딩스(주),001940,2018/12,1545159970,4283,20.81,82.78,7.66,77436755,0.51,0.07,13300
LG이노텍(주),011070,2018/12,5756067241,7099,171.74,36.8,4.46,1062343412,2.5,1.23,7607398
LS일렉트릭(주),010120,2018/12,2405835525,35190,85.42,53.93,6.03,204655399,2.3,1.26,1905120
OCI(주),010060,2018/12,5659590446,20272,62.05,61.71,-14.3,676513158,1.35,0.58,2276330
SK이노베이션(주),096770,2018/12,36085384070,564616,86.7,53.56,17.83,1728062366,1.86,1.41,3679763
SNT다이내믹스(주),003570,2018/12,845671572,7143,39.2,71.84,-9.17,36672642,0.47,0.32,331677
SNT모티브(주),064960,2018/12,1196519724,15979,45.07,68.93,-6.95,90371134,1.23,0.53,822007
STX엔진(주),077970,2018/12,864147954,0,290.63,25.6,22.8,-59179632,2.03,0.67,566487
STX중공업(주),071970,2018/12,567197923,0,268.62,27.13,-14.91,11573443,1.45,0.18,214808
가온전선(주),000500,2018/12,526494275,2356,102.18,49.46,0.44,27639143,0.57,0.26,752555
강남제비스코(주),000860,2018/12,657866050,3575,19.71,83.53,2.33,10276336,0.72,0.44,259116
경인전자(주),009140,2018/12,57418578,334,5.08,95.17,-16.13,-181839,1.44,0.59,7834
계룡건설산업(주),013580,2018/12,1726211682,4429,292.48,25.48,2.31,104065314,0.9,0.46,1533433
계양전기(주),012200,2018/12,273358875,2047,49.65,66.82,7.4,-2972426,1.14,0.56,353546
고려산업(주),002140,2018/12,213622767,740,131.22,43.25,-9.22,-5720631,1.3,0.5,151002
고려아연(주),010130,2018/12,7225894144,194417,13.36,88.22,4.35,888331258,1.77,1.2,5527738
고려제강(주),002240,2018/12,2387466225,6998,63.85,61.03,1.73,124047823,0.68,0.37,467175
광동제약(주),009290,2018/12,732056804,3214,69.91,58.85,3.39,53096472,1.49,0.72,697078
광전자(주),017900,2018/12,262117704,2618,16.81,85.61,-0.26,12554255,0.98,0.45,172092
교보증권(주),030610,2018/12,7341195592,12217,732.87,12.01,15.11,138717107,0.52,0.35,1246723
국도화학(주),007690,2018/12,854418441,8349,71,58.48,19.02,-12148325,0.97,0.57,834411
국제약품(주),002720,2018/12,126234896,859,83.75,54.42,-12.67,13248711,2.33,0.95,106305
그랜드코리아레저(주),114090,2018/12,765759332,35876,36.24,73.4,0,92846437,3.9,2.54,480339
그린케미칼(주),083420,2018/12,,2156,,,,,1.13,0.69,254122
극동유화(주),014530,2018/12,280142460,5387,75.17,57.09,69.54,12418597,1.04,0.7,829437
금강공업(주),014280,2018/12,852848677,2242,140.76,41.54,-7.39,21919460,0.76,0.35,392478
금호건설(주),002990,2018/12,1182209922,17648,231.8,30.14,6.07,55707440,1.76,1.03,1376235
금호석유화학(주),011780,2018/12,4616720748,36686,96.61,50.86,10.27,484649992,2.74,1.79,3899573
금호전기(주),001210,2018/12,170295317,0,390.87,20.37,-77.18,-2178327,1.7,1.14,64767
금호타이어(주),073240,2018/12,4221394926,0,214.62,31.78,-11.05,93245123,1.53,0.62,1881272
기아(주),000270,2018/12,51786605000,360838,90.09,52.61,1.18,4470764000,0.75,0.55,31912189
깨끗한나라(주),004540,2018/12,599409867,0,243.17,29.14,-5.09,-22458641,1.95,0.62,623437
남광토건(주),001260,2018/12,148906647,0,203.19,32.98,35.95,5000127,7.97,1.24,157173
남양유업(주),003920,2018/12,1052659644,855,18.43,84.44,-7.47,42557813,0.74,0.58,1070693
남해화학(주),025860,2018/12,,2397,,,,,2.67,1.09,1242735
네이버(주),035420,2018/12,9881190909,45901,66.09,60.21,19.42,973506368,7.19,0.77,3459014
넥센타이어(주),002350,2018/12,3242285269,10299,127.02,44.05,0.98,156983755,0.98,0.57,1582972
넷마블(주),251270,2018/12,5433046593,0,19.37,83.78,-16.64,235338136,3.89,1.84,1159866
다스코(주),058730,2018/12,212416938,3054,67.65,59.65,7.89,25298300,1.82,0.69,240254
다올투자증권(주),030210,2018/12,1750744641,0,232.28,30.1,7.32,218938095,1.08,0.42,239875
대림비앤코(주),005750,2018/12,301673358,2493,88.44,53.07,6.14,13011348,0.77,0.37,238216
대림통상(주),006570,2018/12,199273221,2284,86.71,53.56,2.03,-11582281,0.74,0.46,184186
대상(주),001680,2018/12,2198994807,19824,136.78,42.23,-0.41,121562419,1.21,0.87,2235924
대상홀딩스(주),084690,2018/12,2629588765,7063,140.19,41.63,0.42,142677579,1.01,0.67,20469
대성산업(주),128820,2018/12,1092773443,0,142.1,41.3,5.01,-50877982,0.78,0.36,850775
대성에너지(주),117580,2018/12,653850642,6875,116.51,46.19,0,50181701,0.58,0.49,770679
대성홀딩스(주),016710,2018/12,1117337450,4022,109.78,47.67,0.74,56378758,0.6,0.43,23262
대신증권(주),003540,2018/12,19151314244,45530,857.14,10.45,-27.94,-1598084884,0.9,0.53,2236455
대영포장(주),014160,2018/12,,0,,,,,1.04,0.55,300057
대우전자부품(주),009320,2018/12,,0,,,,,5.11,1.49,62630
대우조선해양(주),042660,2018/12,11918521521,0,210.36,32.22,-13.13,725140996,1.11,0.4,9599759
대원강업(주),000430,2018/12,1085767330,7130,90.25,52.56,-3.19,119893625,0.9,0.48,709572
대원전선(주),006340,2018/12,191535435,0,135.33,42.49,-14.96,-10931044,2.96,0.95,424027
대원제약(주),003220,2018/12,275438692,4889,50.35,66.51,7.98,40032139,3,1.7,283584
대원화성(주),024890,2018/12,124822514,0,70.38,58.69,-3.17,6869127,1.7,0.71,110525
대창단조(주),015230,2018/12,229017785,1993,26.29,79.19,24.4,-3299451,0.86,0.46,272946
대한방직(주),001070,2018/12,267468485,1538,51.28,66.1,0.21,-18700691,2.38,0.31,205746
대한유화(주),006650,2018/12,1983913415,24704,16.63,85.74,43.53,350888486,1.4,0.58,2539543
대한전선(주),001440,2018/12,1172944859,0,264.36,27.45,3.86,14354540,5.68,2.36,1528860
대한제강(주),084010,2018/12,657105860,3372,51.09,66.19,-7.57,-16641282,0.78,0.28,1025389
대한제당(주),001790,2018/12,1135447475,4989,151.22,39.81,-5.06,12613990,0.58,0.4,1105428
대한제분(주),001130,2018/12,919690199,4113,22.79,81.44,6.63,12634599,0.54,0.43,305133
대한해운(주),005880,2018/12,2932927976,0,276.27,26.58,-17.69,258496571,1.39,0.79,787415
대한화섬(주),003830,2018/12,,842,,,,,0.42,0.28,107661
덕양산업(주),024900,2018/12,526312201,0,580.77,14.69,23.48,48360188,1.38,0.61,1171523
동국제강(주),001230,2018/12,5730222157,0,181.97,35.47,-1.4,229429860,0.52,0.28,5364846
동부건설(주),005960,2018/12,713764954,6338,97.23,50.7,28.04,58922382,0.81,0.39,842160
동성제약(주),002210,2018/12,,0,,,,,21.56,2.15,91913
동아쏘시오홀딩스(주),000640,2018/12,1241932782,6138,68.8,59.24,2.5,58321852,1.91,1,71071
동아에스티(주),170900,2018/12,948673011,8438,63.74,61.07,2.24,50136461,2.04,1.23,567247
동아타이어공업(주),282690,2018/12,,4119,,,,,0.73,0.41,161314
동양생명보험(주),082640,2018/12,31920723259,15586,1289.49,7.2,-18.95,1669238824,0.65,0.33,5767576
동양철관(주),008970,2018/12,163635516,0,106.97,48.32,10.1,1476169,4.99,0.91,130500
동양피스톤(주),092780,2018/12,317620788,1552,232.52,30.07,12.92,18558775,0.82,0.5,275007
동원산업(주),006040,2018/12,2592198631,10090,166.25,37.56,2.67,52768725,1.76,0.95,921594
동원수산(주),030720,2018/12,95398557,0,112.89,46.97,-12.17,373114,1.4,0.83,97686
동원시스템즈(주),014820,2018/12,1124057800,12857,109.51,47.73,-20.02,75025943,4.02,1.69,523309
동일고무벨트(주),163560,2018/12,284848797,1345,52.25,65.68,1.22,9388752,0.62,0.41,257028
동일산업(주),004890,2018/12,409723954,3278,15.44,86.63,3.16,2437585,0.57,0.39,391030
동일제강(주),002690,2018/12,,0,,,,,0.68,0.29,124025
동화약품(주),000020,2018/12,370599243,3313,24.61,80.25,0,-4360078,1.3,0.73,306603
두산밥캣(주),241560,2018/12,6446324312,50125,72.38,58.01,17.16,616576546,1.39,1,20325
두산에너빌리티(주),034020,2018/12,24814911564,17498,299.05,25.06,1.64,989560099,0.89,0.4,4101664
디씨엠(주),024090,2018/12,187862926,2333,15.37,86.68,-8.64,13328205,1.14,0.87,115168
디아이동일(주),001530,2018/12,947634081,2802,84.86,54.1,7.35,29577224,0.48,0.27,303174
디에스알(주),155660,2018/12,225031293,800,52.59,65.54,4.26,4576785,0.79,0.3,172309
디에스알제강(주),069730,2018/12,,576,,,,,0.79,0.32,185254
디엘(주),000210,2018/12,12833716732,65810,112.12,47.14,-10.95,1104521755,0.82,0.54,9251875
디엘건설(주),001880,2018/12,,3795,,,,,0.73,0.45,965572
디와이(주),013570,2018/12,742531917,3807,66.55,60.04,8.35,53191107,0.92,0.61,107664
디와이파워(주),210540,2018/12,258539786,2207,72.15,58.09,18.87,23485918,2.05,0.79,251335
롯데관광개발(주),032350,2018/12,506790646,0,80.38,55.44,8.23,2053895,4.18,1.61,71401
롯데손해보험(주),000400,2018/12,,0,,,,,0.95,0.57,3524548
롯데쇼핑(주),023530,2018/12,26259308858,147007,111.3,47.33,-1.98,173274992,0.67,0.45,10217788
롯데에너지머티리얼즈(주),020150,2018/12,692206039,0,31,76.34,10.57,86016073,5.42,2.84,318903
롯데웰푸드(주),280360,2018/12,2542673939,8336,102.13,49.47,318.62,184724781,0.72,0.5,1586113
롯데정밀화학(주),004000,2018/12,1700030433,43299,23.38,81.05,18.3,273177219,1.67,0.8,1370099
롯데정보통신(주),286940,2018/12,703889698,9286,92.06,52.07,444.37,107300289,1.14,0.74,691242
롯데지주(주),004990,2018/12,27618347496,57246,227.49,30.54,206.02,-826654211,1.49,0.96,262940
롯데칠성음료(주),005300,2018/12,3311280027,22171,167.6,37.37,2.94,85909701,1.36,1.01,2323272
롯데케미칼(주),011170,2018/12,20799138833,359892,53.56,65.12,4.22,1380927826,1.47,0.77,10133832
롯데하이마트(주),071840,2018/12,,40133,,,,,0.96,0.54,4112678
명문제약(주),017180,2018/12,243065788,0,161.18,38.29,5.25,11407276,3.17,1.27,143020
무림페이퍼(주),009200,2018/12,2014259668,2080,201.74,33.14,7.2,85487292,0.56,0.32,482776
무림피앤피(주),009580,2018/12,1355957771,15591,113.75,46.78,7.12,102202342,1.18,0.47,649529
문배철강(주),008420,2018/12,,980,,,,,1.17,0.45,159406
미래산업(주),025560,2018/12,68651324,0,44.23,69.34,0.06,-1531649,4.17,1.97,33211
미래에셋생명보험(주),085620,2018/12,34640502330,38541,1577.53,5.96,-12.25,-332618276,0.62,0.41,3601718
미래에셋증권(주),006800,2018/12,118085499474,153907,1313.8,7.07,29.36,-4875546660,1.19,0.65,11275329
미원상사(주),002840,2018/12,245546856,2325,24.21,80.51,3.14,37383401,1.16,0.97,210678
미원스페셜티케미칼(주),268280,2018/12,,6266,,,,,1.81,1.35,360435
미원홀딩스(주),107590,2018/12,222015479,933,68.11,59.49,20.76,9020838,1.23,0.67,4029
미원화학(주),134380,2018/12,,2010,,,,,1.54,0.98,146485
미창석유공업(주),003650,2018/12,,2537,,,,,0.61,0.51,316300
백광산업(주),001340,2018/12,,2148,,,,,1.23,0.64,175488
범양건영(주),002410,2018/12,118354421,0,136,42.37,13.75,22944431,2.33,0.7,150468
보해양조(주),000890,2018/12,200457249,0,188.89,34.61,-17.64,-2050115,3.51,1.09,81443
부광약품(주),003000,2018/12,493615375,17105,19.39,83.76,28.84,6816641,3.96,2.56,192540
부국증권(주),001270,2018/12,1435051166,10832,208.7,32.39,10.75,480833,0.93,0.68,610121
부국철강(주),026940,2018/12,,1500,,,,,0.84,0.37,142353
부산산업(주),011390,2018/12,133607586,0,87.01,53.47,1.37,9773170,7.05,0.83,34276
부산주공(주),005030,2018/12,,0,,,,,1.16,0.29,203829
비케이탑스(주),030790,2018/12,190646346,0,128.41,43.78,-18.86,-28254811,6.19,1.64,66510
사조동아원(주),008040,2018/12,468191705,0,164.29,37.84,6.93,28692647,1.42,0.79,407961
사조산업(주),007160,2018/12,1175998145,1236,130.67,43.35,-4.16,16442563,1.36,0.83,385776
사조씨푸드(주),014710,2018/12,,1205,,,,,0.6,0.43,397127
삼부토건(주),001470,2018/12,383718891,0,127.77,43.9,-36.73,-17833573,1.21,0.39,177384
삼성SDI(주),006400,2018/12,19349721184,66945,58.28,63.18,44.87,260609735,1.77,1.13,8186909
삼성공조(주),006660,2018/12,260167988,642,21.64,82.21,-11.88,1474305,0.51,0.34,66969
삼성물산(주),028260,2018/12,42406651758,329937,88.06,53.17,6.41,1678376806,1.54,1.01,20833131
삼성바이오로직스(주),207940,2018/12,,0,,,,,9.6,4.5,535806
삼성생명보험(주),032830,2018/12,289427655000,475873,848.77,10.54,0.88,1956123000,1.05,0.64,27849200
삼성에스디에스(주),018260,2018/12,8013849391,154700,30.34,76.72,7.9,1196531554,4.35,2.87,5083718
삼성엔지니어링(주),028050,2018/12,4619648610,0,362.96,21.6,-0.84,446248384,5.39,3.31,4264919
삼성전기(주),009150,2018/12,8644914206,75690,74.77,57.22,19.81,1558669241,3.44,1.84,5682105
삼성전자(주),005930,2018/12,339357244000,2405428,36.97,73.01,1.75,67031863000,2.36,0.03,170381870
삼성제약(주),001360,2018/12,160646664,0,22.01,81.96,10.89,-6520528,2.38,0.92,42911
삼성중공업(주),010140,2018/12,14282891986,0,111.72,47.23,-33.36,165522614,0.85,0.51,4819076
삼성증권(주),016360,2018/12,38330643979,125020,722.17,12.16,9.02,-1520202555,0.9,0.53,4803496
삼성카드(주),029780,2018/12,23042118821,170818,240.29,29.39,-13.99,-403123159,0.73,0.57,3253706
삼성화재해상보험(주),000810,2018/12,79416391897,488873,541.33,15.59,0.84,2126237045,1.33,1.12,21926312
삼아알미늄(주),006110,2018/12,196741659,1100,86.2,53.7,0,6170124,0.71,0.33,150218
삼양식품(주),003230,2018/12,412138323,3013,75.81,56.88,2.37,37991964,4.07,1.74,464179
삼양통상(주),002170,2018/12,327534347,2219,11.85,89.41,7.39,42698338,0.5,0.4,182741
삼영무역(주),002810,2018/12,386497292,5456,15.54,86.55,3.8,8902843,1.19,0.74,266956
삼영전자공업(주),005680,2018/12,508021433,5000,5.73,94.58,8.85,11567944,0.83,0.46,210168
삼익티에이치케이(주),004380,2018/12,,6210,,,,,3.38,1.11,283067
삼일제약(주),000520,2018/12,147948619,610,163.8,37.91,2.78,-2621622,6.5,0.85,94141
삼정펄프(주),009770,2018/12,201823661,0,11.91,89.36,-5.43,1835365,0.6,0.42,135613
삼진제약(주),005500,2018/12,,9842,,,,,4.72,2.56,260017
삼호개발(주),010960,2018/12,276893453,3846,50.43,66.47,12.4,6971261,1.1,0.51,296299
삼화왕관(주),004450,2018/12,,1567,,,,,0.89,0.68,108048
삼화전기(주),009470,2018/12,128156723,661,117.19,46.04,-1.15,9897542,8.48,2.49,144582
삼화전자공업(주),011230,2018/12,64280396,0,233.79,29.96,-4.74,84649,6.42,1.26,32050
삼화콘덴서공업(주),001820,2018/12,220047088,3078,72.76,57.88,37.69,60908394,9.99,3.2,226554
삼화페인트공업(주),000390,2018/12,557979480,2861,98.02,50.5,7.4,9479119,1.08,0.5,477094
상신브레이크(주),041650,2018/12,429300584,1936,147.48,40.41,-1.51,17028267,1.03,0.43,296089
새론오토모티브(주),075180,2018/12,267051610,2880,20.1,83.26,-8.66,31895833,0.82,0.46,118720
샘표(주),007540,2018/12,320918955,444,37.71,72.62,0.39,27624187,1.17,0.54,9585
샘표식품(주),248170,2018/12,205518529,913,56.05,64.08,0.34,26356921,1.75,0.9,269106
서울도시가스(주),017390,2018/12,1368620519,6797,44.45,69.23,2.85,-152893509,0.54,0.44,1382043
서울식품공업(주),004410,2018/12,,0,,,,,4.01,1.81,70764
선도전기(주),007610,2018/12,149094572,357,77.85,56.23,-22.72,2466811,2.47,0.8,82274
성문전자(주),014910,2018/12,43264101,3,47.34,67.87,-10.28,985380,2.45,1.26,24872
성보화학(주),003080,2018/12,,4167,,,,,0.94,0.76,49518
성신양회(주),004980,2018/12,1061390657,3279,174.35,36.45,6.32,20324703,1.29,0.36,616932
성창기업지주(주),000180,2018/12,648660747,0,32.55,75.44,-9.65,-123071,0.96,0.46,7976
세기상사(주),002420,2018/12,,0,,,,,2.22,1.09,5183
세방(주),004360,2018/12,988929794,4010,21.22,82.49,-2.17,25112670,0.61,0.44,563001
세방전지(주),004490,2018/12,1267930429,6872,29.06,77.48,6.28,148940078,0.58,0.45,1165729
세원이앤씨(주),091090,2018/12,329475571,0,96.33,50.94,-15.37,2725613,2.69,1.05,133662
세종공업(주),033530,2018/12,871007601,979,141.03,41.49,6.14,34006353,0.64,0.29,388387
세하(주),027970,2018/12,,0,,,,,2.1,1.17,177243
송원산업(주),004430,2018/12,872544000,3840,112.2,47.13,8.81,58215000,1.91,0.91,618101
스틱인베스트먼트(주),026890,2018/12,193666964,2606,31.19,76.22,1.86,9235888,4.31,1.54,42789
신대양제지(주),016590,2018/12,746772367,3022,47.44,67.82,38.33,137275758,1.35,0.41,322766
신라교역(주),004970,2018/12,581034541,8000,13.97,87.74,-14,-3054582,0.6,0.39,337367
신세계건설(주),034300,2018/12,,3000,,,,,0.83,0.47,1084269
신송홀딩스(주),006880,2018/12,205261964,0,64.14,60.92,-44.02,14262949,0.77,0.41,1200
신일전자(주),002700,2018/12,,1756,,,,,2.21,1.23,168725
신풍제약(주),019170,2018/12,386718512,0,81.35,55.14,1.29,32054460,3.44,1.59,177008
쌍용씨앤이(주),003410,2018/12,3429268015,50556,73.23,57.73,-0.47,315983958,2.32,0.25,995863
써니전자(주),004770,2018/12,54612565,0,29.66,77.12,-0.05,1016851,3.79,1.14,17693
씨에스윈드(주),112610,2018/12,606391654,6190,90.38,52.53,60.85,-20528787,2.74,1.64,370352
씨제이(주),001040,2018/12,31729548648,62102,153.39,39.46,9.76,1541092351,2.38,1.3,169945
씨제이대한통운(주),000120,2018/12,7868566775,0,151.33,39.79,29.66,61914216,1.62,1.09,6228286
씨제이씨지브이(주),079160,2018/12,2234185993,4232,306.01,24.63,3.21,108733820,5.23,2.4,974760
씨제이씨푸드(주),011150,2018/12,,0,,,,,2.21,1.13,150703
씨제이제일제당(주),097950,2018/12,19497022884,56147,166.78,37.48,13.31,471425123,1.43,1.12,6045732
아남전자(주),008700,2018/12,139496189,0,153.83,39.4,9.09,-4283122,7.86,2.74,192312
아세아(주),002030,2018/12,2840279787,3328,105.25,48.72,35.89,237099419,1,0.59,18688
아세아시멘트(주),183190,2018/12,1928711184,5842,145.4,40.75,82.96,89319577,1.2,0.52,390703
아세아제지(주),002310,2018/12,812379764,6717,52.27,65.67,6.49,146184635,0.9,0.31,484701
아시아나아이디티(주),267850,2018/12,215213977,5550,39.25,71.82,-7.38,17040161,1.23,0.88,244022
아시아나항공(주),020560,2018/12,8191104570,0,649.29,13.35,15.36,717036968,1.62,0.92,6201229
아이에스동서(주),010780,2018/12,2182677489,36982,97.03,50.75,-6.4,256133932,1.23,0.77,1525427
애경산업(주),018250,2018/12,410172265,11820,32.7,75.36,11.24,41227992,6.85,2.39,697333
애경케미칼(주),161000,2018/12,498468498,11047,45.78,68.6,7.45,46371956,1.99,0.74,863421
에스엘(주),005850,2018/12,1709312924,13546,67.12,59.84,7.33,53035423,1.38,0.59,735140
에스지씨에너지(주),005090,2018/12,759129159,1987,139.16,41.81,8.38,25421548,1.57,0.68,335600
에스케이(주),034730,2018/12,119456991000,225583,134.75,42.6,8.8,7856509000,2.17,1.61,2672412
에스케이가스(주),018670,2018/12,3755607242,26723,128.61,43.74,2.53,-90589662,0.67,0.44,4808642
에스케이네트웍스(주),001740,2018/12,7769042000,28881,236.05,29.76,-8,-199010000,0.79,0.47,12409359
에스케이디스커버리(주),006120,2018/12,4805607747,12297,107.27,48.25,2.85,-158125499,1.57,0.47,15265
에스케이디앤디(주),210980,2018/12,1490079875,11394,328.42,23.34,70.12,-134456394,1.86,1.15,555534
에스케이렌터카(주),068400,2018/12,1173209251,0,375.06,21.05,2.47,-25344892,1.6,0.85,604000
에스케이씨(주),011790,2018/12,3833128681,35421,126.17,44.21,4.31,231587576,1.28,0.8,1415180
에스케이증권(주),001510,2018/12,3758829303,4672,594.12,14.41,14.33,-235267942,0.9,0.39,528118
에스케이케미칼(주),285130,2018/12,1950805011,5283,168.87,37.19,1457.12,67370211,2.25,1,1205342
에스케이텔레콤(주),017670,2018/12,42369111000,646828,89.58,52.75,-3.69,4332580000,1.91,1.45,11705639
에스케이하이닉스(주),000660,2018/12,63658335000,1026003,35.87,73.6,34.33,22227199000,1.66,0.99,40324651
에쓰-오일(주),010950,2018/12,15955044000,17559,146.63,40.55,21.88,-288185000,2.53,1.77,25463122
에쓰씨엔지니어링(주),023960,2018/12,367044258,0,152.68,39.58,-0.34,30793583,3.91,0.84,118565
에어부산(주),298690,2018/12,,5196,,,,,0.46,0.28,653567
에이치디씨(주),012630,2018/12,3409742247,8628,61.9,61.77,-71.12,127946072,1.39,0.44,49614
에이치디씨랩스(주),039570,2018/12,290040645,5761,39.69,71.59,3.02,37071965,1.69,0.76,271869
에이치디씨현대산업개발(주),294870,2018/12,4863355064,21964,,,,454640185,,,2793598
에이치디씨현대이피(주),089470,2018/12,600353780,1854,112.69,47.02,-0.39,8202565,1.14,0.54,772373
에이치디한국조선해양(주),009540,2018/12,24729898792,0,88.62,53.02,-15.19,126519621,0.93,0.55,8066702
에이치디현대건설기계(주),267270,2018/12,3126514886,16430,99.37,50.16,71.4,-59637152,2.11,0.39,2509206
에이치디현대인프라코어(주),042670,2018/12,11029166692,0,188.66,34.64,17.7,837777742,1.96,1.23,3058277
에이치디현대일렉트릭(주),267260,2018/12,2326055715,0,173.24,36.6,33.86,-4026714,1.6,0.26,1732614
에이치에스디엔진(주),082740,2018/12,743406486,0,221.78,31.08,-33.5,18438513,1.52,0.7,509321
에이치엘디앤아이한라(주),014790,2018/12,1793753461,0,575.21,14.81,-31.22,133714016,1.63,0.54,1165276
에이치엘만도(주),204320,2018/12,4437275124,23412,199.46,33.39,-0.35,286855273,4.26,0.36,3108352
에이치엘비글로벌(주),003580,2018/12,159993622,0,121.12,45.22,0,572707,4.16,1.13,10348
에이치엘홀딩스(주),060980,2018/12,1724148921,21030,99.27,50.18,-3.87,813740,0.86,0.5,676635
에이치엠엠(주),011200,2018/12,4121440000,0,296.42,25.23,3.86,-416902000,2.04,1.01,5052816
에이케이홀딩스(주),006840,2018/12,3397931239,9784,130.54,43.38,9.4,317257801,2.4,1.15,33693
엔에이치엔(주),181710,2018/12,2494654242,0,37.07,72.96,39.1,38062564,1.08,0.53,240471
엔에이치투자증권(주),005940,2018/12,53422572000,150610,957.08,9.46,-3.19,-1595476000,1.09,0.72,8951564
엔피씨(주),004250,2018/12,392840424,4010,50.51,66.44,7.4,38770703,1.01,0.56,346721
엘브이엠씨홀딩스(주),900140,2018/12,653661541,,81.75,55.02,-11.77,697578,,,
엘아이지넥스원(주),079550,2018/12,,11000,,,,,2.36,1.09,1477508
엘에스전선아시아(주),229640,2018/12,349635787,4900,143.42,41.08,9.3,20585179,0.98,0.55,7545
엘지디스플레이(주),034220,2018/12,33175710000,0,122.86,44.87,-12.43,4484123000,0.97,0.45,22371687
엘지전자(주),066570,2018/12,44328443000,135909,171.84,36.79,-0.09,4541566000,2.71,1.39,29982010
영보화학(주),014440,2018/12,176083758,1950,22.69,81.51,-12.58,14072055,0.82,0.51,119568
영진약품(주),003520,2018/12,,0,,,,,18.91,8.84,186409
영풍제지(주),006740,2018/12,,719,,,,,0.89,0.57,111220
영화금속(주),012280,2018/12,,0,,,,,1.34,0.66,226746
우리종합금융(주),010050,2018/12,2682660266,0,750.98,11.75,11.97,93657009,2.32,1.08,202168
웰바이오텍(주),010600,2018/12,111157697,0,45.49,68.73,4.45,-9274913,2.28,0.55,28823
유니온머티리얼(주),047400,2018/12,144252759,1371,83.7,54.44,2.22,-225759,1.64,0.92,109260
유니퀘스트(주),077500,2018/12,324112689,2676,69.17,59.11,9.84,9009605,2.08,1,253633
유성기업(주),002920,2018/12,375587754,2565,29.32,77.33,-2.03,10403874,0.48,0.33,246202
유안타증권(주),003470,2018/12,11861797105,0,897.18,10.03,5.66,72848210,1.04,0.55,2021363
유엔젤(주),072130,2018/12,51154130,0,24.91,80.06,5.05,3091709,1.91,0.99,31365
유진투자증권(주),001200,2018/12,7250332286,5810,864.53,10.37,11.58,449215914,0.61,0.29,724057
유화증권(주),003460,2018/12,,9506,,,,,0.53,0.43,20967
율촌화학(주),008730,2018/12,614211350,12400,82.69,54.74,0,20709293,1.85,0.9,483572
이건산업(주),008250,2018/12,434159077,2150,140.57,41.57,13.71,33709223,2.37,0.84,225874
이구산업(주),025820,2018/12,,0,,,,,0.88,0.55,227211
이연제약(주),102460,2018/12,303166752,8264,34.51,74.35,-2.58,11449210,2.29,1.01,122990
이화산업(주),000760,2018/12,287450244,0,57.24,63.6,5.23,131759,1.33,0.73,60184
인지컨트롤스(주),023800,2018/12,455405553,1452,130.2,43.44,-6.79,7856794,0.91,0.39,367110
인천도시가스(주),034590,2018/12,347800979,5152,93.16,51.77,0,-26920801,0.78,0.75,583698
인터지스(주),129260,2018/12,470115542,0,110.47,47.51,-1.9,-11933202,0.7,0.32,449093
일동제약(주),249420,2018/12,564669363,9711,103.98,49.02,9.39,66646835,3.58,2.14,503394
일동홀딩스(주),000230,2018/12,265468274,2561,60.94,62.13,14.56,6233384,1.04,0.74,17115
일성건설(주),013360,2018/12,308746515,0,242.71,29.18,-13.5,21493937,2.01,0.59,363197
일성신약(주),003120,2018/12,,1008,,,,,1.11,0.76,61653
일신방직(주),003200,2018/12,937343600,4592,29.6,77.16,-0.03,7499682,0.63,0.45,342199
일양약품(주),007570,2018/12,432253279,0,105.95,48.55,11.2,22120201,6.72,3.59,186423
일정실업(주),008500,2018/12,68281023,0,59.29,62.78,-2.19,-9612006,0.69,0.42,38261
일진다이아몬드(주),081000,2018/12,159895730,2818,54.86,64.58,8.31,14361528,3.83,1.86,98496
일진디스플레이(주),020760,2018/12,,1413,,,,,3.07,1.08,206363
일진전기(주),103590,2018/12,778631601,2224,159.26,38.57,-4.01,-17987477,0.91,0.34,734144
일진홀딩스(주),015860,2018/12,1116605852,3219,149.5,40.08,-1.62,6760757,1.4,0.49,7166
자화전자(주),033240,2018/12,352202849,3366,27.17,78.64,-19.59,36485732,2.04,0.7,343523
전방(주),000950,2018/12,364005282,0,191.25,34.33,-18.17,-12231956,0.41,0.21,148807
제이더블유생명과학(주),234080,2018/12,200859819,7917,83.84,54.39,8.1,36129923,6.07,1.75,148856
제이더블유중외제약(주),001060,2018/12,593791187,6955,128.28,43.81,6.81,52109933,4.89,2.88,537182
제이더블유홀딩스(주),096760,2018/12,1275635934,5365,218.12,31.44,6.06,195762386,4.1,1.85,117576
제이준코스메틱(주),025620,2018/12,214928993,0,69.73,58.92,0,-31564162,5.9,2.1,131786
제일약품(주),271980,2018/12,,876,,,,,6.18,2.66,627075
제일연마공업(주),001560,2018/12,98371086,1500,28.02,78.11,-0.31,5712098,1.15,0.76,70561
제일파마홀딩스(주),002620,2018/12,920085825,1075,56.06,64.08,221.18,-3432763,0.35,0.16,13062
조광페인트(주),004910,2018/12,303627548,1050,74.47,57.32,4.09,-4987296,0.89,0.41,204433
조광피혁(주),004700,2018/12,,0,,,,,1.22,0.88,127669
조선내화(주),000480,2018/12,1030622205,13000,48.57,67.31,13.66,60429722,0.75,0.67,504868
조선선재(주),120030,2018/12,,1639,,,,,1.95,0.81,62709
조일알미늄(주),018470,2018/12,,0,,,,,0.6,0.3,317744
중소기업은행,024110,2018/12,289509449000,410107,1272.46,7.29,-7.58,-10396886000,0.58,0.47,13507870
지에스건설(주),006360,2018/12,12033275313,78743,231.98,30.12,12.5,1032946850,1.23,0.6,11786013
지엠비코리아(주),013870,2018/12,475197807,572,105.61,48.63,-2.07,29886920,1.07,0.47,429750
진양산업(주),003780,2018/12,50695689,975,43.14,69.86,32.41,4033858,2.33,1.11,45253
진양폴리우레탄(주),010640,2018/12,,0,,,,,1.44,0.75,30104
진양화학(주),051630,2018/12,,0,,,,,2.8,0.79,49731
진원생명과학(주),011000,2018/12,49295861,0,67.62,59.66,26.21,-7268957,6.05,2.7,28845
진흥기업(주),002780,2018/12,,0,,,,,5.11,3.17,671155
참엔지니어링(주),009310,2018/12,769729387,0,811.2,10.97,-19.83,-23793731,2.75,1.39,143597
컨버즈(주),109070,2018/12,67466710,0,5148.88,1.91,-1.71,-10534509,101.86,14.86,73830
케이비아이동국실업(주),001620,2018/12,570273061,0,217.98,31.45,8.13,50747329,0.58,0.27,335019
케이씨그린홀딩스(주),009440,2018/12,670840467,1770,133.96,42.74,51.73,1356045,1.1,0.55,12902
케이씨코트렐(주),119650,2018/12,219470879,1040,182.36,35.42,8.06,-6770412,1.23,0.62,152841
케이알모터스(주),000040,2018/12,154901067,0,121.62,45.12,-12.24,-13444874,1.42,0.61,27599
케이지모빌리티(주),003620,2018/12,2205642066,0,218.14,31.43,6.01,177123093,2.49,1.42,3705903
케이지케미칼(주),001390,2018/12,1508599076,4289,149.7,40.05,16.67,58934039,2.31,1.11,167223
케이피엑스케미칼(주),025000,2018/12,535273094,7133,20.65,82.88,8.95,21433115,0.91,0.59,577454
케이피엑스홀딩스(주),092230,2018/12,1416576552,8172,25.82,79.48,35.72,43399941,0.76,0.66,15155
코리안리재보험(주),003690,2018/12,10750856833,31589,380.46,20.81,8.51,309058496,0.73,0.46,9883795
코스맥스(주),192820,2018/12,1061541156,6028,338.93,22.78,42.51,-54592033,8.68,5.1,679385
코스맥스비티아이(주),044820,2018/12,879814437,1338,144.5,40.9,46.93,-1358392,1.72,0.6,56305
코스모신소재(주),005070,2018/12,,0,,,,,2.89,1.02,534011
코스모화학(주),005420,2018/12,492981419,0,203.43,32.96,57.09,703244,5.69,1.74,112397
코오롱글로벌(주),003070,2018/12,2033409112,2552,355.17,21.97,-8.08,9024738,0.83,0.39,3257682
코오롱인더스트리(주),120110,2018/12,5572860217,26910,152.33,39.63,3.16,341230893,1.52,0.79,3342150
코오롱플라스틱(주),138490,2018/12,340974553,4560,72.78,57.88,22.53,34338665,1.78,1.02,318657
코웨이(주),021240,2018/12,2378903077,86617,118.71,45.72,7.57,539129778,7.49,4.48,2395499
쿠쿠홀딩스(주),192400,2018/12,747036859,18647,22.57,81.58,9.58,73107339,2.26,1.03,11724
쿠쿠홈시스(주),284740,2018/12,512572791,0,34.98,74.08,1282.05,-33250913,2.88,1.74,358139
키움증권(주),039490,2018/12,18664344963,47713,803.5,11.07,70.18,-1500085777,1.77,0.94,1851506
태경산업(주),015890,2018/12,542740904,6366,74.9,57.18,-0.05,18276637,1.78,0.95,162084
태경케미컬(주),006890,2018/12,123194402,1729,14.07,87.66,-2.96,4865881,0.68,0.43,46061
태광산업(주),003240,2018/12,4502656502,2525,28.46,77.84,6.62,358080441,0.76,0.51,2169663
태림포장(주),011280,2018/12,606842052,16137,79.71,55.64,7.6,69230930,1.03,0.58,554304
태양금속공업(주),004100,2018/12,396326285,215,305.18,24.68,-4.26,1157696,0.67,0.27,325812
태원물산(주),001420,2018/12,,513,,,,,1.44,0.74,21895
태평양물산(주),007980,2018/12,556510004,0,268.57,27.13,5.41,14622263,1,0.61,717496
텔코웨어(주),078000,2018/12,125823445,3657,13.63,88,1.8,8293797,1.59,1.12,42145
티와이엠(주),002900,2018/12,581549457,491,457.77,17.93,11.65,20694724,2.3,0.76,375034
티케이지휴켐스(주),069260,2018/12,864734491,47115,29.83,77.03,6.58,116631223,2.26,1.42,762875
파미셀(주),005690,2018/12,,0,,,,,33.79,6.81,28352
팜젠사이언스(주),004720,2018/12,98193428,0,72.73,57.89,11.52,4215582,3.05,1.05,89102
팬오션(주),028670,2018/12,4119496000,0,54.84,64.58,14.22,268073000,1.3,0.84,2337517
퍼스텍(주),010820,2018/12,,0,,,,,11.22,3.34,131578
페이퍼코리아(주),001020,2018/12,588414093,0,2012.65,4.73,-25.92,-19835915,3.19,1.11,192975
평화산업(주),090080,2018/12,178368753,0,705.72,12.41,3.48,-12594057,6.27,2.21,334999
평화홀딩스(주),010770,2018/12,495396871,2077,255.96,28.09,1.08,-21678097,1.1,0.34,19804
포스코스틸리온(주),058430,2018/12,454196339,3000,107.69,48.15,3.1,14273719,0.9,0.49,918003
포스코홀딩스(주),005490,2018/12,78248265217,400006,67.34,59.76,7.13,5869724524,0.79,0.47,30659425
하나제약(주),293480,2018/12,,4508,,,,,2.38,1.12,152833
하이트진로(주),000080,2018/12,3428143515,55883,194.92,33.91,-0.23,140972157,1.8,1.09,1657622
하이트진로홀딩스(주),000140,2018/12,3989286143,4390,264.06,27.47,-0.24,124539284,0.25,0.15,33230
한국가스공사(주),036460,2018/12,39689691576,119187,367.05,21.41,18.1,57086497,0.92,0.6,24985604
한국공항(주),005430,2018/12,424415405,3058,33,75.19,8.38,11718509,0.64,0.37,480295
한국내화(주),010040,2018/12,,744,,,,,1.26,0.52,239658
한국단자공업(주),025540,2018/12,860534743,4687,24.55,80.29,0.26,52999034,1.2,0.58,721901
한국무브넥스(주),010100,2018/12,640611046,0,190.69,34.4,-19.43,41951779,0.41,0.05,540076
한국석유공업(주),004090,2018/12,307288012,937,108.04,48.07,13.38,-8875041,1.26,0.42,234342
한국수출포장공업(주),002200,2018/12,298826766,2400,28.82,77.63,14.66,42002775,0.52,0.25,276451
한국쉘석유(주),002960,2018/12,,22100,,,,,6.59,5.6,219754
한국앤컴퍼니(주),000240,2018/12,3498590608,27509,8.12,92.49,2.8,60870667,0.86,0.65,74874
한국유나이티드제약(주),033270,2018/12,,4886,,,,,2.9,1.51,211936
한국자산신탁(주),123890,2018/12,1008095204,25283,69.96,58.84,1.84,-168618006,1.5,0.79,204561
한국전력공사(주),015760,2018/12,185249061000,0,160.57,38.38,1.36,6680132000,0.46,0.28,60271500
한국전력기술(주),052690,2018/12,,5326,,,,,3.98,1.72,433701
한국주강(주),025890,2018/12,,0,,,,,0.94,0.39,39137
한국주철관공업(주),000970,2018/03,340407803,4302,29.97,76.94,8.61,-7423043,1.28,0.94,129366
한국지역난방공사,071320,2018/12,5657998589,0,262.66,27.57,0,382414607,0.69,0.44,2487331
한국철강(주),104700,2018/12,,9207,,,,,0.55,0.07,777466
한국콜마(주),161890,2018/12,2186418082,7374,169.99,37.04,65.27,62759622,4.87,2.57,891722
한국콜마홀딩스(주),024720,2018/12,881687299,3479,77.97,56.19,14.5,38455787,5.45,2.27,27419
한국타이어앤테크놀로지(주),161390,2018/12,9796442247,55734,44.27,69.31,-0.26,1123539949,1.69,1.09,3193229
한국투자금융지주(주),071050,2018/12,64003674069,105462,1206.75,7.65,33.29,-3005242281,1.36,0.8,486840
한국항공우주산업(주),047810,2018/12,3755863511,19495,256.71,28.03,34.44,137662903,9.44,4.67,2786108
한국화장품(주),123690,2018/12,95021031,0,80.04,55.54,1.74,-1293286,6.28,2.72,31145
한미반도체(주),042700,2018/12,246028948,12571,14.14,87.61,10.04,45626978,4.18,2.48,215756
한미사이언스(주),008930,2018/12,916545956,12436,40.34,71.26,8.53,2701370,14.06,7.24,29994
한미약품(주),128940,2018/12,1691209669,5662,114.28,46.67,10.84,25982256,13.96,8.16,795016
한성기업(주),003680,2018/12,,0,,,,,1.06,0.53,286868
한세실업(주),105630,2018/12,1170729345,17658,137.64,42.08,0.08,-21358559,2.95,1.43,1316638
한세엠케이(주),069640,2018/12,205628646,2279,38.46,72.22,-1.8,17442514,1.24,0.66,251306
한세예스24홀딩스(주),016450,2018/12,1678316387,8638,171.69,36.81,2.4,14516766,4.92,2.79,15784
한솔로지스틱스(주),009180,2018/12,126782732,824,125.24,44.4,22.21,62255,1.3,0.41,335103
한솔제지(주),213500,2018/12,1802836469,9511,206.86,32.59,2,124064312,0.94,0.57,1738954
한솔테크닉스(주),004710,2018/12,513011860,0,154.15,39.35,-9.98,22350300,2.35,0.79,517947
한솔피엔에스(주),010420,2018/12,,307,,,,,1,0.58,248351
한솔홀딩스(주),004150,2018/12,1347350249,0,211.91,32.06,-20.93,-3761307,0.77,0.48,25283
한신공영(주),004960,2018/12,1778426426,4340,298.72,25.08,7.96,13704173,0.73,0.41,2063185
한신기계공업(주),011700,2018/12,90678706,1113,13.6,88.03,-5.1,2786787,1.78,0.66,51780
한양증권(주),001750,2018/12,,3324,,,,,0.41,0.33,205081
한온시스템(주),018880,2018/12,5355780832,42704,151.25,39.8,6.3,471265022,5.89,3.96,2604671
한올바이오파마(주),009420,2018/12,162304333,0,38.82,72.04,9.03,-2994392,21.04,10.58,91839
한일시멘트(주),300720,2018/12,,18652,,,,,,,511988
한일철강(주),002220,2018/12,312201042,0,93.48,51.68,8.25,4128234,0.49,0.24,158504
한일현대시멘트(주),006390,2018/12,,13407,,,,,9.46,1.39,339613
한일홀딩스(주),003300,2018/12,3254244173,13188,88.67,53,-24.62,126727443,1.52,0.35,28201
한전산업개발(주),130660,2018/12,148485447,5509,96.98,50.77,-1.69,9708869,2.27,1.46,325694
한전케이피에스(주),051600,2018/12,1280921375,80550,30.16,76.83,0.46,130092768,2.67,1.32,1239604
한화생명보험(주),088350,2018/12,132084450818,75139,1055.63,8.65,-10.18,1642875631,0.67,0.37,15254284
한화손해보험(주),000370,2018/12,16733867311,15176,1082.14,8.46,7.1,710737079,0.81,0.46,7422945
한화솔루션(주),009830,2018/12,15231475448,32903,144.6,40.88,-3.17,726704240,1.19,0.48,3997665
한화에어로스페이스(주),012450,2018/12,7396686213,0,180.63,35.63,5.64,56342754,1.23,0.7,1065835
한화투자증권(주),003530,2018/12,7344132792,0,672.81,12.94,11.17,-250884952,0.74,0.36,1875074
해성디에스(주),195870,2018/12,306239934,5100,55.96,64.12,11.76,36762813,1.9,1.1,363292
해태제과식품(주),101530,2018/12,794989004,3978,176.48,36.17,-9.49,50713272,1.87,0.92,706369
핸즈코퍼레이션(주),143210,2018/12,705255018,980,119.98,45.46,-1.98,19526871,1.07,0.5,501354
현대건설(주),000720,2018/12,18054609000,55732,117.74,45.93,-0.92,249524000,1.69,0.77,10016133
현대글로비스(주),086280,2018/12,8687842635,123750,103.93,49.04,3.1,489663971,2.29,1.09,13452450
현대로템(주),064350,2018/12,4002149975,0,261.21,27.68,-11.51,-14193054,4.16,1.35,2147585
현대모비스(주),012330,2018/12,43071132000,378819,40.28,71.29,0.01,1610128000,1.23,0.74,20517169
현대비앤지스틸(주),004560,2018/12,605619115,1524,58.53,63.08,-1.81,8575535,0.7,0.34,711993
현대엘리베이터(주),017800,2018/12,2374837741,24442,155.03,39.21,-5.84,168621986,3.87,1.55,1615295
현대위아(주),011210,2018/12,7107447378,15937,134.03,42.73,5.25,-113336963,0.65,0.28,7205700
현대자동차(주),005380,2018/12,180655752000,800301,144.47,40.9,0.45,3764265000,1.01,0.56,43160108
현대제철(주),004020,2018/12,33304917423,98453,95.65,51.11,8.42,1575279410,0.61,0.33,18610813
현대차증권(주),001500,2018/12,6686422767,13202,653.89,13.26,18.73,-48577369,0.48,0.3,592807
현대코퍼레이션(주),011760,2018/12,1098171167,7595,258.97,27.86,9.48,-41849363,2.47,0.8,3475054
현대코퍼레이션홀딩스(주),227840,2018/12,188799168,4343,12.2,89.13,13.9,-128512,2.47,0.86,163042
현대해상화재보험(주),001450,2018/12,44092169050,90101,967.26,9.37,-0.88,1898319970,1.08,0.73,15569115
호전실업(주),111110,2018/12,287546984,2036,127.28,44,-4.62,5601676,1.29,0.68,286598
화성산업(주),002460,2018/12,,11262,,,,,0.62,0.43,475191
화천기계(주),010660,2018/12,,198,,,,,0.55,0.31,180680
화천기공(주),000850,2018/12,385639759,2750,33.87,74.7,3.42,8985451,0.53,0.33,195585
환인제약(주),016580,2018/12,,4580,,,,,2.14,1.11,154664
효성아이티엑스(주),094280,2018/12,121415206,6038,154.15,39.35,1.79,20379850,5.81,3.31,390803
효성중공업(주),298040,2018/12,3432511553,0,,,,2567158,,,2135068
효성첨단소재(주),298050,2018/12,2534697811,0,,,,90951671,,,620698
효성티앤씨(주),298020,2018/12,3138844259,4316,,,,115684005,,,2046593
효성화학(주),298000,2018/12,1653249379,3178,,,,76768064,,,1116772
흥국화재해상보험(주),000540,2018/12,,0,,,,,0.69,0.42,4157070
흥아해운(주),003280,2018/12,803698457,0,998.73,9.1,-9.87,-33794586,2.97,1.09,705007
