,종목명,2017_E,2017_S,2017_G,2018_E,2018_S,2018_G,Diff_E,Diff_S,Diff_G,업종명,2017_종가,2018_종가,등락률,연도
0,AJ네트웍스,2.0,1.5,1.5,1.0,1.5,1.5,-1.0,0.0,0.0,서비스업,7330,4555,-0.378581173260573,"17,18년"
1,AK홀딩스,2.0,1.5,1.5,1.0,1.5,1.5,-1.0,0.0,0.0,기타금융,67300,44600,-0.337295690936107,"17,18년"
2,BNK금융지주,2.0,4.0,3.0,,3.0,1.5,,-1.0,-1.5,기타금융,9940,7590,-0.23641851106639838,"17,18년"
3,BYC,2.0,1.5,1.5,3.0,1.5,1.5,1.0,0.0,0.0,섬유의복,320000,233500,-0.2703125,"17,18년"
4,CJ,4.0,4.0,1.5,4.0,5.0,1.5,0.0,1.0,0.0,기타금융,186500,109000,-0.4155495978552279,"17,18년"
5,CJ CGV,3.0,3.0,1.5,4.0,3.0,1.5,1.0,0.0,0.0,서비스업,69600,40350,-0.4202586206896552,"17,18년"
6,CJ대한통운,3.0,3.0,4.0,3.0,3.0,4.0,0.0,0.0,0.0,운수창고업,157000,158500,0.009554140127388535,"17,18년"
7,CJ씨푸드,2.0,1.5,1.5,2.0,3.0,1.5,0.0,1.5,0.0,음식료품,2905,2170,-0.25301204819277107,"17,18년"
8,CJ제일제당,3.0,4.0,4.0,3.0,5.0,4.0,0.0,1.0,0.0,음식료품,366000,324000,-0.11475409836065574,"17,18년"
9,CS홀딩스,2.0,1.5,1.5,2.0,1.5,1.5,0.0,0.0,0.0,기타금융,81000,58900,-0.27283950617283953,"17,18년"
10,DGB금융지주,4.0,4.0,4.0,,3.0,4.0,,-1.0,0.0,기타금융,10450,9400,-0.10047846889952153,"17,18년"
11,DRB동일,2.0,1.5,1.5,1.0,1.5,1.5,-1.0,0.0,0.0,화학,8480,6450,-0.23938679245283018,"17,18년"
12,DSR,1.0,1.5,1.5,1.0,1.5,1.5,0.0,0.0,0.0,철강금속,5520,3230,-0.4148550724637681,"17,18년"
13,DSR제강,2.0,1.5,1.5,1.0,1.5,1.5,-1.0,0.0,0.0,철강금속,4875,3475,-0.28717948717948716,"17,18년"
14,E1,3.0,3.0,1.5,2.0,3.0,1.5,-1.0,0.0,0.0,유통업,57500,60600,0.05391304347826087,"17,18년"
15,F&F,2.0,1.5,1.5,1.0,1.5,1.5,-1.0,0.0,0.0,섬유의복,39500,52200,0.32151898734177214,"17,18년"
16,GKL,3.0,1.5,1.5,2.0,3.0,1.5,-1.0,1.5,0.0,서비스업,28000,22250,-0.20535714285714285,"17,18년"
17,GS,3.0,1.5,1.5,3.0,1.5,1.5,0.0,0.0,0.0,기타금융,66200,48500,-0.2673716012084592,"17,18년"
18,GS건설,3.0,4.0,4.0,3.0,3.0,4.0,0.0,-1.0,0.0,건설업,26000,41750,0.6057692307692307,"17,18년"
19,GS글로벌,3.0,1.5,1.5,3.0,1.5,1.5,0.0,0.0,0.0,유통업,3120,2410,-0.22756410256410256,"17,18년"
20,GS리테일,3.0,3.0,1.5,3.0,3.0,1.5,0.0,0.0,0.0,유통업,33400,35900,0.0748502994011976,"17,18년"
21,JB금융지주,4.0,1.5,1.5,,4.0,1.5,,2.5,0.0,기타금융,5890,5490,-0.06791171477079797,"17,18년"
22,JW생명과학,2.0,1.5,3.0,2.0,3.0,3.0,0.0,1.5,0.0,의약품,36500,22000,-0.3972602739726027,"17,18년"
23,JW중외제약,2.0,3.0,1.5,3.0,3.0,1.5,1.0,0.0,0.0,의약품,41650,33150,-0.20408163265306123,"17,18년"
24,JW홀딩스,3.0,1.5,1.5,2.0,3.0,1.5,-1.0,1.5,0.0,기타금융,8050,5850,-0.2732919254658385,"17,18년"
25,KB금융,4.0,4.0,4.0,5.0,4.0,5.0,1.0,0.0,1.0,기타금융,58400,47400,-0.18835616438356165,"17,18년"
26,KC그린홀딩스,2.0,1.5,1.5,2.0,1.5,1.5,0.0,0.0,0.0,기타금융,5240,3320,-0.366412213740458,"17,18년"
27,KC코트렐,2.0,1.5,1.5,2.0,1.5,1.5,0.0,0.0,0.0,기계,4410,3540,-0.19727891156462585,"17,18년"
28,KEC,2.0,1.5,3.0,2.0,1.5,3.0,0.0,0.0,0.0,전기전자,1325,976,-0.26339622641509436,"17,18년"
29,KG케미칼,,1.5,1.5,,1.5,1.5,,0.0,0.0,화학,16300,17700,0.08588957055214724,"17,18년"
30,KISCO홀딩스,2.0,1.5,1.5,3.0,1.5,1.5,1.0,0.0,0.0,철강금속,79900,11750,-0.8529411764705882,"17,18년"
31,KPX케미칼,1.0,1.5,1.5,2.0,1.5,1.5,1.0,0.0,0.0,화학,75300,51500,-0.3160690571049137,"17,18년"
32,KPX홀딩스,2.0,1.5,1.5,2.0,1.5,1.5,0.0,0.0,0.0,화학,71700,61000,-0.1492329149232915,"17,18년"
33,KR모터스,2.0,1.5,1.5,1.0,1.5,1.5,-1.0,0.0,0.0,운수장비,404,558,0.3811881188118812,"17,18년"
34,KSS해운,3.0,1.5,3.0,2.0,3.0,1.5,-1.0,1.5,-1.5,운수창고업,9730,6870,-0.29393627954779034,"17,18년"
35,KTcs,3.0,3.0,1.5,3.0,3.0,1.5,0.0,0.0,0.0,서비스업,2405,2235,-0.07068607068607069,"17,18년"
36,LF,3.0,1.5,1.5,2.0,1.5,1.5,-1.0,0.0,0.0,섬유의복,25800,21900,-0.1511627906976744,"17,18년"
37,LG,3.0,3.0,1.5,3.0,4.0,3.0,0.0,1.0,1.5,기타금융,86000,66300,-0.22906976744186047,"17,18년"
38,LG디스플레이,3.0,4.0,4.0,3.0,5.0,4.0,0.0,1.0,0.0,전기전자,29300,16500,-0.43686006825938567,"17,18년"
39,LG생활건강,3.0,5.0,4.0,3.0,5.0,4.0,0.0,0.0,0.0,화학,1177000,1044000,-0.11299915038232795,"17,18년"
40,LG유플러스,3.0,3.0,4.0,3.0,3.0,4.0,0.0,0.0,0.0,통신업,12850,16150,0.25680933852140075,"17,18년"
41,LG이노텍,3.0,5.0,4.0,3.0,5.0,4.0,0.0,0.0,0.0,전기전자,172000,124000,-0.27906976744186046,"17,18년"
42,LG전자,2.0,4.0,4.0,2.0,4.0,4.0,0.0,0.0,0.0,전기전자,91000,63300,-0.30439560439560437,"17,18년"
43,LG화학,3.0,5.0,4.0,3.0,5.0,4.0,0.0,0.0,0.0,화학,403500,347000,-0.14002478314745972,"17,18년"
44,LIG넥스원,3.0,3.0,3.0,3.0,3.0,3.0,0.0,0.0,0.0,기계,71900,29100,-0.5952712100139083,"17,18년"
45,LS,2.0,1.5,1.5,1.0,3.0,1.5,-1.0,1.5,0.0,기타금융,79000,50500,-0.36075949367088606,"17,18년"
46,LS네트웍스,2.0,1.5,1.5,2.0,1.5,1.5,0.0,0.0,0.0,유통업,2935,2500,-0.14821124361158433,"17,18년"
47,LS전선아시아,2.0,1.5,1.5,2.0,1.5,1.5,0.0,0.0,0.0,기타금융,6610,5040,-0.23751891074130105,"17,18년"
48,MH에탄올,1.0,1.5,1.5,1.0,1.5,1.5,0.0,0.0,0.0,음식료품,6350,4990,-0.2141732283464567,"17,18년"
49,NAVER,3.0,4.0,3.0,3.0,3.0,1.5,0.0,-1.0,-1.5,서비스업,894000,114500,-0.8719239373601789,"17,18년"
50,NH투자증권,4.0,1.5,1.5,,4.0,1.5,,2.5,0.0,증권,14050,12150,-0.13523131672597866,"17,18년"
51,NICE,3.0,1.5,1.5,2.0,1.5,1.5,-1.0,0.0,0.0,서비스업,15900,17150,0.07861635220125786,"17,18년"
52,NI스틸,2.0,1.5,1.5,,1.5,1.5,,0.0,0.0,철강금속,3485,2265,-0.3500717360114778,"17,18년"
53,OCI,3.0,5.0,4.0,3.0,5.0,4.0,0.0,0.0,0.0,화학,113000,85200,-0.24601769911504426,"17,18년"
54,S-Oil,5.0,5.0,4.0,5.0,5.0,4.0,0.0,0.0,0.0,화학,128500,124000,-0.03501945525291829,"17,18년"
55,SBS,2.0,1.5,1.5,2.0,1.5,1.5,0.0,0.0,0.0,서비스업,25200,18450,-0.26785714285714285,"17,18년"
56,SG세계물산,1.0,1.5,1.5,1.0,1.5,1.5,0.0,0.0,0.0,유통업,990,608,-0.38585858585858585,"17,18년"
57,SH에너지화학,2.0,1.5,1.5,3.0,1.5,1.5,1.0,0.0,0.0,화학,1495,965,-0.35451505016722407,"17,18년"
58,SIMPAC,1.0,1.5,1.5,2.0,1.5,1.5,1.0,0.0,0.0,철강금속,4350,2365,-0.45632183908045976,"17,18년"
59,SK,5.0,5.0,4.0,5.0,5.0,4.0,0.0,0.0,0.0,기타금융,289500,261500,-0.09671848013816926,"17,18년"
60,SKC,3.0,3.0,4.0,3.0,4.0,3.0,0.0,1.0,-1.0,화학,39750,33150,-0.1660377358490566,"17,18년"
61,SK가스,3.0,3.0,1.5,3.0,4.0,1.5,0.0,1.0,0.0,유통업,93600,73100,-0.21901709401709402,"17,18년"
62,SK네트웍스,3.0,3.0,1.5,3.0,5.0,3.0,0.0,2.0,1.5,유통업,6650,4255,-0.3601503759398496,"17,18년"
63,SK디앤디,2.0,1.5,1.5,1.0,1.5,1.5,-1.0,0.0,0.0,서비스업,30100,30600,0.016611295681063124,"17,18년"
64,SK이노베이션,4.0,4.0,1.5,4.0,5.0,3.0,0.0,1.0,1.5,화학,205000,213500,0.041463414634146344,"17,18년"
65,SK증권,4.0,3.0,1.5,,1.5,1.5,,-1.5,0.0,증권,1245,740,-0.40562248995983935,"17,18년"
66,SK텔레콤,4.0,3.0,4.0,5.0,4.0,4.0,1.0,1.0,0.0,통신업,264000,268000,0.015151515151515152,"17,18년"
67,SK하이닉스,4.0,4.0,4.0,3.0,5.0,3.0,-1.0,1.0,-1.0,전기전자,82200,68200,-0.170316301703163,"17,18년"
68,SPC삼립,1.0,1.5,1.5,3.0,3.0,1.5,2.0,1.5,0.0,음식료품,137500,125500,-0.08727272727272728,"17,18년"
69,STX,2.0,3.0,1.5,2.0,1.5,1.5,0.0,-1.5,0.0,유통업,2385,13300,4.576519916142558,"17,18년"
70,STX엔진,2.0,1.5,3.0,2.0,1.5,3.0,0.0,0.0,0.0,기계,9850,6660,-0.3238578680203046,"17,18년"
71,WISCOM,2.0,1.5,1.5,2.0,1.5,1.5,0.0,0.0,0.0,화학,4245,2675,-0.36984687868080096,"17,18년"
72,YG PLUS,2.0,1.5,1.5,1.0,1.5,1.5,-1.0,0.0,0.0,서비스업,2280,2090,-0.08333333333333333,"17,18년"
73,가온전선,2.0,1.5,3.0,2.0,3.0,3.0,0.0,1.5,0.0,전기전자,23700,16150,-0.31856540084388185,"17,18년"
74,강남제비스코,2.0,1.5,1.5,2.0,1.5,1.5,0.0,0.0,0.0,화학,36500,23350,-0.36027397260273974,"17,18년"
75,강원랜드,2.0,4.0,4.0,3.0,3.0,4.0,1.0,-1.0,0.0,서비스업,34300,28700,-0.16326530612244897,"17,18년"
76,갤럭시아에스엠,1.0,1.5,1.5,1.0,1.5,1.5,0.0,0.0,0.0,서비스업,3480,1385,-0.6020114942528736,"17,18년"
77,경농,1.0,1.5,1.5,1.0,1.5,1.5,0.0,0.0,0.0,화학,6130,9080,0.4812398042414356,"17,18년"
78,경동나비엔,,3.0,3.0,2.0,4.0,3.0,,1.0,0.0,전기전자,40450,36750,-0.09147095179233622,"17,18년"
79,경동인베스트,1.0,1.5,1.5,1.0,1.5,1.5,0.0,0.0,0.0,기타금융,46000,37200,-0.19130434782608696,"17,18년"
80,경방,2.0,1.5,1.5,1.0,1.5,1.5,-1.0,0.0,0.0,유통업,14550,11850,-0.18556701030927836,"17,18년"
81,경보제약,2.0,1.5,1.5,2.0,1.5,1.5,0.0,0.0,0.0,의약품,12200,10000,-0.18032786885245902,"17,18년"
82,경인양행,2.0,1.5,1.5,1.0,1.5,1.5,-1.0,0.0,0.0,화학,4755,5250,0.10410094637223975,"17,18년"
83,경인전자,2.0,1.5,1.5,1.0,1.5,1.5,-1.0,0.0,0.0,전기전자,20250,22800,0.1259259259259259,"17,18년"
84,계양전기,2.0,1.5,1.5,2.0,1.5,1.5,0.0,0.0,0.0,기계,4545,3360,-0.2607260726072607,"17,18년"
85,고려산업,2.0,1.5,1.5,2.0,1.5,1.5,0.0,0.0,0.0,음식료품,2880,2010,-0.3020833333333333,"17,18년"
86,고려아연,2.0,3.0,1.5,1.0,3.0,3.0,-1.0,0.0,1.5,철강금속,512000,379000,-0.259765625,"17,18년"
87,고려제강,1.0,1.5,3.0,1.0,3.0,3.0,0.0,1.5,0.0,철강금속,35200,21600,-0.38636363636363635,"17,18년"
88,광동제약,2.0,3.0,1.5,2.0,3.0,1.5,0.0,0.0,0.0,의약품,8100,5610,-0.3074074074074074,"17,18년"
89,광명전기,1.0,1.5,1.5,,1.5,1.5,,0.0,0.0,전기전자,2645,2380,-0.1001890359168242,"17,18년"
90,광전자,2.0,1.5,1.5,2.0,1.5,1.5,0.0,0.0,0.0,전기전자,2740,1945,-0.29014598540145986,"17,18년"
91,광주신세계,2.0,1.5,1.5,3.0,1.5,1.5,1.0,0.0,0.0,유통업,239500,167500,-0.30062630480167013,"17,18년"
92,교보증권,4.0,3.0,1.5,,1.5,1.5,,-1.5,0.0,증권,9100,8670,-0.04725274725274725,"17,18년"
93,국도화학,,1.5,3.0,1.0,1.5,3.0,,0.0,0.0,화학,58900,45150,-0.233446519524618,"17,18년"
94,국동,2.0,1.5,1.5,2.0,1.5,1.5,0.0,0.0,0.0,유통업,3600,2355,-0.3458333333333333,"17,18년"
95,국보,1.0,1.5,1.5,1.0,1.5,1.5,0.0,0.0,0.0,운수창고업,10200,10300,0.00980392156862745,"17,18년"
96,국제약품,3.0,1.5,1.5,2.0,1.5,1.5,-1.0,0.0,0.0,의약품,4060,4195,0.0332512315270936,"17,18년"
97,극동유화,2.0,1.5,1.5,2.0,1.5,1.5,0.0,0.0,0.0,화학,3190,3165,-0.007836990595611285,"17,18년"
98,금강공업,1.0,1.5,1.5,1.0,1.5,1.5,0.0,0.0,0.0,철강금속,30700,21350,-0.30456026058631924,"17,18년"
99,금비,1.0,1.5,1.5,1.0,1.5,1.5,0.0,0.0,0.0,비금속광물,78400,62600,-0.20153061224489796,"17,18년"
100,금양,2.0,1.5,1.5,1.0,1.5,1.5,-1.0,0.0,0.0,화학,2380,2425,0.018907563025210083,"17,18년"
101,금호에이치티,1.0,1.5,1.5,1.0,1.5,1.5,0.0,0.0,0.0,운수장비,5140,8170,0.5894941634241245,"17,18년"
102,금호전기,1.0,1.5,1.5,1.0,1.5,1.5,0.0,0.0,0.0,전기전자,8120,6400,-0.21182266009852216,"17,18년"
103,금호타이어,1.0,3.0,3.0,3.0,3.0,3.0,2.0,0.0,0.0,화학,6550,5020,-0.233587786259542,"17,18년"
104,기신정기,2.0,1.5,1.5,2.0,1.5,1.5,0.0,0.0,0.0,기계,4925,3240,-0.34213197969543147,"17,18년"
105,기업은행,4.0,1.5,1.5,4.0,3.0,1.5,0.0,1.5,0.0,은행,15350,14850,-0.03257328990228013,"17,18년"
106,까뮤이앤씨,2.0,1.5,1.5,2.0,1.5,1.5,0.0,0.0,0.0,건설업,10050,1050,-0.8955223880597015,"17,18년"
107,깨끗한나라,2.0,1.5,3.0,2.0,1.5,3.0,0.0,0.0,0.0,종이목재,4300,3045,-0.29186046511627906,"17,18년"
108,남광토건,2.0,1.5,1.5,2.0,1.5,1.5,0.0,0.0,0.0,건설업,6700,13700,1.044776119402985,"17,18년"
109,남선알미늄,2.0,3.0,1.5,1.0,1.5,1.5,-1.0,-1.5,0.0,철강금속,1100,1380,0.2545454545454545,"17,18년"
110,남성,2.0,1.5,1.5,1.0,1.5,1.5,-1.0,0.0,0.0,유통업,2155,1210,-0.4385150812064965,"17,18년"
111,남양유업,2.0,3.0,1.5,1.0,1.5,1.5,-1.0,-1.5,0.0,음식료품,656000,601000,-0.08384146341463415,"17,18년"
112,남해화학,2.0,1.5,3.0,1.0,1.5,3.0,-1.0,0.0,0.0,화학,9080,10050,0.10682819383259912,"17,18년"
113,넥센,2.0,1.5,3.0,2.0,1.5,3.0,0.0,0.0,0.0,화학,8150,5170,-0.3656441717791411,"17,18년"
114,넥센타이어,2.0,1.5,3.0,2.0,1.5,3.0,0.0,0.0,0.0,화학,12850,8170,-0.3642023346303502,"17,18년"
115,노루페인트,2.0,1.5,1.5,2.0,1.5,1.5,0.0,0.0,0.0,화학,9060,7870,-0.13134657836644592,"17,18년"
116,노루홀딩스,,1.5,1.5,2.0,1.5,1.5,,0.0,0.0,기타금융,18000,11700,-0.35,"17,18년"
117,녹십자,2.0,1.5,3.0,2.0,3.0,3.0,0.0,1.5,0.0,의약품,211000,119500,-0.43364928909952605,"17,18년"
118,녹십자홀딩스,2.0,1.5,1.5,1.0,3.0,1.5,-1.0,1.5,0.0,서비스업,37850,20750,-0.45178335535006603,"17,18년"
119,농심,2.0,1.5,3.0,1.0,3.0,3.0,-1.0,1.5,0.0,음식료품,347500,218000,-0.3726618705035971,"17,18년"
120,농심홀딩스,2.0,1.5,1.5,1.0,1.5,1.5,-1.0,0.0,0.0,기타금융,114500,66000,-0.42358078602620086,"17,18년"
121,다우기술,2.0,3.0,1.5,1.0,3.0,1.5,-1.0,0.0,0.0,서비스업,18350,20000,0.08991825613079019,"17,18년"
122,대교,4.0,1.5,1.5,3.0,1.5,1.5,-1.0,0.0,0.0,서비스업,8210,6900,-0.15956151035322777,"17,18년"
123,대구백화점,3.0,1.5,1.5,3.0,1.5,1.5,0.0,0.0,0.0,유통업,12250,8900,-0.27346938775510204,"17,18년"
124,대덕전자,2.0,1.5,3.0,2.0,3.0,3.0,0.0,1.5,0.0,전기전자,10250,8280,-0.19219512195121952,"17,18년"
125,대동전자,2.0,1.5,1.5,1.0,1.5,1.5,-1.0,0.0,0.0,전기전자,4330,3305,-0.23672055427251731,"17,18년"
126,대림통상,1.0,1.5,1.5,2.0,1.5,1.5,1.0,0.0,0.0,기계,5470,3845,-0.2970749542961609,"17,18년"
127,대상,2.0,3.0,1.5,2.0,3.0,1.5,0.0,0.0,0.0,음식료품,23800,22550,-0.052521008403361345,"17,18년"
128,대상홀딩스,1.0,1.5,1.5,2.0,1.5,1.5,1.0,0.0,0.0,기타금융,9860,7240,-0.2657200811359026,"17,18년"
129,대성산업,2.0,1.5,1.5,1.0,1.5,1.5,-1.0,0.0,0.0,유통업,3335,3760,0.12743628185907047,"17,18년"
130,대성에너지,2.0,1.5,1.5,1.0,1.5,1.5,-1.0,0.0,0.0,전기가스업,6220,5410,-0.1302250803858521,"17,18년"
131,대성홀딩스,2.0,1.5,1.5,3.0,1.5,1.5,1.0,0.0,0.0,서비스업,8460,6220,-0.2647754137115839,"17,18년"
132,대신증권,4.0,1.5,1.5,,3.0,1.5,,1.5,0.0,증권,13500,11050,-0.1814814814814815,"17,18년"
133,대양금속,1.0,1.5,3.0,2.0,1.5,3.0,1.0,0.0,0.0,철강금속,3715,4240,0.14131897711978467,"17,18년"
134,대영포장,1.0,1.5,1.5,1.0,1.5,1.5,0.0,0.0,0.0,종이목재,875,872,-0.0034285714285714284,"17,18년"
135,대우건설,3.0,4.0,4.0,3.0,5.0,4.0,0.0,1.0,0.0,건설업,7350,4525,-0.3843537414965986,"17,18년"
136,대우부품,1.0,1.5,1.5,2.0,1.5,1.5,1.0,0.0,0.0,운수장비,2060,1465,-0.28883495145631066,"17,18년"
137,대우조선해양,1.0,1.5,3.0,3.0,1.5,3.0,2.0,0.0,0.0,운수장비,18350,29250,0.5940054495912807,"17,18년"
138,대웅,2.0,1.5,1.5,1.0,1.5,1.5,-1.0,0.0,0.0,의약품,15550,13900,-0.10610932475884244,"17,18년"
139,대웅제약,1.0,3.0,1.5,1.0,3.0,1.5,0.0,0.0,0.0,의약품,113500,141000,0.2422907488986784,"17,18년"
140,대원강업,2.0,1.5,3.0,2.0,3.0,3.0,0.0,1.5,0.0,운수장비,4080,3230,-0.20833333333333334,"17,18년"
141,대원전선,1.0,1.5,1.5,1.0,1.5,1.5,0.0,0.0,0.0,전기전자,1210,1355,0.11983471074380166,"17,18년"
142,대원제약,3.0,3.0,1.5,3.0,3.0,1.5,0.0,0.0,0.0,의약품,17850,16150,-0.09523809523809523,"17,18년"
143,대원화성,2.0,1.5,3.0,1.0,1.5,3.0,-1.0,0.0,0.0,화학,2350,1435,-0.3893617021276596,"17,18년"
144,대유에이텍,1.0,1.5,1.5,1.0,1.5,1.5,0.0,0.0,0.0,운수장비,1145,811,-0.29170305676855895,"17,18년"
145,대유플러스,2.0,1.5,3.0,1.0,1.5,1.5,-1.0,0.0,-1.5,전기전자,732,788,0.07650273224043716,"17,18년"
146,대창,2.0,1.5,3.0,2.0,1.5,3.0,0.0,0.0,0.0,철강금속,1020,895,-0.12254901960784313,"17,18년"
147,대창단조,1.0,1.5,3.0,2.0,1.5,3.0,1.0,0.0,0.0,운수장비,61500,38950,-0.36666666666666664,"17,18년"
148,대한방직,1.0,1.5,1.5,1.0,1.5,1.5,0.0,0.0,0.0,섬유의복,88000,11550,-0.86875,"17,18년"
149,대한유화,2.0,1.5,1.5,1.0,1.5,1.5,-1.0,0.0,0.0,화학,250000,156000,-0.376,"17,18년"
150,대한전선,2.0,1.5,3.0,2.0,1.5,3.0,0.0,0.0,0.0,전기전자,1270,1035,-0.18503937007874016,"17,18년"
151,대한제강,2.0,1.5,3.0,2.0,1.5,3.0,0.0,0.0,0.0,철강금속,11050,5150,-0.5339366515837104,"17,18년"
152,대한제당,1.0,1.5,1.5,2.0,1.5,1.5,1.0,0.0,0.0,음식료품,26000,18900,-0.27307692307692305,"17,18년"
153,대한제분,1.0,1.5,1.5,1.0,1.5,1.5,0.0,0.0,0.0,음식료품,169500,170000,0.0029498525073746312,"17,18년"
154,대한항공,3.0,3.0,4.0,2.0,1.5,3.0,-1.0,-1.5,-1.0,운수창고업,31650,27450,-0.13270142180094788,"17,18년"
155,대한해운,1.0,1.5,1.5,1.0,1.5,1.5,0.0,0.0,0.0,운수창고업,32750,21450,-0.3450381679389313,"17,18년"
156,대한화섬,2.0,1.5,1.5,2.0,1.5,1.5,0.0,0.0,0.0,화학,114000,105000,-0.07894736842105263,"17,18년"
157,대현,2.0,1.5,1.5,2.0,1.5,1.5,0.0,0.0,0.0,섬유의복,2845,1900,-0.3321616871704745,"17,18년"
158,대호에이엘,2.0,1.5,3.0,1.0,1.5,3.0,-1.0,0.0,0.0,철강금속,1320,5420,3.106060606060606,"17,18년"
159,더존비즈온,2.0,3.0,1.5,2.0,1.5,1.5,0.0,-1.5,0.0,서비스업,32000,43350,0.3546875,"17,18년"
160,덕성,2.0,1.5,1.5,1.0,1.5,1.5,-1.0,0.0,0.0,화학,3980,2770,-0.30402010050251255,"17,18년"
161,덕양산업,2.0,1.5,1.5,1.0,1.5,1.5,-1.0,0.0,0.0,운수장비,1810,1120,-0.3812154696132597,"17,18년"
162,도화엔지니어링,3.0,1.5,1.5,3.0,1.5,1.5,0.0,0.0,0.0,서비스업,5050,6140,0.21584158415841584,"17,18년"
163,동국제강,1.0,3.0,3.0,2.0,1.5,3.0,1.0,-1.5,0.0,철강금속,10850,7070,-0.34838709677419355,"17,18년"
164,동남합성,1.0,1.5,1.5,1.0,1.5,1.5,0.0,0.0,0.0,화학,60300,60700,0.006633499170812604,"17,18년"
165,동방,2.0,1.5,1.5,1.0,1.5,1.5,-1.0,0.0,0.0,운수창고업,1765,1375,-0.22096317280453256,"17,18년"
166,동방아그로,2.0,1.5,1.5,1.0,1.5,1.5,-1.0,0.0,0.0,화학,7000,6400,-0.08571428571428572,"17,18년"
167,동서,2.0,1.5,1.5,2.0,1.5,1.5,0.0,0.0,0.0,유통업,27500,18650,-0.32181818181818184,"17,18년"
168,동성제약,2.0,1.5,1.5,1.0,1.5,1.5,-1.0,0.0,0.0,의약품,3850,20700,4.376623376623376,"17,18년"
169,동아쏘시오홀딩스,1.0,1.5,1.5,1.0,3.0,1.5,0.0,1.5,0.0,기타금융,122000,88900,-0.2713114754098361,"17,18년"
170,동아에스티,2.0,1.5,1.5,2.0,4.0,1.5,0.0,2.5,0.0,의약품,89400,83400,-0.06711409395973154,"17,18년"
171,동아지질,2.0,1.5,1.5,2.0,1.5,1.5,0.0,0.0,0.0,건설업,13050,13150,0.007662835249042145,"17,18년"
172,동양,2.0,1.5,1.5,2.0,1.5,1.5,0.0,0.0,0.0,비금속광물,1950,1590,-0.18461538461538463,"17,18년"
173,동양고속,1.0,1.5,1.5,2.0,1.5,1.5,1.0,0.0,0.0,운수창고업,37000,26600,-0.2810810810810811,"17,18년"
174,동양생명,3.0,1.5,1.5,,3.0,1.5,,1.5,0.0,보험,8860,5650,-0.3623024830699774,"17,18년"
175,동양철관,1.0,1.5,1.5,,1.5,1.5,,0.0,0.0,철강금속,1175,1595,0.3574468085106383,"17,18년"
176,동원F&B,1.0,4.0,3.0,,1.5,1.5,,-2.5,-1.5,음식료품,203500,264000,0.2972972972972973,"17,18년"
177,동원금속,3.0,1.5,1.5,3.0,1.5,1.5,0.0,0.0,0.0,운수장비,3365,848,-0.7479940564635958,"17,18년"
178,동원산업,2.0,4.0,1.5,1.0,1.5,1.5,-1.0,-2.5,0.0,기타금융,285500,241500,-0.15411558669001751,"17,18년"
179,동원수산,2.0,1.5,1.5,2.0,1.5,1.5,0.0,0.0,0.0,"농업, 임업 및 어업",8920,8990,0.007847533632286996,"17,18년"
180,동원시스템즈,1.0,4.0,3.0,1.0,3.0,1.5,0.0,-1.0,-1.5,화학,48400,26600,-0.45041322314049587,"17,18년"
181,동일고무벨트,1.0,1.5,1.5,1.0,1.5,1.5,0.0,0.0,0.0,화학,9680,6300,-0.34917355371900827,"17,18년"
182,동일산업,2.0,1.5,3.0,1.0,1.5,3.0,-1.0,0.0,0.0,철강금속,63500,60000,-0.05511811023622047,"17,18년"
183,동일제강,2.0,1.5,1.5,2.0,1.5,1.5,0.0,0.0,0.0,철강금속,3710,2855,-0.23045822102425875,"17,18년"
184,동화약품,2.0,3.0,1.5,2.0,3.0,1.5,0.0,0.0,0.0,의약품,8840,9050,0.023755656108597284,"17,18년"
185,두산,4.0,5.0,4.0,4.0,5.0,5.0,0.0,0.0,1.0,기타금융,134000,119500,-0.10820895522388059,"17,18년"
186,두산밥캣,4.0,1.5,1.5,4.0,1.5,1.5,0.0,0.0,0.0,기계,36250,35200,-0.028965517241379312,"17,18년"
187,두올,2.0,1.5,1.5,2.0,1.5,1.5,0.0,0.0,0.0,운수장비,4860,2770,-0.43004115226337447,"17,18년"
188,디씨엠,2.0,1.5,1.5,2.0,1.5,1.5,0.0,0.0,0.0,철강금속,12700,12000,-0.05511811023622047,"17,18년"
189,디아이,2.0,1.5,1.5,2.0,1.5,1.5,0.0,0.0,0.0,의료정밀,5720,3480,-0.3916083916083916,"17,18년"
190,디아이씨,1.0,1.5,1.5,1.0,1.5,1.5,0.0,0.0,0.0,운수장비,9450,5650,-0.4021164021164021,"17,18년"
191,디와이,2.0,1.5,1.5,2.0,1.5,1.5,0.0,0.0,0.0,기타금융,7630,5300,-0.3053735255570118,"17,18년"
192,디와이파워,2.0,1.5,1.5,2.0,1.5,1.5,0.0,0.0,0.0,기계,23800,11600,-0.5126050420168067,"17,18년"
193,락앤락,3.0,1.5,1.5,3.0,1.5,1.5,0.0,0.0,0.0,화학,21650,15450,-0.2863741339491917,"17,18년"
194,롯데관광개발,1.0,1.5,1.5,2.0,1.5,1.5,1.0,0.0,0.0,서비스업,13550,11600,-0.14391143911439114,"17,18년"
195,롯데손해보험,4.0,4.0,1.5,4.0,5.0,1.5,0.0,1.0,0.0,보험,3305,2475,-0.25113464447806355,"17,18년"
196,롯데쇼핑,2.0,5.0,4.0,3.0,5.0,4.0,1.0,0.0,0.0,유통업,225000,193500,-0.14,"17,18년"
197,롯데정밀화학,4.0,5.0,4.0,3.0,5.0,4.0,-1.0,0.0,0.0,화학,40250,40750,0.012422360248447204,"17,18년"
198,롯데지주,2.0,5.0,4.0,3.0,,,1.0,,,기타금융,74500,47550,-0.361744966442953,"17,18년"
199,롯데케미칼,3.0,5.0,4.0,4.0,5.0,3.0,1.0,0.0,-1.0,화학,369500,262500,-0.2895805142083897,"17,18년"
200,롯데하이마트,4.0,5.0,1.5,4.0,5.0,1.5,0.0,0.0,0.0,유통업,74100,56100,-0.242914979757085,"17,18년"
201,마니커,1.0,1.5,1.5,1.0,1.5,1.5,0.0,0.0,0.0,음식료품,675,720,0.06666666666666667,"17,18년"
202,만호제강,2.0,1.5,1.5,2.0,1.5,1.5,0.0,0.0,0.0,철강금속,18400,17050,-0.07336956521739131,"17,18년"
203,메리츠금융지주,4.0,1.5,1.5,4.0,1.5,1.5,0.0,0.0,0.0,기타금융,16300,10350,-0.36503067484662577,"17,18년"
204,명문제약,2.0,1.5,1.5,2.0,3.0,1.5,0.0,1.5,0.0,의약품,6120,5130,-0.16176470588235295,"17,18년"
205,모나리자,1.0,1.5,1.5,1.0,1.5,1.5,0.0,0.0,0.0,종이목재,4930,2480,-0.4969574036511156,"17,18년"
206,모나미,2.0,1.5,1.5,2.0,1.5,1.5,0.0,0.0,0.0,유통업,3190,2455,-0.2304075235109718,"17,18년"
207,모토닉,2.0,1.5,1.5,2.0,1.5,1.5,0.0,0.0,0.0,운수장비,9240,8370,-0.09415584415584416,"17,18년"
208,무림P&P,,1.5,1.5,2.0,1.5,3.0,,0.0,1.5,종이목재,4200,7590,0.8071428571428572,"17,18년"
209,무림페이퍼,2.0,1.5,3.0,2.0,1.5,3.0,0.0,0.0,0.0,종이목재,2500,2830,0.132,"17,18년"
210,무학,2.0,1.5,1.5,2.0,1.5,1.5,0.0,0.0,0.0,음식료품,18150,11650,-0.3581267217630854,"17,18년"
211,문배철강,2.0,1.5,1.5,2.0,1.5,1.5,0.0,0.0,0.0,철강금속,3025,2725,-0.09917355371900827,"17,18년"
212,미래산업,3.0,1.5,1.5,2.0,1.5,1.5,-1.0,0.0,0.0,의료정밀,238,167,-0.29831932773109243,"17,18년"
213,미래아이앤지,1.0,1.5,1.5,1.0,1.5,1.5,0.0,0.0,0.0,서비스업,491,395,-0.1955193482688391,"17,18년"
214,미래에셋생명,4.0,3.0,1.5,,3.0,1.5,,0.0,0.0,보험,5860,4555,-0.2226962457337884,"17,18년"
215,미원상사,2.0,1.5,1.5,3.0,1.5,1.5,1.0,0.0,0.0,화학,230000,245000,0.06521739130434782,"17,18년"
216,미원홀딩스,2.0,1.5,1.5,2.0,1.5,1.5,0.0,0.0,0.0,기타금융,48700,36400,-0.25256673511293637,"17,18년"
217,미원화학,1.0,1.5,1.5,1.0,1.5,1.5,0.0,0.0,0.0,화학,62900,39600,-0.37042925278219396,"17,18년"
218,방림,2.0,1.5,3.0,2.0,1.5,3.0,0.0,0.0,0.0,섬유의복,20200,24500,0.21287128712871287,"17,18년"
219,백광산업,2.0,1.5,3.0,1.0,1.5,3.0,-1.0,0.0,0.0,화학,2720,2325,-0.14522058823529413,"17,18년"
220,백산,2.0,1.5,1.5,1.0,1.5,1.5,-1.0,0.0,0.0,화학,7700,5020,-0.34805194805194806,"17,18년"
221,범양건영,2.0,1.5,1.5,1.0,1.5,1.5,-1.0,0.0,0.0,건설업,11600,1290,-0.8887931034482759,"17,18년"
222,벽산,1.0,1.5,3.0,1.0,1.5,3.0,0.0,0.0,0.0,비금속광물,3405,2360,-0.3069016152716593,"17,18년"
223,보락,2.0,1.5,1.5,2.0,1.5,1.5,0.0,0.0,0.0,화학,974,2160,1.217659137577002,"17,18년"
224,보해양조,1.0,1.5,1.5,2.0,1.5,1.5,1.0,0.0,0.0,음식료품,1045,1150,0.10047846889952153,"17,18년"
225,부광약품,2.0,1.5,1.5,2.0,1.5,1.5,0.0,0.0,0.0,의약품,22150,22300,0.006772009029345372,"17,18년"
226,부국증권,3.0,1.5,1.5,,1.5,1.5,,0.0,0.0,증권,27500,21950,-0.2018181818181818,"17,18년"
227,부국철강,2.0,1.5,1.5,2.0,1.5,1.5,0.0,0.0,0.0,철강금속,2855,2395,-0.16112084063047286,"17,18년"
228,부산산업,2.0,1.5,1.5,1.0,1.5,1.5,-1.0,0.0,0.0,비금속광물,35350,149000,3.214992927864215,"17,18년"
229,부산주공,2.0,1.5,3.0,1.0,1.5,1.5,-1.0,0.0,-1.5,운수장비,1335,512,-0.6164794007490637,"17,18년"
230,비상교육,2.0,3.0,1.5,2.0,1.5,1.5,0.0,-1.5,0.0,서비스업,11800,7120,-0.39661016949152544,"17,18년"
231,빙그레,2.0,3.0,1.5,3.0,4.0,3.0,1.0,1.0,1.5,음식료품,60700,70800,0.16639209225700163,"17,18년"
232,사조대림,2.0,1.5,1.5,1.0,1.5,1.5,-1.0,0.0,0.0,음식료품,24150,20000,-0.17184265010351968,"17,18년"
233,사조동아원,2.0,1.5,1.5,2.0,1.5,1.5,0.0,0.0,0.0,음식료품,1555,1085,-0.3022508038585209,"17,18년"
234,사조산업,1.0,1.5,1.5,1.0,1.5,1.5,0.0,0.0,0.0,"농업, 임업 및 어업",73100,50000,-0.31600547195622436,"17,18년"
235,사조씨푸드,3.0,1.5,1.5,2.0,1.5,1.5,-1.0,0.0,0.0,음식료품,7070,5900,-0.16548797736916548,"17,18년"
236,사조오양,2.0,1.5,1.5,2.0,1.5,1.5,0.0,0.0,0.0,음식료품,14650,9530,-0.34948805460750854,"17,18년"
237,삼성SDI,2.0,5.0,4.0,3.0,4.0,4.0,1.0,-1.0,0.0,전기전자,206000,235500,0.14320388349514562,"17,18년"
238,삼성공조,2.0,1.5,1.5,2.0,1.5,1.5,0.0,0.0,0.0,운수장비,12050,8930,-0.25892116182572616,"17,18년"
239,삼성물산,4.0,5.0,4.0,4.0,5.0,5.0,0.0,0.0,1.0,유통업,148000,108500,-0.2668918918918919,"17,18년"
240,삼성바이오로직스,3.0,3.0,3.0,2.0,4.0,1.5,-1.0,1.0,-1.5,의약품,384000,387500,0.009114583333333334,"17,18년"
241,삼성생명,4.0,4.0,4.0,,3.0,4.0,,-1.0,0.0,보험,135000,92000,-0.31851851851851853,"17,18년"
242,삼성에스디에스,3.0,3.0,3.0,3.0,4.0,3.0,0.0,1.0,0.0,서비스업,207000,192500,-0.07004830917874397,"17,18년"
243,삼성엔지니어링,3.0,5.0,4.0,4.0,5.0,4.0,1.0,0.0,0.0,서비스업,12200,18250,0.4959016393442623,"17,18년"
244,삼성전기,4.0,5.0,5.0,4.0,5.0,4.0,0.0,0.0,-1.0,전기전자,104000,118000,0.1346153846153846,"17,18년"
245,삼성전자,2.0,4.0,4.0,3.0,4.0,4.0,1.0,0.0,0.0,전기전자,2754000,42400,-0.9846042120551924,"17,18년"
246,삼성제약,1.0,1.5,1.5,1.0,1.5,1.5,0.0,0.0,0.0,의약품,3500,2575,-0.2642857142857143,"17,18년"
247,삼성중공업,3.0,1.5,3.0,2.0,1.5,4.0,-1.0,0.0,1.0,운수장비,11800,6960,-0.4101694915254237,"17,18년"
248,삼성증권,4.0,3.0,1.5,,4.0,1.5,,1.0,0.0,증권,35600,26750,-0.24859550561797752,"17,18년"
249,삼성출판사,2.0,1.5,1.5,2.0,1.5,1.5,0.0,0.0,0.0,서비스업,9540,11100,0.16352201257861634,"17,18년"
250,삼성카드,4.0,1.5,1.5,,1.5,1.5,,0.0,0.0,기타금융,36650,33650,-0.08185538881309687,"17,18년"
251,삼아알미늄,2.0,1.5,3.0,2.0,1.5,1.5,0.0,0.0,-1.5,철강금속,3460,4055,0.17196531791907516,"17,18년"
252,삼양사,2.0,3.0,1.5,2.0,3.0,3.0,0.0,0.0,1.5,음식료품,97000,60700,-0.37422680412371134,"17,18년"
253,삼양식품,2.0,3.0,1.5,,1.5,1.5,,-1.5,0.0,음식료품,60700,60700,0.0,"17,18년"
254,삼양통상,2.0,1.5,1.5,1.0,1.5,3.0,-1.0,0.0,1.5,기타제조업,43850,39500,-0.09920182440136831,"17,18년"
255,삼양홀딩스,2.0,1.5,1.5,2.0,3.0,1.5,0.0,1.5,0.0,기타금융,90400,86300,-0.04535398230088496,"17,18년"
256,삼영무역,2.0,1.5,1.5,1.0,1.5,1.5,-1.0,0.0,0.0,유통업,17850,13600,-0.23809523809523808,"17,18년"
257,삼원강재,2.0,1.5,3.0,2.0,1.5,3.0,0.0,0.0,0.0,운수장비,3390,2600,-0.23303834808259588,"17,18년"
258,삼익THK,2.0,1.5,1.5,2.0,1.5,1.5,0.0,0.0,0.0,기계,18000,11600,-0.35555555555555557,"17,18년"
259,삼익악기,2.0,1.5,1.5,1.0,1.5,1.5,-1.0,0.0,0.0,기타제조업,1955,1565,-0.19948849104859334,"17,18년"
260,삼일제약,2.0,1.5,1.5,2.0,1.5,1.5,0.0,0.0,0.0,의약품,7500,21950,1.9266666666666667,"17,18년"
261,삼정펄프,2.0,1.5,1.5,1.0,1.5,1.5,-1.0,0.0,0.0,종이목재,43350,34950,-0.19377162629757785,"17,18년"
262,삼진제약,2.0,1.5,1.5,2.0,3.0,1.5,0.0,1.5,0.0,의약품,33100,37000,0.11782477341389729,"17,18년"
263,삼천리,2.0,3.0,3.0,3.0,3.0,3.0,1.0,0.0,0.0,전기가스업,102500,91500,-0.1073170731707317,"17,18년"
264,삼호개발,2.0,1.5,1.5,1.0,1.5,1.5,-1.0,0.0,0.0,건설업,4250,4300,0.011764705882352941,"17,18년"
265,삼화왕관,2.0,1.5,1.5,2.0,1.5,1.5,0.0,0.0,0.0,기계,54000,43500,-0.19444444444444445,"17,18년"
266,삼화전기,2.0,1.5,1.5,2.0,1.5,1.5,0.0,0.0,0.0,전기전자,8570,20150,1.3512252042007,"17,18년"
267,상신브레이크,2.0,1.5,1.5,2.0,1.5,1.5,0.0,0.0,0.0,운수장비,7550,3955,-0.476158940397351,"17,18년"
268,새론오토모티브,1.0,1.5,3.0,2.0,1.5,3.0,1.0,0.0,0.0,운수장비,7480,4655,-0.37767379679144386,"17,18년"
269,샘표,1.0,1.5,1.5,2.0,1.5,1.5,1.0,0.0,0.0,기타금융,32000,37950,0.1859375,"17,18년"
270,샘표식품,1.0,1.5,1.5,2.0,3.0,3.0,1.0,1.5,1.5,음식료품,33200,28000,-0.1566265060240964,"17,18년"
271,서연,,1.5,1.5,2.0,1.5,1.5,,0.0,0.0,기타금융,8020,3365,-0.580423940149626,"17,18년"
272,서연이화,3.0,3.0,1.5,3.0,3.0,1.5,0.0,0.0,0.0,운수장비,12000,3995,-0.6670833333333334,"17,18년"
273,서원,2.0,1.5,3.0,2.0,1.5,3.0,0.0,0.0,0.0,철강금속,1095,1005,-0.0821917808219178,"17,18년"
274,서흥,2.0,1.5,1.5,2.0,1.5,1.5,0.0,0.0,0.0,화학,33450,27300,-0.18385650224215247,"17,18년"
275,선도전기,2.0,1.5,1.5,2.0,1.5,1.5,0.0,0.0,0.0,전기전자,3240,3665,0.13117283950617284,"17,18년"
276,선진,3.0,1.5,1.5,3.0,1.5,1.5,0.0,0.0,0.0,음식료품,15500,11000,-0.2903225806451613,"17,18년"
277,성문전자,2.0,1.5,1.5,1.0,1.5,1.5,-1.0,0.0,0.0,전기전자,2270,2425,0.06828193832599119,"17,18년"
278,성보화학,1.0,1.5,1.5,2.0,1.5,1.5,1.0,0.0,0.0,화학,6190,6020,-0.027463651050080775,"17,18년"
279,성신양회,1.0,1.5,3.0,2.0,1.5,3.0,1.0,0.0,0.0,비금속광물,5360,8760,0.6343283582089553,"17,18년"
280,성안,1.0,1.5,1.5,1.0,1.5,1.5,0.0,0.0,0.0,섬유의복,687,550,-0.19941775836972345,"17,18년"
281,성창기업지주,1.0,1.5,1.5,1.0,1.5,1.5,0.0,0.0,0.0,서비스업,2745,1965,-0.28415300546448086,"17,18년"
282,세기상사,2.0,1.5,1.5,2.0,1.5,1.5,0.0,0.0,0.0,유통업,72800,76400,0.04945054945054945,"17,18년"
283,세방,2.0,1.5,1.5,3.0,1.5,1.5,1.0,0.0,0.0,운수창고업,13600,12350,-0.09191176470588236,"17,18년"
284,세방전지,1.0,1.5,3.0,1.0,1.5,3.0,0.0,0.0,0.0,전기전자,33850,35100,0.03692762186115214,"17,18년"
285,세아제강,2.0,1.5,3.0,1.0,1.5,3.0,-1.0,0.0,0.0,철강금속,91800,58900,-0.35838779956427014,"17,18년"
286,세아특수강,2.0,1.5,3.0,2.0,1.5,3.0,0.0,0.0,0.0,철강금속,21350,16200,-0.24121779859484777,"17,18년"
287,세아홀딩스,1.0,1.5,1.5,1.0,1.5,1.5,0.0,0.0,0.0,철강금속,157500,99800,-0.36634920634920637,"17,18년"
288,세우글로벌,2.0,1.5,1.5,1.0,1.5,1.5,-1.0,0.0,0.0,유통업,1660,1275,-0.2319277108433735,"17,18년"
289,세원정공,1.0,1.5,1.5,2.0,1.5,1.5,1.0,0.0,0.0,운수장비,17100,7960,-0.5345029239766081,"17,18년"
290,세이브존I&C,2.0,1.5,1.5,1.0,1.5,1.5,-1.0,0.0,0.0,유통업,5150,3325,-0.35436893203883496,"17,18년"
291,세종공업,1.0,1.5,3.0,1.0,1.5,1.5,0.0,0.0,-1.5,운수장비,7780,5240,-0.3264781491002571,"17,18년"
292,세진중공업,3.0,3.0,1.5,2.0,1.5,1.5,-1.0,-1.5,0.0,운수장비,3040,3690,0.2138157894736842,"17,18년"
293,세하,2.0,1.5,3.0,2.0,1.5,3.0,0.0,0.0,0.0,종이목재,1520,1350,-0.1118421052631579,"17,18년"
294,송원산업,2.0,3.0,3.0,,1.5,3.0,,-1.5,0.0,화학,21500,17250,-0.19767441860465115,"17,18년"
295,수산중공업,2.0,1.5,1.5,2.0,1.5,1.5,0.0,0.0,0.0,기계,1530,1515,-0.00980392156862745,"17,18년"
296,신대양제지,1.0,1.5,1.5,,1.5,1.5,,0.0,0.0,종이목재,32950,68100,1.0667678300455234,"17,18년"
297,신도리코,3.0,1.5,3.0,3.0,1.5,1.5,0.0,0.0,-1.5,전기전자,63000,43500,-0.30952380952380953,"17,18년"
298,신라교역,1.0,1.5,1.5,1.0,1.5,1.5,0.0,0.0,0.0,"농업, 임업 및 어업",15350,12600,-0.1791530944625407,"17,18년"
299,신성이엔지,2.0,1.5,1.5,1.0,1.5,1.5,-1.0,0.0,0.0,전기전자,1765,1130,-0.3597733711048159,"17,18년"
300,신성통상,2.0,1.5,1.5,1.0,1.5,1.5,-1.0,0.0,0.0,유통업,981,817,-0.1671763506625892,"17,18년"
301,신세계,2.0,5.0,3.0,2.0,5.0,3.0,0.0,0.0,0.0,유통업,229000,258500,0.12882096069868995,"17,18년"
302,신세계건설,3.0,1.5,1.5,3.0,3.0,1.5,0.0,1.5,0.0,건설업,28150,23700,-0.15808170515097691,"17,18년"
303,신세계인터내셔날,2.0,4.0,1.5,3.0,3.0,1.5,1.0,-1.0,0.0,유통업,61800,147500,1.3867313915857604,"17,18년"
304,신세계푸드,2.0,4.0,3.0,1.0,3.0,1.5,-1.0,-1.0,-1.5,서비스업,134500,90900,-0.3241635687732342,"17,18년"
305,신송홀딩스,2.0,1.5,1.5,2.0,1.5,1.5,0.0,0.0,0.0,유통업,5600,4170,-0.25535714285714284,"17,18년"
306,신영와코루,1.0,1.5,1.5,,1.5,1.5,,0.0,0.0,섬유의복,160000,130000,-0.1875,"17,18년"
307,신영증권,4.0,1.5,1.5,,1.5,1.5,,0.0,0.0,증권,59400,56800,-0.04377104377104377,"17,18년"
308,신원,2.0,1.5,1.5,1.0,1.5,1.5,-1.0,0.0,0.0,섬유의복,1935,1635,-0.15503875968992248,"17,18년"
309,신풍제약,2.0,1.5,1.5,2.0,1.5,1.5,0.0,0.0,0.0,의약품,6120,6430,0.05065359477124183,"17,18년"
310,신한지주,,4.0,5.0,5.0,4.0,5.0,,0.0,0.0,기타금융,50200,42550,-0.15239043824701196,"17,18년"
311,신흥,3.0,1.5,1.5,3.0,1.5,1.5,0.0,0.0,0.0,유통업,10450,10100,-0.03349282296650718,"17,18년"
312,쌍방울,1.0,1.5,1.5,1.0,1.5,1.5,0.0,0.0,0.0,섬유의복,1340,931,-0.30522388059701494,"17,18년"
313,써니전자,2.0,3.0,1.5,2.0,1.5,1.5,0.0,-1.5,0.0,전기전자,2565,1865,-0.2729044834307992,"17,18년"
314,씨아이테크,,1.5,1.5,1.0,1.5,1.5,,0.0,0.0,기타제조업,678,509,-0.24926253687315633,"17,18년"
315,씨에스윈드,3.0,1.5,1.5,3.0,1.5,1.5,0.0,0.0,0.0,기계,26300,30200,0.1482889733840304,"17,18년"
316,아남전자,2.0,1.5,1.5,1.0,1.5,1.5,-1.0,0.0,0.0,전기전자,2455,2315,-0.05702647657841141,"17,18년"
317,아모레퍼시픽,3.0,4.0,4.0,2.0,5.0,4.0,-1.0,1.0,0.0,화학,314000,153000,-0.5127388535031847,"17,18년"
318,아세아,2.0,1.5,1.5,1.0,1.5,1.5,-1.0,0.0,0.0,서비스업,115000,115500,0.004347826086956522,"17,18년"
319,아세아시멘트,1.0,1.5,3.0,1.0,3.0,4.0,0.0,1.5,1.0,비금속광물,86300,111000,0.2862108922363847,"17,18년"
320,아세아제지,2.0,1.5,1.5,1.0,1.5,1.5,-1.0,0.0,0.0,종이목재,19500,36050,0.8487179487179487,"17,18년"
321,아시아나항공,2.0,4.0,3.0,2.0,1.5,3.0,0.0,-2.5,0.0,운수창고업,4625,3650,-0.21081081081081082,"17,18년"
322,아이마켓코리아,3.0,1.5,1.5,3.0,1.5,1.5,0.0,0.0,0.0,유통업,9570,6460,-0.32497387669801464,"17,18년"
323,아이에스동서,2.0,1.5,1.5,1.0,1.5,1.5,-1.0,0.0,0.0,비금속광물,34550,30950,-0.10419681620839363,"17,18년"
324,알루코,2.0,1.5,1.5,1.0,1.5,1.5,-1.0,0.0,0.0,철강금속,3830,2615,-0.31723237597911225,"17,18년"
325,에넥스,1.0,3.0,1.5,1.0,3.0,1.5,0.0,0.0,0.0,기타제조업,1695,1025,-0.3952802359882006,"17,18년"
326,에스엘,1.0,3.0,1.5,1.0,3.0,1.5,0.0,0.0,0.0,운수장비,22950,14400,-0.37254901960784315,"17,18년"
327,에스원,1.0,1.5,1.5,1.0,1.5,1.5,0.0,0.0,0.0,서비스업,91600,96500,0.05349344978165939,"17,18년"
328,에쓰씨엔지니어링,2.0,1.5,1.5,1.0,1.5,1.5,-1.0,0.0,0.0,건설업,3745,1570,-0.5807743658210948,"17,18년"
329,에이블씨엔씨,3.0,1.5,1.5,,1.5,1.5,,0.0,0.0,화학,20250,8810,-0.5649382716049383,"17,18년"
330,에이엔피,1.0,1.5,1.5,1.0,1.5,1.5,0.0,0.0,0.0,전기전자,1205,386,-0.6796680497925311,"17,18년"
331,엔씨소프트,2.0,1.5,1.5,3.0,1.5,1.5,1.0,0.0,0.0,서비스업,426500,429500,0.007033997655334115,"17,18년"
332,엔케이,1.0,1.5,1.5,1.0,1.5,1.5,0.0,0.0,0.0,기계,1300,1100,-0.15384615384615385,"17,18년"
333,영보화학,1.0,1.5,1.5,1.0,1.5,1.5,0.0,0.0,0.0,화학,4920,3470,-0.29471544715447157,"17,18년"
334,영원무역,2.0,1.5,1.5,2.0,1.5,1.5,0.0,0.0,0.0,유통업,34400,35750,0.03924418604651163,"17,18년"
335,영원무역홀딩스,2.0,1.5,1.5,1.0,1.5,1.5,-1.0,0.0,0.0,기타금융,56000,61400,0.09642857142857143,"17,18년"
336,영진약품,1.0,3.0,1.5,2.0,1.5,1.5,1.0,-1.5,0.0,의약품,8890,5520,-0.37907761529808776,"17,18년"
337,영풍,1.0,1.5,3.0,2.0,1.5,1.5,1.0,0.0,-1.5,철강금속,1113000,657000,-0.40970350404312667,"17,18년"
338,영풍제지,1.0,1.5,1.5,1.0,1.5,1.5,0.0,0.0,0.0,종이목재,2575,3130,0.21553398058252426,"17,18년"
339,영화금속,2.0,1.5,1.5,2.0,1.5,1.5,0.0,0.0,0.0,운수장비,1490,1160,-0.2214765100671141,"17,18년"
340,오뚜기,,3.0,1.5,2.0,4.0,3.0,,1.0,1.5,음식료품,759000,659000,-0.13175230566534915,"17,18년"
341,오리엔트바이오,1.0,1.5,1.5,1.0,1.5,1.5,0.0,0.0,0.0,의약품,1160,825,-0.28879310344827586,"17,18년"
342,오리온홀딩스,1.0,1.5,1.5,,1.5,1.5,,0.0,0.0,기타금융,25750,15650,-0.39223300970873787,"17,18년"
343,용평리조트,2.0,1.5,1.5,2.0,1.5,1.5,0.0,0.0,0.0,서비스업,12850,5250,-0.5914396887159533,"17,18년"
344,우리종금,3.0,1.5,1.5,3.0,1.5,1.5,0.0,0.0,0.0,기타금융,557,713,0.2800718132854578,"17,18년"
345,우신시스템,1.0,1.5,1.5,1.0,1.5,1.5,0.0,0.0,0.0,기계,8640,6200,-0.2824074074074074,"17,18년"
346,우진,2.0,1.5,1.5,2.0,1.5,1.5,0.0,0.0,0.0,의료정밀,5870,4365,-0.2563884156729131,"17,18년"
347,우진플라임,2.0,1.5,1.5,2.0,1.5,1.5,0.0,0.0,0.0,기계,9990,5820,-0.4174174174174174,"17,18년"
348,웅진,2.0,1.5,1.5,2.0,1.5,1.5,0.0,0.0,0.0,서비스업,2315,2610,0.12742980561555076,"17,18년"
349,웅진씽크빅,1.0,1.5,1.5,1.0,1.5,1.5,0.0,0.0,0.0,서비스업,6920,4130,-0.4031791907514451,"17,18년"
350,원림,2.0,1.5,1.5,1.0,1.5,1.5,-1.0,0.0,0.0,섬유의복,23650,19000,-0.19661733615221988,"17,18년"
351,윌비스,3.0,1.5,1.5,2.0,1.5,1.5,-1.0,0.0,0.0,유통업,1730,1075,-0.3786127167630058,"17,18년"
352,유니드,2.0,1.5,1.5,1.0,1.5,1.5,-1.0,0.0,0.0,화학,46250,40250,-0.12972972972972974,"17,18년"
353,유니온,2.0,1.5,1.5,1.0,1.5,1.5,-1.0,0.0,0.0,비금속광물,3900,3805,-0.02435897435897436,"17,18년"
354,유니온머티리얼,2.0,1.5,3.0,1.0,1.5,1.5,-1.0,0.0,-1.5,비금속광물,2435,1775,-0.27104722792607805,"17,18년"
355,유니켐,3.0,1.5,1.5,3.0,1.5,1.5,0.0,0.0,0.0,기타제조업,1425,1415,-0.007017543859649123,"17,18년"
356,유니퀘스트,3.0,1.5,1.5,3.0,1.5,1.5,0.0,0.0,0.0,유통업,7120,7260,0.019662921348314606,"17,18년"
357,유성기업,2.0,1.5,3.0,2.0,1.5,1.5,0.0,0.0,-1.5,운수장비,3715,2800,-0.24629878869448182,"17,18년"
358,유수홀딩스,3.0,3.0,1.5,3.0,3.0,1.5,0.0,0.0,0.0,서비스업,6490,6180,-0.04776579352850539,"17,18년"
359,유안타증권,4.0,1.5,1.5,,1.5,1.5,,0.0,0.0,증권,3375,3160,-0.0637037037037037,"17,18년"
360,유엔젤,2.0,1.5,1.5,1.0,1.5,1.5,-1.0,0.0,0.0,서비스업,4020,3210,-0.20149253731343283,"17,18년"
361,유유제약,2.0,1.5,1.5,2.0,1.5,1.5,0.0,0.0,0.0,의약품,11350,10850,-0.04405286343612335,"17,18년"
362,유한양행,2.0,1.5,3.0,2.0,3.0,3.0,0.0,1.5,0.0,의약품,204000,167500,-0.17892156862745098,"17,18년"
363,유화증권,3.0,1.5,1.5,,1.5,1.5,,0.0,0.0,증권,17650,13500,-0.23512747875354106,"17,18년"
364,율촌화학,2.0,1.5,1.5,2.0,1.5,1.5,0.0,0.0,0.0,화학,16650,12350,-0.25825825825825827,"17,18년"
365,이건산업,2.0,1.5,1.5,1.0,1.5,1.5,-1.0,0.0,0.0,종이목재,8070,9140,0.1325898389095415,"17,18년"
366,이구산업,2.0,1.5,3.0,3.0,1.5,3.0,1.0,0.0,0.0,철강금속,2305,1880,-0.1843817787418655,"17,18년"
367,이노션,2.0,1.5,1.5,3.0,3.0,1.5,1.0,1.5,0.0,서비스업,76800,58000,-0.24479166666666666,"17,18년"
368,이마트,3.0,4.0,3.0,3.0,3.0,3.0,0.0,-1.0,0.0,유통업,224000,204500,-0.08705357142857142,"17,18년"
369,이수페타시스,1.0,3.0,3.0,1.0,4.0,3.0,0.0,1.0,0.0,전기전자,4425,5580,0.26101694915254237,"17,18년"
370,이수화학,2.0,3.0,3.0,1.0,3.0,3.0,-1.0,0.0,0.0,화학,17150,9630,-0.43848396501457726,"17,18년"
371,이스타코,,1.5,1.5,1.0,1.5,1.5,,0.0,0.0,서비스업,706,575,-0.18555240793201133,"17,18년"
372,이아이디,1.0,1.5,1.5,1.0,1.5,1.5,0.0,0.0,0.0,유통업,350,176,-0.49714285714285716,"17,18년"
373,이연제약,3.0,1.5,1.5,2.0,1.5,1.5,-1.0,0.0,0.0,의약품,36100,16400,-0.5457063711911357,"17,18년"
374,이월드,1.0,1.5,1.5,1.0,1.5,1.5,0.0,0.0,0.0,기타제조업,1830,1900,0.03825136612021858,"17,18년"
375,이화산업,1.0,1.5,1.5,1.0,1.5,1.5,0.0,0.0,0.0,유통업,16850,19700,0.16913946587537093,"17,18년"
376,인디에프,2.0,1.5,1.5,2.0,1.5,1.5,0.0,0.0,0.0,섬유의복,1240,1865,0.5040322580645161,"17,18년"
377,인스코비,1.0,1.5,1.5,1.0,1.5,3.0,0.0,0.0,1.5,통신업,1695,6110,2.6047197640117994,"17,18년"
378,인지컨트롤스,1.0,1.5,1.5,,1.5,1.5,,0.0,0.0,운수장비,6030,4140,-0.31343283582089554,"17,18년"
379,인천도시가스,2.0,1.5,1.5,2.0,1.5,1.5,0.0,0.0,0.0,전기가스업,30600,30000,-0.0196078431372549,"17,18년"
380,인터지스,3.0,1.5,1.5,3.0,3.0,1.5,0.0,1.5,0.0,운수창고업,2990,2155,-0.2792642140468227,"17,18년"
381,인팩,2.0,1.5,1.5,2.0,1.5,1.5,0.0,0.0,0.0,운수장비,4805,3300,-0.31321540062434966,"17,18년"
382,일동제약,2.0,1.5,1.5,1.0,3.0,3.0,-1.0,1.5,1.5,의약품,22700,19100,-0.15859030837004406,"17,18년"
383,일동홀딩스,2.0,1.5,1.5,2.0,3.0,1.5,0.0,1.5,0.0,의약품,14450,12800,-0.11418685121107267,"17,18년"
384,일성건설,2.0,1.5,1.5,2.0,1.5,1.5,0.0,0.0,0.0,건설업,1065,1125,0.056338028169014086,"17,18년"
385,일성신약,2.0,1.5,1.5,2.0,1.5,1.5,0.0,0.0,0.0,의약품,137500,95400,-0.30618181818181817,"17,18년"
386,일신방직,3.0,1.5,1.5,2.0,1.5,1.5,-1.0,0.0,0.0,섬유의복,120000,95500,-0.20416666666666666,"17,18년"
387,일신석재,2.0,1.5,1.5,1.0,1.5,1.5,-1.0,0.0,0.0,유통업,1325,1490,0.12452830188679245,"17,18년"
388,일양약품,2.0,1.5,1.5,2.0,1.5,1.5,0.0,0.0,0.0,의약품,34800,25600,-0.26436781609195403,"17,18년"
389,일정실업,1.0,1.5,1.5,1.0,1.5,1.5,0.0,0.0,0.0,섬유의복,26900,15800,-0.41263940520446096,"17,18년"
390,일진다이아,1.0,1.5,1.5,1.0,1.5,1.5,0.0,0.0,0.0,화학,19450,18300,-0.05912596401028278,"17,18년"
391,일진디스플,1.0,1.5,3.0,2.0,1.5,3.0,1.0,0.0,0.0,전기전자,9150,3655,-0.6005464480874317,"17,18년"
392,일진전기,2.0,1.5,1.5,1.0,1.5,1.5,-1.0,0.0,0.0,전기전자,4600,3000,-0.34782608695652173,"17,18년"
393,일진홀딩스,2.0,1.5,1.5,2.0,1.5,1.5,0.0,0.0,0.0,기타금융,5190,2775,-0.4653179190751445,"17,18년"
394,잇츠한불,3.0,1.5,1.5,2.0,1.5,1.5,-1.0,0.0,0.0,화학,44550,24550,-0.4489337822671156,"17,18년"
395,자화전자,2.0,1.5,1.5,1.0,3.0,1.5,-1.0,1.5,0.0,전기전자,21300,14550,-0.31690140845070425,"17,18년"
396,전방,2.0,1.5,1.5,1.0,1.5,1.5,-1.0,0.0,0.0,섬유의복,20200,17150,-0.15099009900990099,"17,18년"
397,제이에스코퍼레이션,3.0,1.5,1.5,3.0,1.5,1.5,0.0,0.0,0.0,기타제조업,14550,14300,-0.01718213058419244,"17,18년"
398,제이준코스메틱,,1.5,1.5,1.0,1.5,1.5,,0.0,0.0,화학,6720,11350,0.6889880952380952,"17,18년"
399,제일기획,2.0,1.5,1.5,3.0,1.5,1.5,1.0,0.0,0.0,서비스업,20800,22700,0.09134615384615384,"17,18년"
400,제일연마,3.0,1.5,1.5,2.0,1.5,1.5,-1.0,0.0,0.0,비금속광물,5810,5700,-0.0189328743545611,"17,18년"
401,제일파마홀딩스,2.0,1.5,1.5,2.0,1.5,1.5,0.0,0.0,0.0,서비스업,40000,19450,-0.51375,"17,18년"
402,제주은행,4.0,3.0,1.5,4.0,3.0,1.5,0.0,0.0,0.0,은행,6840,4870,-0.2880116959064328,"17,18년"
403,제주항공,3.0,1.5,1.5,3.0,1.5,1.5,0.0,0.0,0.0,운수창고업,35250,30750,-0.1276595744680851,"17,18년"
404,조광페인트,2.0,1.5,1.5,1.0,1.5,1.5,-1.0,0.0,0.0,화학,10550,6000,-0.4312796208530806,"17,18년"
405,조광피혁,3.0,1.5,1.5,2.0,1.5,1.5,-1.0,0.0,0.0,기타제조업,36400,34750,-0.04532967032967033,"17,18년"
406,조비,2.0,1.5,1.5,1.0,1.5,1.5,-1.0,0.0,0.0,화학,11650,20950,0.7982832618025751,"17,18년"
407,조선내화,2.0,3.0,3.0,,3.0,1.5,,0.0,-1.5,비금속광물,86900,81500,-0.06214039125431531,"17,18년"
408,조선선재,1.0,1.5,1.5,2.0,1.5,1.5,1.0,0.0,0.0,기계,71000,71200,0.0028169014084507044,"17,18년"
409,조일알미늄,2.0,1.5,3.0,1.0,1.5,3.0,-1.0,0.0,0.0,철강금속,1270,903,-0.2889763779527559,"17,18년"
410,조흥,2.0,1.5,1.5,2.0,1.5,1.5,0.0,0.0,0.0,음식료품,281000,174000,-0.3807829181494662,"17,18년"
411,종근당,3.0,3.0,1.5,2.0,3.0,1.5,-1.0,0.0,0.0,의약품,112500,86700,-0.22933333333333333,"17,18년"
412,종근당바이오,2.0,1.5,1.5,2.0,1.5,1.5,0.0,0.0,0.0,의약품,21800,18150,-0.16743119266055045,"17,18년"
413,종근당홀딩스,3.0,1.5,1.5,2.0,3.0,1.5,-1.0,1.5,0.0,의약품,68800,56100,-0.18459302325581395,"17,18년"
414,주연테크,1.0,1.5,1.5,1.0,1.5,1.5,0.0,0.0,0.0,전기전자,547,365,-0.3327239488117002,"17,18년"
415,지엠비코리아,2.0,1.5,1.5,2.0,1.5,1.5,0.0,0.0,0.0,운수장비,7480,5700,-0.23796791443850268,"17,18년"
416,지역난방공사,3.0,4.0,4.0,3.0,4.0,4.0,0.0,0.0,0.0,전기가스업,71800,56900,-0.2075208913649025,"17,18년"
417,지투알,3.0,1.5,1.5,2.0,3.0,1.5,-1.0,1.5,0.0,서비스업,11150,6990,-0.37309417040358744,"17,18년"
418,진도,2.0,1.5,1.5,1.0,1.5,1.5,-1.0,0.0,0.0,유통업,5800,4655,-0.19741379310344828,"17,18년"
419,진양산업,2.0,1.5,1.5,2.0,1.5,1.5,0.0,0.0,0.0,화학,3000,3005,0.0016666666666666668,"17,18년"
420,진양홀딩스,2.0,1.5,1.5,2.0,1.5,1.5,0.0,0.0,0.0,화학,3110,2210,-0.28938906752411575,"17,18년"
421,진양화학,2.0,1.5,1.5,1.0,1.5,1.5,-1.0,0.0,0.0,화학,2530,3100,0.22529644268774704,"17,18년"
422,진원생명과학,2.0,1.5,1.5,1.0,1.5,1.5,-1.0,0.0,0.0,의약품,6320,4520,-0.2848101265822785,"17,18년"
423,진흥기업,2.0,3.0,3.0,1.0,1.5,1.5,-1.0,-1.5,-1.5,건설업,1990,1770,-0.11055276381909548,"17,18년"
424,참엔지니어링,2.0,1.5,1.5,3.0,1.5,1.5,1.0,0.0,0.0,기계,2640,1615,-0.38825757575757575,"17,18년"
425,천일고속,3.0,1.5,1.5,3.0,1.5,1.5,0.0,0.0,0.0,운수창고업,94800,82400,-0.1308016877637131,"17,18년"
426,체시스,1.0,1.5,1.5,1.0,1.5,1.5,0.0,0.0,0.0,운수장비,1125,813,-0.2773333333333333,"17,18년"
427,카프로,2.0,1.5,3.0,2.0,1.5,1.5,0.0,0.0,-1.5,화학,8250,4285,-0.4806060606060606,"17,18년"
428,코리아써키트,2.0,1.5,3.0,1.0,3.0,3.0,-1.0,1.5,0.0,전기전자,16650,5060,-0.6960960960960961,"17,18년"
429,코리안리,4.0,1.5,1.5,4.0,1.5,1.5,0.0,0.0,0.0,보험,11200,9690,-0.13482142857142856,"17,18년"
430,코스맥스,2.0,1.5,1.5,2.0,1.5,1.5,0.0,0.0,0.0,화학,139000,115000,-0.17266187050359713,"17,18년"
431,코스맥스비티아이,2.0,1.5,1.5,2.0,1.5,1.5,0.0,0.0,0.0,기타금융,37050,19000,-0.48717948717948717,"17,18년"
432,코스모신소재,1.0,1.5,3.0,3.0,1.5,3.0,2.0,0.0,0.0,화학,12150,17250,0.41975308641975306,"17,18년"
433,코스모화학,2.0,1.5,3.0,2.0,1.5,3.0,0.0,0.0,0.0,화학,12200,14300,0.1721311475409836,"17,18년"
434,코아스,1.0,1.5,1.5,2.0,1.5,1.5,1.0,0.0,0.0,기타제조업,1170,1230,0.05128205128205128,"17,18년"
435,코오롱,2.0,3.0,1.5,2.0,1.5,1.5,0.0,-1.5,0.0,기타금융,76900,30600,-0.6020806241872562,"17,18년"
436,코오롱글로벌,3.0,1.5,1.5,3.0,1.5,1.5,0.0,0.0,0.0,건설업,9800,5920,-0.39591836734693875,"17,18년"
437,코오롱인더,1.0,3.0,3.0,2.0,3.0,3.0,1.0,0.0,0.0,화학,75700,50200,-0.3368560105680317,"17,18년"
438,코오롱플라스틱,3.0,3.0,3.0,2.0,1.5,3.0,-1.0,-1.5,0.0,화학,7480,5960,-0.20320855614973263,"17,18년"
439,코웨이,2.0,5.0,4.0,2.0,5.0,5.0,0.0,0.0,1.0,서비스업,97300,70300,-0.2774922918807811,"17,18년"
440,콤텍시스템,2.0,1.5,1.5,1.0,1.5,1.5,-1.0,0.0,0.0,서비스업,1555,1260,-0.18971061093247588,"17,18년"
441,크라운해태홀딩스,2.0,3.0,1.5,2.0,3.0,1.5,0.0,0.0,0.0,기타금융,17850,9800,-0.45098039215686275,"17,18년"
442,키움증권,4.0,1.5,1.5,,1.5,1.5,,0.0,0.0,증권,71700,75500,0.05299860529986053,"17,18년"
443,태경산업,1.0,1.5,1.5,1.0,1.5,1.5,0.0,0.0,0.0,화학,5180,5200,0.003861003861003861,"17,18년"
444,태광산업,1.0,1.5,1.5,1.0,1.5,1.5,0.0,0.0,0.0,화학,1141000,1476000,0.2936021034180543,"17,18년"
445,태림포장,1.0,1.5,1.5,1.0,1.5,1.5,0.0,0.0,0.0,종이목재,2300,2925,0.2717391304347826,"17,18년"
446,태영건설,3.0,1.5,1.5,3.0,1.5,1.5,0.0,0.0,0.0,건설업,8580,9480,0.1048951048951049,"17,18년"
447,태원물산,2.0,1.5,1.5,2.0,1.5,1.5,0.0,0.0,0.0,운수장비,3530,3540,0.0028328611898017,"17,18년"
448,태평양물산,3.0,3.0,1.5,2.0,3.0,1.5,-1.0,0.0,0.0,섬유의복,3550,2900,-0.18309859154929578,"17,18년"
449,텔코웨어,2.0,1.5,1.5,2.0,1.5,1.5,0.0,0.0,0.0,서비스업,12200,12650,0.036885245901639344,"17,18년"
450,토니모리,2.0,1.5,1.5,3.0,1.5,1.5,1.0,0.0,0.0,화학,21250,7850,-0.6305882352941177,"17,18년"
451,티에이치엔,1.0,1.5,1.5,2.0,1.5,1.5,1.0,0.0,0.0,전기전자,1790,1830,0.0223463687150838,"17,18년"
452,티웨이홀딩스,1.0,1.5,1.5,1.0,1.5,1.5,0.0,0.0,0.0,비금속광물,3730,2270,-0.3914209115281501,"17,18년"
453,파미셀,2.0,1.5,1.5,2.0,1.5,1.5,0.0,0.0,0.0,의약품,4200,12050,1.869047619047619,"17,18년"
454,팜스코,3.0,1.5,1.5,2.0,1.5,1.5,-1.0,0.0,0.0,음식료품,12050,9040,-0.24979253112033195,"17,18년"
455,팬오션,3.0,1.5,1.5,3.0,1.5,1.5,0.0,0.0,0.0,운수창고업,5260,4770,-0.09315589353612168,"17,18년"
456,퍼스텍,2.0,1.5,1.5,2.0,1.5,1.5,0.0,0.0,0.0,기계,3460,3005,-0.1315028901734104,"17,18년"
457,퍼시스,2.0,1.5,1.5,2.0,1.5,1.5,0.0,0.0,0.0,기타제조업,33700,29400,-0.12759643916913946,"17,18년"
458,페이퍼코리아,1.0,1.5,1.5,1.0,1.5,1.5,0.0,0.0,0.0,종이목재,2020,772,-0.6178217821782178,"17,18년"
459,평화산업,2.0,1.5,3.0,2.0,1.5,3.0,0.0,0.0,0.0,운수장비,1580,1870,0.18354430379746836,"17,18년"
460,평화홀딩스,3.0,1.5,1.5,2.0,1.5,1.5,-1.0,0.0,0.0,운수장비,3440,3510,0.020348837209302327,"17,18년"
461,풀무원,5.0,4.0,4.0,5.0,4.0,4.0,0.0,0.0,0.0,음식료품,118500,95100,-0.19746835443037974,"17,18년"
462,풍산,3.0,1.5,3.0,2.0,3.0,3.0,-1.0,1.5,0.0,철강금속,49050,24150,-0.5076452599388379,"17,18년"
463,풍산홀딩스,3.0,1.5,1.5,3.0,3.0,1.5,0.0,1.5,0.0,기타금융,54300,35400,-0.34806629834254144,"17,18년"
464,하나금융지주,4.0,4.0,3.0,5.0,4.0,4.0,1.0,0.0,1.0,기타금융,47950,38300,-0.20125130344108447,"17,18년"
465,하나투어,3.0,1.5,1.5,2.0,1.5,1.5,-1.0,0.0,0.0,서비스업,99800,59400,-0.40480961923847697,"17,18년"
466,하이스틸,2.0,1.5,1.5,2.0,1.5,1.5,0.0,0.0,0.0,철강금속,21050,24800,0.17814726840855108,"17,18년"
467,하이트진로,2.0,3.0,3.0,1.0,1.5,3.0,-1.0,-1.5,0.0,음식료품,26600,15750,-0.40789473684210525,"17,18년"
468,하이트진로홀딩스,3.0,1.5,1.5,2.0,1.5,1.5,-1.0,0.0,0.0,기타금융,10850,6550,-0.39631336405529954,"17,18년"
469,한국가스공사,3.0,3.0,4.0,3.0,4.0,3.0,0.0,1.0,-1.0,전기가스업,40850,52100,0.27539779681762544,"17,18년"
470,한국공항,1.0,1.5,1.5,1.0,1.5,1.5,0.0,0.0,0.0,운수창고업,47350,38400,-0.1890179514255544,"17,18년"
471,한국금융지주,4.0,1.5,1.5,,3.0,1.5,,1.5,0.0,기타금융,63300,59300,-0.0631911532385466,"17,18년"
472,한국내화,1.0,1.5,1.5,,1.5,1.5,,0.0,0.0,비금속광물,3270,4370,0.3363914373088685,"17,18년"
473,한국쉘석유,3.0,1.5,1.5,3.0,1.5,1.5,0.0,0.0,0.0,화학,396000,344500,-0.13005050505050506,"17,18년"
474,한국자산신탁,3.0,1.5,1.5,,1.5,1.5,,0.0,0.0,기타금융,8440,4345,-0.48518957345971564,"17,18년"
475,한국전자홀딩스,1.0,1.5,1.5,1.0,1.5,1.5,0.0,0.0,0.0,기타금융,873,715,-0.18098510882016036,"17,18년"
476,한국종합기술,3.0,1.5,1.5,2.0,1.5,3.0,-1.0,0.0,1.5,서비스업,6230,3650,-0.41412520064205455,"17,18년"
477,한국주강,1.0,1.5,1.5,1.0,1.5,1.5,0.0,0.0,0.0,기계,2330,1700,-0.2703862660944206,"17,18년"
478,한국철강,2.0,3.0,3.0,2.0,1.5,3.0,0.0,-1.5,0.0,철강금속,37850,5800,-0.8467635402906208,"17,18년"
479,한국카본,1.0,1.5,1.5,2.0,1.5,1.5,1.0,0.0,0.0,기계,5860,6790,0.15870307167235495,"17,18년"
480,한국콜마,2.0,1.5,1.5,,3.0,3.0,,1.5,1.5,화학,82800,54200,-0.34541062801932365,"17,18년"
481,한국콜마홀딩스,1.0,1.5,1.5,1.0,1.5,1.5,0.0,0.0,0.0,기타금융,45100,28850,-0.360310421286031,"17,18년"
482,한국토지신탁,3.0,3.0,1.5,,1.5,1.5,,-1.5,0.0,기타금융,3320,2345,-0.2936746987951807,"17,18년"
483,한국항공우주,2.0,1.5,3.0,3.0,5.0,3.0,1.0,3.5,0.0,운수장비,56800,28950,-0.4903169014084507,"17,18년"
484,한국화장품,2.0,1.5,1.5,2.0,1.5,1.5,0.0,0.0,0.0,유통업,17800,9950,-0.4410112359550562,"17,18년"
485,한국화장품제조,2.0,1.5,1.5,1.0,1.5,1.5,-1.0,0.0,0.0,화학,39650,31900,-0.19546027742749053,"17,18년"
486,한농화성,2.0,1.5,1.5,2.0,1.5,1.5,0.0,0.0,0.0,화학,4025,3760,-0.06583850931677018,"17,18년"
487,한독,3.0,1.5,3.0,3.0,3.0,3.0,0.0,1.5,0.0,의약품,24500,22950,-0.06326530612244897,"17,18년"
488,한미글로벌,2.0,1.5,1.5,2.0,3.0,3.0,0.0,1.5,1.5,서비스업,9590,8850,-0.07716371220020855,"17,18년"
489,한미반도체,2.0,1.5,1.5,2.0,1.5,1.5,0.0,0.0,0.0,기계,10050,9190,-0.08557213930348259,"17,18년"
490,한미사이언스,,1.5,1.5,1.0,3.0,1.5,,1.5,0.0,기타금융,91800,66700,-0.27342047930283225,"17,18년"
491,한미약품,1.0,3.0,1.5,2.0,4.0,3.0,1.0,1.0,1.5,의약품,463500,389500,-0.15965480043149946,"17,18년"
492,한샘,1.0,1.5,1.5,2.0,1.5,1.5,1.0,0.0,0.0,유통업,170500,48850,-0.7134897360703812,"17,18년"
493,한섬,2.0,1.5,1.5,3.0,3.0,1.5,1.0,1.5,0.0,섬유의복,30000,36400,0.21333333333333335,"17,18년"
494,한성기업,1.0,1.5,1.5,1.0,1.5,1.5,0.0,0.0,0.0,음식료품,6980,5740,-0.17765042979942694,"17,18년"
495,한세실업,3.0,1.5,1.5,2.0,1.5,1.5,-1.0,0.0,0.0,섬유의복,26050,18550,-0.28790786948176583,"17,18년"
496,한세엠케이,2.0,1.5,1.5,3.0,1.5,1.5,1.0,0.0,0.0,유통업,13050,7450,-0.42911877394636017,"17,18년"
497,한세예스24홀딩스,1.0,1.5,1.5,1.0,1.5,1.5,0.0,0.0,0.0,섬유의복,10100,8830,-0.12574257425742574,"17,18년"
498,한솔로지스틱스,2.0,1.5,1.5,2.0,3.0,1.5,0.0,1.5,0.0,운수창고업,2290,1220,-0.4672489082969432,"17,18년"
499,한솔제지,3.0,4.0,4.0,4.0,4.0,4.0,1.0,0.0,0.0,종이목재,16450,17400,0.057750759878419454,"17,18년"
500,한솔케미칼,3.0,1.5,3.0,3.0,3.0,3.0,0.0,1.5,0.0,화학,73800,79200,0.07317073170731707,"17,18년"
501,한솔테크닉스,3.0,1.5,3.0,2.0,3.0,3.0,-1.0,1.5,0.0,전기전자,17650,6650,-0.623229461756374,"17,18년"
502,한솔홀딩스,2.0,1.5,1.5,3.0,3.0,1.5,1.0,1.5,0.0,기타금융,6190,4150,-0.3295638126009693,"17,18년"
503,한솔홈데코,2.0,3.0,3.0,3.0,3.0,3.0,1.0,0.0,0.0,종이목재,1470,1265,-0.13945578231292516,"17,18년"
504,한신공영,1.0,1.5,1.5,2.0,3.0,1.5,1.0,1.5,0.0,건설업,16050,15750,-0.018691588785046728,"17,18년"
505,한양증권,3.0,1.5,1.5,,3.0,1.5,,1.5,0.0,증권,8100,6730,-0.16913580246913582,"17,18년"
506,한온시스템,2.0,1.5,3.0,3.0,3.0,3.0,1.0,1.5,0.0,기계,13000,10950,-0.1576923076923077,"17,18년"
507,한올바이오파마,3.0,1.5,1.5,2.0,1.5,1.5,-1.0,0.0,0.0,의약품,11700,23700,1.0256410256410255,"17,18년"
508,한익스프레스,2.0,1.5,1.5,2.0,1.5,1.5,0.0,0.0,0.0,운수창고업,47250,3860,-0.9183068783068783,"17,18년"
509,한일시멘트,2.0,1.5,3.0,,,,,,,비금속광물,134000,117500,-0.12313432835820895,"17,18년"
510,한일철강,1.0,1.5,1.5,1.0,1.5,1.5,0.0,0.0,0.0,철강금속,25150,18450,-0.2664015904572565,"17,18년"
511,한전KPS,2.0,3.0,3.0,3.0,4.0,3.0,1.0,1.0,0.0,건설업,41300,27500,-0.3341404358353511,"17,18년"
512,한전기술,2.0,3.0,4.0,2.0,4.0,4.0,0.0,1.0,0.0,서비스업,17900,18350,0.025139664804469275,"17,18년"
513,한전산업,2.0,3.0,1.5,,1.5,3.0,,-1.5,1.5,서비스업,4220,3315,-0.21445497630331753,"17,18년"
514,한진,2.0,1.5,1.5,2.0,3.0,1.5,0.0,1.5,0.0,운수창고업,28700,37450,0.3048780487804878,"17,18년"
515,한진중공업홀딩스,3.0,1.5,1.5,3.0,1.5,1.5,0.0,0.0,0.0,전기가스업,4745,2890,-0.3909378292939937,"17,18년"
516,한진칼,1.0,1.5,1.5,1.0,1.5,1.5,0.0,0.0,0.0,운수창고업,21600,19300,-0.10648148148148148,"17,18년"
517,한창,1.0,1.5,1.5,1.0,1.5,1.5,0.0,0.0,0.0,유통업,1435,1270,-0.11498257839721254,"17,18년"
518,한창제지,1.0,1.5,1.5,1.0,1.5,1.5,0.0,0.0,0.0,종이목재,996,1675,0.6817269076305221,"17,18년"
519,한화,4.0,5.0,4.0,4.0,4.0,4.0,0.0,-1.0,0.0,화학,44650,28100,-0.3706606942889138,"17,18년"
520,한화생명,3.0,4.0,1.5,,3.0,3.0,,-1.0,1.5,보험,7920,4485,-0.4337121212121212,"17,18년"
521,한화손해보험,4.0,1.5,1.5,,3.0,1.5,,1.5,0.0,보험,8160,5930,-0.27328431372549017,"17,18년"
522,한화투자증권,4.0,3.0,1.5,,1.5,1.5,,-1.5,0.0,증권,2890,2040,-0.29411764705882354,"17,18년"
523,해성디에스,3.0,4.0,4.0,3.0,5.0,4.0,0.0,1.0,0.0,전기전자,17800,15700,-0.11797752808988764,"17,18년"
524,해태제과식품,2.0,1.5,1.5,2.0,3.0,1.5,0.0,1.5,0.0,음식료품,16600,9390,-0.4343373493975904,"17,18년"
525,핸즈코퍼레이션,3.0,1.5,3.0,2.0,1.5,3.0,-1.0,0.0,0.0,운수장비,8200,6740,-0.17804878048780487,"17,18년"
526,현대건설,,3.0,3.0,3.0,4.0,4.0,,1.0,1.0,건설업,37850,45750,0.20871862615587847,"17,18년"
527,현대그린푸드,3.0,1.5,3.0,3.0,1.5,1.5,0.0,0.0,-1.5,유통업,16000,12350,-0.228125,"17,18년"
528,현대글로비스,3.0,3.0,3.0,3.0,4.0,3.0,0.0,1.0,0.0,운수창고업,151000,114000,-0.24503311258278146,"17,18년"
529,현대로템,3.0,3.0,3.0,3.0,3.0,3.0,0.0,0.0,0.0,운수장비,19600,21850,0.11479591836734694,"17,18년"
530,현대리바트,3.0,3.0,1.5,3.0,3.0,1.5,0.0,0.0,0.0,기타제조업,23900,21700,-0.09205020920502092,"17,18년"
531,현대모비스,1.0,4.0,4.0,2.0,4.0,4.0,1.0,0.0,0.0,운수장비,266500,190000,-0.2870544090056285,"17,18년"
532,현대미포조선,3.0,1.5,4.0,3.0,3.0,3.0,0.0,1.5,-1.0,운수장비,108500,94000,-0.1336405529953917,"17,18년"
533,현대백화점,3.0,3.0,1.5,3.0,3.0,1.5,0.0,0.0,0.0,유통업,91500,86700,-0.05245901639344262,"17,18년"
534,현대비앤지스틸,1.0,3.0,3.0,1.0,3.0,3.0,0.0,0.0,0.0,철강금속,12450,9110,-0.26827309236947794,"17,18년"
535,현대약품,3.0,3.0,1.5,2.0,3.0,1.5,-1.0,0.0,0.0,의약품,3370,4360,0.29376854599406527,"17,18년"
536,현대위아,2.0,1.5,3.0,3.0,1.5,3.0,1.0,0.0,0.0,운수장비,64500,29600,-0.5410852713178295,"17,18년"
537,현대제철,2.0,1.5,3.0,1.0,4.0,3.0,-1.0,2.5,0.0,철강금속,57500,41750,-0.27391304347826084,"17,18년"
538,현대코퍼레이션홀딩스,2.0,1.5,1.5,2.0,1.5,1.5,0.0,0.0,0.0,유통업,14550,16800,0.15463917525773196,"17,18년"
539,현대해상,4.0,4.0,3.0,4.0,5.0,4.0,0.0,1.0,1.0,보험,45350,41800,-0.0782800441014333,"17,18년"
540,현대홈쇼핑,4.0,1.5,1.5,4.0,3.0,1.5,0.0,1.5,0.0,유통업,122000,97600,-0.2,"17,18년"
541,형지엘리트,1.0,1.5,1.5,1.0,1.5,1.5,0.0,0.0,0.0,섬유의복,4435,2210,-0.5016910935738444,"17,18년"
542,혜인,2.0,1.5,1.5,1.0,1.5,1.5,-1.0,0.0,0.0,유통업,3745,4900,0.308411214953271,"17,18년"
543,호텔신라,3.0,3.0,1.5,4.0,4.0,3.0,1.0,1.0,1.5,유통업,78300,71300,-0.08939974457215837,"17,18년"
544,화성산업,3.0,1.5,1.5,3.0,1.5,1.5,0.0,0.0,0.0,건설업,15150,13050,-0.13861386138613863,"17,18년"
545,화승알앤에이,3.0,3.0,3.0,2.0,3.0,3.0,-1.0,0.0,0.0,운수장비,2355,1785,-0.24203821656050956,"17,18년"
546,화승엔터프라이즈,2.0,1.5,1.5,2.0,1.5,1.5,0.0,0.0,0.0,기타제조업,18000,10950,-0.39166666666666666,"17,18년"
547,화신,,1.5,1.5,1.0,1.5,1.5,,0.0,0.0,운수장비,4995,2095,-0.5805805805805806,"17,18년"
548,화인베스틸,2.0,1.5,3.0,2.0,1.5,3.0,0.0,0.0,0.0,철강금속,2105,1980,-0.05938242280285035,"17,18년"
549,화천기계,2.0,1.5,1.5,1.0,1.5,1.5,-1.0,0.0,0.0,기계,20550,18200,-0.11435523114355231,"17,18년"
550,화천기공,2.0,1.5,1.5,2.0,1.5,1.5,0.0,0.0,0.0,기계,51900,42300,-0.18497109826589594,"17,18년"
551,환인제약,3.0,1.5,1.5,3.0,1.5,1.5,0.0,0.0,0.0,의약품,20800,17000,-0.18269230769230768,"17,18년"
552,황금에스티,2.0,1.5,1.5,1.0,1.5,1.5,-1.0,0.0,0.0,철강금속,9520,7490,-0.21323529411764705,"17,18년"
553,효성,,4.0,3.0,1.0,3.0,3.0,,-1.0,0.0,기타금융,134500,51300,-0.6185873605947956,"17,18년"
554,후성,1.0,1.5,3.0,2.0,1.5,3.0,1.0,0.0,0.0,화학,8930,8730,-0.022396416573348264,"17,18년"
555,휴비스,2.0,4.0,3.0,3.0,3.0,3.0,1.0,-1.0,0.0,화학,7800,7370,-0.05512820512820513,"17,18년"
556,휴스틸,2.0,1.5,1.5,2.0,1.5,1.5,0.0,0.0,0.0,철강금속,14600,11250,-0.22945205479452055,"17,18년"
557,흥국화재,4.0,1.5,1.5,,1.5,1.5,,0.0,0.0,보험,6180,4825,-0.21925566343042072,"17,18년"
558,흥아해운,2.0,1.5,1.5,1.0,1.5,1.5,-1.0,0.0,0.0,운수창고업,1255,394,-0.6860557768924302,"17,18년"
