,기업,ESG등급,환경,사회,지배구조,평가년도
792,AJ네트웍스,B,D,B,B,2020
793,AK홀딩스,B+,C,B+,B+,2020
794,BGF,B+,B,A,B+,2020
795,BGF리테일,A,B+,B+,A,2020
796,BNK금융지주,A+,B+,A+,A+,2020
797,BYC,B,D,B,B+,2020
798,CJ,A,B,A,A,2020
799,CJ CGV,A,B,A,A,2020
800,CJ대한통운,A,A,B,A,2020
801,CJ씨푸드,B,C,B+,B+,2020
802,CJ제일제당,A,A,A+,A,2020
803,CS홀딩스,C,D,C,B,2020
804,DB,B,D,B,B,2020
805,DB금융투자,B,D,A,B,2020
806,DB손해보험,B+,A,A,B+,2020
807,DB하이텍,B+,B+,A,B+,2020
808,DGB금융지주,A+,A,A+,A+,2020
809,DL,B+,A,B+,B+,2020
810,DL건설,B,B,B+,B,2020
811,DL이앤씨,-,-,-,-,2020
812,DN오토모티브,B,B,C,B,2020
813,DRB동일,B,B,B,B,2020
814,DSR,C,B,B,C,2020
815,DSR제강,C,C,B,C,2020
816,E1,B,C,A,B+,2020
817,ESR켄달스퀘어리츠,-,-,-,-,2020
818,F&F,-,-,-,-,2020
819,F&F 홀딩스,D,D,C,C,2020
820,GKL,B+,C,A,A,2020
821,GS,B+,C,A,A,2020
822,GS건설,A,A,B+,A,2020
823,GS글로벌,B,D,B+,B+,2020
824,GS리테일,B,C,B,B+,2020
825,HDC,B+,C,B+,B+,2020
826,HDC랩스,C,D,C,B,2020
827,HDC현대EP,B,B,B+,B,2020
828,HDC현대산업개발,C,C,C,B+,2020
829,HD현대,A,B+,A,A,2020
830,HJ중공업,B,B,B,B+,2020
831,HL D&I,B+,B,B+,B+,2020
832,HLB글로벌,C,D,B,C,2020
833,HL만도,A,A,A+,A,2020
834,HL홀딩스,B+,B,B+,A,2020
835,HMM,A,A,A+,A,2020
836,HSD엔진,A,B+,A,A,2020
837,JB금융지주,A+,A,A,A+,2020
838,JW생명과학,B+,B+,B+,B+,2020
839,JW중외제약,B,B,B+,B,2020
840,JW홀딩스,B+,C,B+,B+,2020
841,KB금융,A+,A+,A+,A+,2020
842,KC그린홀딩스,B,B,B+,B,2020
843,KC코트렐,B,B,B,B,2020
844,KEC,B,B+,B+,C,2020
845,KG스틸,B,B,B+,B,2020
846,KG케미칼,D,C,C,D,2020
847,KH 필룩스,C,C,B,B,2020
848,KISCO홀딩스,C,B,B,C,2020
849,KPX케미칼,B,B,C,B,2020
850,KPX홀딩스,C,C,C,B,2020
851,KR모터스,C,D,C,B,2020
852,KSS해운,B+,B,B+,B+,2020
853,KTcs,B,D,B+,B+,2020
854,KTis,B,D,B+,B+,2020
855,LF,B,D,B,B+,2020
856,LG,A,B+,A+,B+,2020
857,LG디스플레이,B+,B,A,B+,2020
858,LG생활건강,A,A,A+,A,2020
859,LG에너지솔루션,-,-,-,-,2020
860,LG유플러스,B,B+,B+,B,2020
861,LG이노텍,A,A,A+,B+,2020
862,LG전자,B+,A,A+,B,2020
863,LG헬로비전,B+,D,B+,A,2020
864,LG화학,B,C,A,B+,2020
865,LIG넥스원,A,B+,A,A,2020
866,LS,B+,B,B+,A,2020
867,LS네트웍스,B,D,B+,B,2020
868,LS전선아시아,B,D,C,B+,2020
869,LX세미콘,B,C,B+,B+,2020
870,LX인터내셔널,A,A,A+,A,2020
871,LX하우시스,A,A,A+,A,2020
872,LX홀딩스,-,-,-,-,2020
873,MH에탄올,B,C,B,B+,2020
874,NAVER,A,B+,B+,A+,2020
875,NH투자증권,B+,B,A+,B+,2020
876,NICE,B,D,B,B+,2020
877,NI스틸,C,D,C,B,2020
878,OCI,A,A,A+,A,2020
879,PI첨단소재,B,C,B,B+,2020
880,POSCO홀딩스,A,A,B,A+,2020
881,S-Oil,A+,A,A+,A+,2020
882,SBS,B,C,B,B+,2020
883,SGC에너지,C,C,B,C,2020
884,SG글로벌,D,C,C,D,2020
885,SG세계물산,C,D,B,C,2020
886,SHD,D,D,C,D,2020
887,SH에너지화학,C,C,C,B+,2020
888,SIMPAC,C,C,B,C,2020
889,SK,A+,A,A+,A+,2020
890,SKC,B+,B+,A+,B,2020
891,SK가스,A,B+,A+,A,2020
892,SK네트웍스,A,B+,A+,A,2020
893,SK디스커버리,A,B,A,A,2020
894,SK디앤디,B,C,B,B+,2020
895,SK렌터카,B,B,C,B,2020
896,SK바이오사이언스,-,-,-,-,2020
897,SK스퀘어,-,-,-,-,2020
898,SK아이이테크놀로지,-,-,-,-,2020
899,SK이노베이션,A,A,A,A,2020
900,SK증권,B,D,A,B,2020
901,SK케미칼,B+,B+,A,B+,2020
902,SK텔레콤,A,A+,A,A,2020
903,SK하이닉스,A,A,A+,A,2020
904,SNT다이내믹스,B+,B+,B+,B+,2020
905,SNT모티브,B+,B,B+,B+,2020
906,SNT에너지,B+,B,B,B+,2020
907,SNT홀딩스,B+,C,B+,B+,2020
908,SPC삼립,B+,B,A,B,2020
909,STX,B,C,B+,B,2020
910,STX엔진,B+,B+,B+,B,2020
911,STX중공업,B,C,B+,B+,2020
912,SUN&L,B+,B,B,B+,2020
913,TCC스틸,C,B,B,C,2020
914,TYM,B+,B,B+,B+,2020
915,WISCOM,C,C,C,B+,2020
916,YG PLUS,B,D,B,B,2020
917,가온전선,B+,B,B+,B+,2020
918,강남제비스코,B,B,C,B,2020
919,강원랜드,A,B,A,A,2020
920,갤럭시아에스엠,C,D,C,C,2020
921,경농,C,B,B+,C,2020
922,경동나비엔,B+,B,B+,B+,2020
923,경동도시가스,B+,B,A,B+,2020
924,경동인베스트,B,C,B,B+,2020
925,경방,C,C,B,B,2020
926,경보제약,B,B,B,B,2020
927,경인양행,B,B,C,B,2020
928,경인전자,C,D,C,B,2020
929,계룡건설산업,B,B,B,B+,2020
930,계양전기,B,B,B+,B,2020
931,고려산업,C,C,C,C,2020
932,고려아연,B,B+,C,B+,2020
933,고려제강,B,B+,B+,C,2020
934,광동제약,B,C,B+,B+,2020
935,광명전기,C,C,C,C,2020
936,광전자,B,C,B,B+,2020
937,광주신세계,B+,C,A,B+,2020
938,교보증권,B,D,B+,B,2020
939,교촌에프앤비,-,-,-,-,2020
940,국도화학,B,B,B,B,2020
941,국동,B,D,C,B+,2020
942,국보,C,B,C,C,2020
943,국제약품,C,D,B,C,2020
944,그린케미칼,B,B,B,B,2020
945,극동유화,B,B,C,B,2020
946,금강공업,C,C,B,B,2020
947,금비,C,C,B,C,2020
948,금양,D,D,C,C,2020
949,금호건설,C,B,B+,C,2020
950,금호석유화학,A,B+,A,A,2020
951,금호에이치티,D,D,C,C,2020
952,금호전기,B,B,B,B,2020
953,금호타이어,B,B,C,B+,2020
954,기신정기,C,D,B,B,2020
955,기아,A,A,A+,B+,2020
956,기업은행,B+,B+,A,B+,2020
957,까뮤이앤씨,C,D,C,B,2020
958,깨끗한나라,B+,B,B+,B+,2020
959,남광토건,B,B,B,B,2020
960,남선알미늄,B,C,B+,B,2020
961,남성,C,D,B,B,2020
962,남양유업,B,C,B,B+,2020
963,남해화학,B,B,B,B+,2020
964,넥센,B+,B,B+,B+,2020
965,넥센타이어,B+,B+,B+,B,2020
966,넷마블,B,D,B+,B+,2020
967,노루페인트,B,B,B,B,2020
968,노루홀딩스,C,C,B,C,2020
969,녹십자,B+,B,A,B,2020
970,녹십자홀딩스,B,C,B+,B,2020
971,농심,B+,B+,A,B,2020
972,농심홀딩스,B+,B,B+,B+,2020
973,다스코,B,C,B,B+,2020
974,다올투자증권,C,D,B,C,2020
975,다우기술,B,C,B+,B,2020
976,다이나믹디자인,C,D,C,C,2020
977,대교,B+,D,B+,A,2020
978,대구백화점,B,D,B,B+,2020
979,대덕,A,B+,A,A,2020
980,대덕전자,-,-,-,-,2020
981,대동,B,B,B,B,2020
982,대동전자,C,B,C,C,2020
983,대림비앤코,B,C,B,B+,2020
984,대림통상,B,B,B,B,2020
985,대상,B,B,B+,B,2020
986,대상홀딩스,B,C,B,B,2020
987,대성산업,C,C,B,C,2020
988,대성에너지,B,B,B+,B,2020
989,대성홀딩스,B,C,B+,B,2020
990,대신증권,B,D,B+,B+,2020
991,대양금속,B,B,C,B,2020
992,대영포장,C,B,C,D,2020
993,대우건설,B+,A,B,B+,2020
994,대우부품,D,D,C,C,2020
995,대우조선해양,B+,B+,B,A,2020
996,대웅,C,C,B+,C,2020
997,대웅제약,B+,B,B+,B+,2020
998,대원강업,B,B,B+,B,2020
999,대원전선,C,C,C,C,2020
1000,대원제약,B,D,B+,B+,2020
1001,대원화성,B+,B+,B,B+,2020
1002,대유에이텍,C,C,C,C,2020
1003,대유플러스,C,C,C,C,2020
1004,대창,C,B+,B,C,2020
1005,대창단조,B,B,B,B,2020
1006,대한방직,C,C,C,B+,2020
1007,대한유화,B,B+,B+,C,2020
1008,대한전선,B+,B,B+,B+,2020
1009,대한제강,B,B+,B,B,2020
1010,대한제당,C,C,C,B,2020
1011,대한제분,C,C,B,C,2020
1012,대한항공,A,A,A+,B+,2020
1013,대한해운,B,C,B,B,2020
1014,대한화섬,C,B,B+,C,2020
1015,대현,C,D,C,B,2020
1016,대호에이엘,B,B,C,B,2020
1017,더블유게임즈,B,D,B+,B+,2020
1018,더존비즈온,B,C,B+,B,2020
1019,덕성,B,B,C,B+,2020
1020,덕양산업,B,B,B,B,2020
1021,덴티움,C,D,C,B+,2020
1022,도화엔지니어링,B+,B,B,B+,2020
1023,동국제강,B+,B+,B+,B,2020
1024,동남합성,C,D,C,B,2020
1025,동방,C,B,C,C,2020
1026,동방아그로,C,D,C,B,2020
1027,동부건설,C,C,B,B,2020
1028,동서,C,D,B,C,2020
1029,동성제약,C,D,B,B,2020
1030,동성케미컬,B,B,B+,B,2020
1031,동아쏘시오홀딩스,B+,C,A,A,2020
1032,동아에스티,B+,D,B+,A,2020
1033,동아지질,C,C,C,C,2020
1034,동아타이어,B,C,B,B,2020
1035,동양,C,C,C,B,2020
1036,동양고속,B,C,B,B+,2020
1037,동양생명,B,D,B+,B+,2020
1038,동양철관,C,C,C,C,2020
1039,동양피스톤,B,B,B,B+,2020
1040,동원F&B,B,B,B+,B,2020
1041,동원금속,B,C,B,B+,2020
1042,동원산업,B,C,B,B+,2020
1043,동원수산,C,D,B,B,2020
1044,동원시스템즈,C,B,B,C,2020
1045,동일고무벨트,B+,B,B+,B+,2020
1046,동일산업,B,B+,C,B+,2020
1047,동일제강,C,C,C,B,2020
1048,동화약품,B,D,B+,B,2020
1049,두산,A+,A+,A+,A,2020
1050,두산밥캣,B+,D,A,A,2020
1051,두산에너빌리티,A,A,A+,B+,2020
1052,두산퓨얼셀,-,-,-,-,2020
1053,두올,B,C,B,B+,2020
1054,드림텍,-,-,-,-,2020
1055,디씨엠,C,C,C,B,2020
1056,디아이,B,B,B,B,2020
1057,디아이동일,D,D,C,C,2020
1058,디아이씨,C,C,B,C,2020
1059,디와이,C,C,C,B+,2020
1060,디와이파워,C,D,B,B,2020
1061,락앤락,C,C,B+,C,2020
1062,롯데관광개발,C,D,B,C,2020
1063,롯데손해보험,B+,C,A,A,2020
1064,롯데쇼핑,A,A,A+,A,2020
1065,롯데정밀화학,A,A,A+,A,2020
1066,롯데정보통신,A,B+,A,A,2020
1067,롯데제과,A,A,A+,B+,2020
1068,롯데지주,B+,B,A,B,2020
1069,롯데칠성음료,B+,B+,A,B+,2020
1070,롯데케미칼,B+,B,A,A,2020
1071,롯데푸드,A,B+,A+,B+,2020
1072,롯데하이마트,A,B+,A+,A,2020
1073,마니커,C,D,B+,C,2020
1074,만호제강,C,C,B,B,2020
1075,맵스리얼티1,-,-,-,-,2020
1076,메리츠금융지주,B+,D,B+,A,2020
1077,메리츠증권,B+,B,A,B+,2020
1078,메리츠화재,B,D,B+,B+,2020
1079,메타랩스,C,D,B,B,2020
1080,명문제약,C,D,B,B,2020
1081,명신산업,-,-,-,-,2020
1082,모나리자,B,B,B,B,2020
1083,모나미,C,D,C,B,2020
1084,모토닉,B,B,B,B,2020
1085,무림P&P,B+,B+,B+,B+,2020
1086,무림페이퍼,B+,B+,B+,B+,2020
1087,무학,C,B,C,C,2020
1088,문배철강,C,D,C,B,2020
1089,미래산업,B,B,C,B,2020
1090,미래아이앤지,C,D,C,C,2020
1091,미래에셋생명,B,D,B+,B,2020
1092,미래에셋증권,A,B+,A+,B+,2020
1093,미원상사,C,D,B,B,2020
1094,미원에스씨,C,C,C,B,2020
1095,미원홀딩스,C,C,C,C,2020
1096,미원화학,C,C,C,C,2020
1097,미창석유공업,C,C,C,B,2020
1098,방림,B,B,C,B,2020
1099,백광산업,C,B,C,D,2020
1100,백산,C,C,B,B,2020
1101,범양건영,C,D,C,B,2020
1102,벽산,C,B,B,C,2020
1103,보락,C,D,C,B,2020
1104,보령,C,D,B,B,2020
1105,보해양조,B,B,B,B,2020
1106,부광약품,C,D,C,B,2020
1107,부국증권,B,D,B,B,2020
1108,부국철강,D,D,C,C,2020
1109,부산산업,D,D,C,C,2020
1110,부산주공,C,B,C,C,2020
1111,비비안,C,D,B,B,2020
1112,비상교육,B,D,B+,B,2020
1113,비케이탑스,C,D,B,D,2020
1114,빙그레,A,B+,A+,A,2020
1115,사조대림,C,D,B,B,2020
1116,사조동아원,C,D,C,B,2020
1117,사조산업,D,D,C,D,2020
1118,사조씨푸드,C,D,B,B,2020
1119,사조오양,C,D,B,C,2020
1120,삼부토건,C,C,B,B,2020
1121,삼성SDI,A,A,A,B+,2020
1122,삼성공조,C,C,C,B,2020
1123,삼성물산,A,A+,A,B+,2020
1124,삼성바이오로직스,B+,B,A,B+,2020
1125,삼성생명,B+,A,A,B+,2020
1126,삼성에스디에스,A,B+,A+,A,2020
1127,삼성엔지니어링,A,A,A+,A,2020
1128,삼성전기,A,A,A+,B+,2020
1129,삼성전자,B,A,A+,C,2020
1130,삼성제약,C,B,C,D,2020
1131,삼성중공업,B+,B+,B,A,2020
1132,삼성증권,B+,B,A+,B,2020
1133,삼성출판사,C,D,C,B,2020
1134,삼성카드,B,D,B+,B+,2020
1135,삼성화재해상보험,A,A+,A+,A,2020
1136,삼아알미늄,B,B,C,B,2020
1137,삼양사,B+,B+,B+,B,2020
1138,삼양식품,B,B,B,B,2020
1139,삼양통상,C,B,C,D,2020
1140,삼양패키징,C,C,B+,C,2020
1141,삼양홀딩스,B+,B,B+,B+,2020
1142,삼영무역,C,D,C,C,2020
1143,삼영전자공업,B+,B+,B+,B,2020
1144,삼영화학공업,C,B,C,C,2020
1145,삼원강재,B,B+,C,B,2020
1146,삼익THK,B+,B,B,B+,2020
1147,삼익악기,C,D,C,B,2020
1148,삼일씨엔에스,B,C,B,B+,2020
1149,삼일제약,B,D,B+,B,2020
1150,삼정펄프,C,C,B,C,2020
1151,삼진제약,B,D,B+,B,2020
1152,삼천리,B+,B+,A,B+,2020
1153,삼호개발,D,D,C,C,2020
1154,삼화왕관,B,B,C,B,2020
1155,삼화전기,C,C,B,B,2020
1156,삼화전자공업,D,D,C,C,2020
1157,삼화콘덴서공업,B,B,B,B,2020
1158,삼화페인트공업,B+,B,B+,B+,2020
1159,상상인증권,C,D,B,C,2020
1160,상신브레이크,B,B,B,B,2020
1161,새론오토모티브,B,B,B,B,2020
1162,샘표,C,B,B+,C,2020
1163,샘표식품,C,B,B+,C,2020
1164,서연,B+,C,B+,B+,2020
1165,서연이화,B+,B,B+,B+,2020
1166,서울도시가스,B,C,B+,B,2020
1167,서울식품공업,B,B,B,B,2020
1168,서원,B,B,C,B,2020
1169,서흥,C,C,C,B,2020
1170,선도전기,B,B,C,B,2020
1171,선진,B,D,B,B+,2020
1172,성문전자,C,C,B,C,2020
1173,성보화학,C,D,B,B,2020
1174,성신양회,C,B+,B,C,2020
1175,성안,C,C,C,B,2020
1176,성창기업지주,C,D,C,C,2020
1177,세기상사,C,D,C,C,2020
1178,세방,B+,B,B+,B+,2020
1179,세방전지,B,B+,B,B,2020
1180,세아베스틸지주,B,B,B,B+,2020
1181,세아제강,B,B,B+,B,2020
1182,세아제강지주,B,C,B,B,2020
1183,세아특수강,B,B,C,B,2020
1184,세아홀딩스,B,C,B,B+,2020
1185,세우글로벌,C,B,C,C,2020
1186,세원이앤씨,B,B,B,B,2020
1187,세원정공,C,C,B+,D,2020
1188,세이브존I&C,C,D,B,C,2020
1189,세종공업,C,B,B+,C,2020
1190,세진중공업,B,D,B+,B+,2020
1191,세하,B,B+,B,B,2020
1192,센트랄모텍,-,-,-,-,2020
1193,셀트리온,B+,B,B,B+,2020
1194,솔루스첨단소재,-,-,-,-,2020
1195,솔루엠,-,-,-,-,2020
1196,송원산업,B,B+,B+,C,2020
1197,수산중공업,B,B,B,B,2020
1198,스틱인베스트먼트,B,D,B,B+,2020
1199,시디즈,C,D,C,B,2020
1200,신대양제지,C,C,C,C,2020
1201,신도리코,B,B,B+,B,2020
1202,신라교역,C,D,C,B,2020
1203,신성이엔지,C,C,C,B,2020
1204,신성통상,C,C,D,C,2020
1205,신세계,A,B+,A,A,2020
1206,신세계I&C,B+,B,B+,B+,2020
1207,신세계건설,B,C,B,B+,2020
1208,신세계인터내셔날,A,B,A,A,2020
1209,신세계푸드,B+,B,B+,B+,2020
1210,신송홀딩스,B,D,B,B+,2020
1211,신영와코루,C,D,B,C,2020
1212,신영증권,B,D,B,B+,2020
1213,신원,D,D,C,C,2020
1214,신일전자,C,D,C,B,2020
1215,신풍,B,B+,C,B,2020
1216,신풍제약,B,D,B,B+,2020
1217,신한지주,A+,A+,A,A+,2020
1218,신흥,B,D,B,B,2020
1219,쌍방울,C,D,B,C,2020
1220,쌍용씨앤이,B+,B,B+,B+,2020
1221,쌍용자동차,B+,B+,B,B+,2020
1222,써니전자,C,C,B,B,2020
1223,쎌마테라퓨틱스,C,D,C,C,2020
1224,씨아이테크,C,D,C,C,2020
1225,씨에스윈드,B,B,C,B,2020
1226,아남전자,C,C,C,C,2020
1227,아모레퍼시픽,A,A,A+,A,2020
1228,아모레퍼시픽그룹,A,A,A+,A,2020
1229,아세아,C,C,B,C,2020
1230,아세아시멘트,B+,B+,B+,B,2020
1231,아세아제지,B,C,B,B,2020
1232,아센디오,C,D,B,C,2020
1233,아시아나IDT,C,D,B,C,2020
1234,아시아나항공,C,B+,B+,D,2020
1235,아이마켓코리아,B,D,B,B+,2020
1236,아이에스동서,B,B,B,B+,2020
1237,아이에이치큐,B,D,B,B+,2020
1238,알루코,B,B,B,B,2020
1239,애경산업,B,C,B+,B,2020
1240,애경케미칼,B,B+,C,B,2020
1241,에넥스,B,B,B+,B,2020
1242,에스디바이오센서,-,-,-,-,2020
1243,에스엘,C,B,B+,D,2020
1244,에스엠벡셀,C,C,C,C,2020
1245,에스원,B+,B,A,B+,2020
1246,에스제이엠,C,C,B,C,2020
1247,에스제이엠홀딩스,B,C,B,B,2020
1248,에스케이바이오팜,-,-,-,-,2020
1249,에쓰씨엔지니어링,C,C,B,B,2020
1250,에어부산,C,C,B+,C,2020
1251,에이블씨엔씨,C,D,B,C,2020
1252,에이엔피,C,B,C,C,2020
1253,에이프로젠,C,C,D,C,2020
1254,에이프로젠바이오로직스,C,D,C,C,2020
1255,에이플러스에셋,-,-,-,-,2020
1256,엔씨소프트,B+,D,B+,A,2020
1257,엔에이치엔,B,D,B+,B+,2020
1258,엔케이,C,B,C,C,2020
1259,엔피씨,C,C,C,C,2020
1260,엘브이엠씨,-,-,-,-,2020
1261,엘에스일렉트릭,A,B+,A+,B+,2020
1262,엠씨넥스,-,-,-,-,2020
1263,영보화학,B,B,B,B,2020
1264,영원무역,B,D,B,B+,2020
1265,영원무역홀딩스,B,D,B,B,2020
1266,영진약품,B,D,B+,B+,2020
1267,영풍,C,D,B,D,2020
1268,영풍제지,B,B,C,B,2020
1269,영화금속,B,B,C,B,2020
1270,영흥,B,C,B,B+,2020
1271,예스코홀딩스,B,D,B+,B+,2020
1272,오뚜기,B+,B+,A,B,2020
1273,오리엔트바이오,C,B,B,C,2020
1274,오리온,B+,B,B+,A,2020
1275,오리온홀딩스,B+,C,B+,A,2020
1276,와이투솔루션,D,C,C,D,2020
1277,용평리조트,B,C,B,B,2020
1278,우리금융지주,B+,B+,B+,B+,2020
1279,우리종금,B,D,B,B,2020
1280,우성,C,D,C,C,2020
1281,우신시스템,B+,B,B,B+,2020
1282,우진,B+,B,B,B+,2020
1283,우진아이엔에스,C,C,C,B+,2020
1284,우진플라임,B,B,B,B,2020
1285,웅진,B,D,B,B+,2020
1286,웅진씽크빅,B,D,B,B,2020
1287,원림,C,D,B,C,2020
1288,웰바이오텍,B,D,B,B,2020
1289,윌비스,C,D,C,C,2020
1290,유나이티드,B,B,B+,B,2020
1291,유니드,B,B,B,B,2020
1292,유니온,C,C,B,C,2020
1293,유니온머티리얼,B,B,B,B,2020
1294,유니켐,B,B,C,B,2020
1295,유니퀘스트,B,D,C,B+,2020
1296,유성기업,C,B,C,C,2020
1297,유수홀딩스,B,C,B,B+,2020
1298,유안타증권,B,D,B+,B,2020
1299,유엔젤,C,B,C,C,2020
1300,유유제약,B,B,C,B,2020
1301,유진증권,B,C,B+,B,2020
1302,유한양행,B+,B+,B+,B+,2020
1303,유화증권,C,D,C,B,2020
1304,율촌화학,B,C,B+,B+,2020
1305,이건산업,B,C,B,B,2020
1306,이구산업,B,B,C,B,2020
1307,이노션,B+,D,A,A,2020
1308,이마트,A,A,A+,A,2020
1309,이수페타시스,B,B+,B+,C,2020
1310,이수화학,C,B,B,C,2020
1311,이스타코,C,D,C,B,2020
1312,이아이디,D,D,C,C,2020
1313,이엔플러스,B,B,C,B,2020
1314,이연제약,C,D,B,B,2020
1315,이월드,C,D,C,B,2020
1316,이화산업,C,C,C,C,2020
1317,인디에프,C,D,B,B,2020
1318,인바이오젠,C,D,B,C,2020
1319,인스코비,C,B,C,C,2020
1320,인지컨트롤스,C,C,B,C,2020
1321,인천도시가스,B,C,B,B+,2020
1322,인터지스,B+,B,B,B+,2020
1323,인팩,C,C,C,B,2020
1324,일동제약,A,B+,A+,B+,2020
1325,일동홀딩스,B+,B,A,B+,2020
1326,일성건설,B,B,B,B,2020
1327,일성신약,C,D,B,B,2020
1328,일신방직,B,B,B,B,2020
1329,일신석재,C,D,C,B,2020
1330,일양약품,B,D,B,B+,2020
1331,일정실업,C,C,C,C,2020
1332,일진다이아,C,C,B,B,2020
1333,일진디스플,B,B,B,B,2020
1334,일진머티리얼즈,C,B,C,C,2020
1335,일진전기,C,C,B,C,2020
1336,일진하이솔루스,-,-,-,-,2020
1337,일진홀딩스,B,C,B,B,2020
1338,잇츠한불,B,C,B,B,2020
1339,자이에스앤디,-,-,-,-,2020
1340,자화전자,B,B,B+,B,2020
1341,전방,C,C,B+,C,2020
1342,제이에스코퍼레이션,C,D,C,B+,2020
1343,제이준코스메틱,C,D,C,B,2020
1344,제일기획,B+,D,A,B+,2020
1345,제일약품,C,D,B,B,2020
1346,제일연마,C,C,C,B,2020
1347,제일파마홀딩스,B,D,B,B,2020
1348,제주은행,B+,C,A,A,2020
1349,제주항공,B,C,B+,B+,2020
1350,조광페인트,C,C,B,B,2020
1351,조광피혁,C,D,C,B,2020
1352,조비,C,D,B,B,2020
1353,조선내화,C,B,B,C,2020
1354,조선선재,C,D,C,B+,2020
1355,조일알미늄,B,B,C,B,2020
1356,조흥,B,B,C,B,2020
1357,종근당,B,C,B+,B+,2020
1358,종근당바이오,C,B,C,C,2020
1359,종근당홀딩스,C,C,B+,C,2020
1360,주연테크,C,C,B,C,2020
1361,지누스,-,-,-,-,2020
1362,지엠비코리아,C,C,B,C,2020
1363,지역난방공사,A,B+,A+,B+,2020
1364,지투알,B,D,B+,B+,2020
1365,진도,B,D,B,B,2020
1366,진양산업,D,D,C,C,2020
1367,진양폴리우레탄,C,D,C,B,2020
1368,진양홀딩스,C,D,C,C,2020
1369,진양화학,D,D,C,C,2020
1370,진에어,B+,C,B+,A,2020
1371,진원생명과학,C,D,C,B,2020
1372,진흥기업,C,C,B,B,2020
1373,참엔지니어링,B,B,B,B,2020
1374,천일고속,B,C,B,B+,2020
1375,청호ICT,C,B,C,C,2020
1376,체시스,C,C,B,C,2020
1377,초록뱀헬스케어,C,D,C,B,2020
1378,카카오,B+,C,A+,A,2020
1379,카카오뱅크,-,-,-,-,2020
1380,카카오페이,-,-,-,-,2020
1381,카프로,B+,B+,B,B+,2020
1382,컨버즈,D,C,C,D,2020
1383,케이비아이동국실업,C,B,B,C,2020
1384,케이씨,B+,B,B,B+,2020
1385,케이씨씨,B,B+,A,C,2020
1386,케이씨씨글라스,-,-,-,-,2020
1387,케이씨텍,B,B,B,B,2020
1388,케이씨티시,B,B,B,B,2020
1389,케이카,-,-,-,-,2020
1390,케이티,A+,A,A,A+,2020
1391,케이티스카이라이프,B+,C,B+,B+,2020
1392,케이티앤지,A,B+,A+,A,2020
1393,코리아써키트,C,B+,B,C,2020
1394,코리안리,B,D,B,B+,2020
1395,코스맥스,B+,B+,B+,B,2020
1396,코스맥스비티아이,B,B,B,B,2020
1397,코스모신소재,B+,B+,B,B+,2020
1398,코스모화학,C,B,C,D,2020
1399,코아스,B+,B,B,B+,2020
1400,코오롱,B,C,B+,B,2020
1401,코오롱글로벌,B,C,B,B+,2020
1402,코오롱인더,B+,B+,B+,B+,2020
1403,코오롱플라스틱,B+,B,B+,B+,2020
1404,코웨이,A,A,A+,B+,2020
1405,콘텐트리중앙,B,D,B,B,2020
1406,콤텍시스템,C,D,B,C,2020
1407,쿠쿠홀딩스,B,D,B,B+,2020
1408,쿠쿠홈시스,C,D,C,C,2020
1409,큐로,C,B,C,C,2020
1410,크라운제과,B,D,B+,B,2020
1411,크라운해태홀딩스,B,D,B+,B,2020
1412,크래프톤,-,-,-,-,2020
1413,키다리스튜디오,B,B,B,B,2020
1414,키움증권,B,D,B+,B+,2020
1415,태경비케이,C,C,B,B,2020
1416,태경산업,B,B,B,B,2020
1417,태경케미컬,D,D,C,C,2020
1418,태광산업,C,B,B+,D,2020
1419,태림포장,C,B,C,C,2020
1420,태양금속공업,B,B+,B,B,2020
1421,태영건설,B,B,B,B+,2020
1422,태원물산,B,B,C,B,2020
1423,태평양물산,C,D,B+,B,2020
1424,테이팩스,B+,B+,B+,B,2020
1425,텔코웨어,B,D,B,B,2020
1426,토니모리,C,D,C,B+,2020
1427,티비에이치글로벌,B,C,B,B+,2020
1428,티에이치엔,B,B,B,B,2020
1429,티와이홀딩스,-,-,-,-,2020
1430,티웨이항공,B,C,B,B,2020
1431,티웨이홀딩스,C,D,B,C,2020
1432,티케이지휴켐스,C,B,B+,C,2020
1433,파미셀,B,B,C,B,2020
1434,팜스코,B,D,B+,B+,2020
1435,팜젠사이언스,C,D,B,C,2020
1436,팬오션,B+,B,B,A,2020
1437,퍼스텍,C,B,B,C,2020
1438,퍼시스,B,B,B,B,2020
1439,페이퍼코리아,C,C,B,C,2020
1440,평화산업,B,B,B,B,2020
1441,평화홀딩스,B,C,B,B+,2020
1442,포스코스틸리온,A,B+,A+,B+,2020
1443,포스코인터내셔널,A+,A,A+,A+,2020
1444,포스코케미칼,A,A,A+,B+,2020
1445,풀무원,A+,A,A+,A+,2020
1446,풍산,B+,B+,A,B+,2020
1447,풍산홀딩스,B,B,B+,B,2020
1448,플레이그램,C,D,C,C,2020
1449,하나금융지주,A,A,A,A,2020
1450,하나제약,B,D,B,B+,2020
1451,하나투어,B,D,B,B,2020
1452,하이브,-,-,-,-,2020
1453,하이스틸,B,B,C,B,2020
1454,하이트론씨스템즈,B,D,B,B+,2020
1455,하이트진로,B,B,B,B,2020
1456,하이트진로홀딩스,B,C,B,B,2020
1457,한국가스공사,A,B+,A+,B+,2020
1458,한국공항,C,D,B,B,2020
1459,한국금융지주,B,D,B+,B+,2020
1460,한국내화,C,C,B,D,2020
1461,한국단자공업,C,C,B,B,2020
1462,한국석유공업,C,C,C,B,2020
1463,한국수출포장공업,B,B,C,B,2020
1464,한국쉘석유,B,C,B+,B,2020
1465,한국앤컴퍼니,B,B+,B+,B,2020
1466,한국자산신탁,C,D,B,C,2020
1467,한국전력공사,A,B+,A,A,2020
1468,한국전자홀딩스,C,C,B,C,2020
1469,한국조선해양,B+,B+,C,A,2020
1470,한국종합기술,B,B,C,B,2020
1471,한국주강,C,D,C,C,2020
1472,한국주철관공업,C,C,C,B,2020
1473,한국철강,C,B+,B,C,2020
1474,한국카본,B+,B,B,B+,2020
1475,한국콜마,B+,B,B+,B+,2020
1476,한국콜마홀딩스,B,B,B,B,2020
1477,한국타이어앤테크놀로지,B+,A,A,B,2020
1478,한국토지신탁,C,D,B,C,2020
1479,한국특강,B,B,B,B,2020
1480,한국프랜지공업,C,B,B+,C,2020
1481,한국항공우주,A,A,A+,B+,2020
1482,한국화장품,B,D,B+,B,2020
1483,한국화장품제조,C,D,B,B,2020
1484,한농화성,C,C,C,B,2020
1485,한독,B+,B+,B+,B,2020
1486,한미글로벌,B+,B,B+,B+,2020
1487,한미반도체,C,D,C,B,2020
1488,한미사이언스,B,B,B,B,2020
1489,한미약품,A,B+,A+,B+,2020
1490,한샘,B+,B+,A+,B,2020
1491,한섬,A,B+,A,A,2020
1492,한성기업,C,D,B,C,2020
1493,한세실업,B,C,B,B+,2020
1494,한세엠케이,C,C,C,B,2020
1495,한세예스24홀딩스,B,C,B,B,2020
1496,한솔로지스틱스,B+,B,B+,A,2020
1497,한솔제지,A,A,A,A,2020
1498,한솔케미칼,B+,B,B+,B+,2020
1499,한솔테크닉스,B+,B+,B+,A,2020
1500,한솔피엔에스,A,B+,B+,A,2020
1501,한솔홀딩스,A,B+,A,A,2020
1502,한솔홈데코,B+,B,B+,A,2020
1503,한신공영,C,C,B,B,2020
1504,한신기계공업,C,B,C,C,2020
1505,한양증권,C,D,B+,C,2020
1506,한온시스템,B,B,B,B+,2020
1507,한올바이오파마,B,D,B+,B,2020
1508,한익스프레스,C,B,C,D,2020
1509,한일시멘트,B,C,B+,B,2020
1510,한일철강,D,D,D,C,2020
1511,한일현대시멘트,B+,B,B+,B+,2020
1512,한일홀딩스,B,D,B+,B+,2020
1513,한전KPS,B+,B+,A,B+,2020
1514,한전기술,B+,B+,A,B+,2020
1515,한전산업,B+,B,B+,B+,2020
1516,한진,B,B,C,B+,2020
1517,한진중공업홀딩스,B,D,C,B+,2020
1518,한진칼,B+,B,B,A,2020
1519,한창,C,D,B,C,2020
1520,한창제지,B,B,C,B,2020
1521,한화,A,B+,A,A,2020
1522,한화생명,A,A,A+,B+,2020
1523,한화손해보험,B+,B,A,B,2020
1524,한화솔루션,B+,A,A,B,2020
1525,한화시스템,-,-,-,-,2020
1526,한화에어로스페이스,A,A,A,A,2020
1527,한화투자증권,B+,B,A,B+,2020
1528,해성디에스,A,A,A,A,2020
1529,해태제과식품,B,D,B+,B,2020
1530,핸즈코퍼레이션,B,B,B,B+,2020
1531,현대건설,A,A+,A,A,2020
1532,현대건설기계,A,B+,A,A,2020
1533,현대그린푸드,A,B+,A,A,2020
1534,현대글로비스,A,A,A+,A,2020
1535,현대두산인프라코어,A,A,A+,A,2020
1536,현대로템,B+,B,A,B+,2020
1537,현대리바트,A,B,A,A,2020
1538,현대모비스,A,B+,A+,A,2020
1539,현대미포조선,A,A,A+,A,2020
1540,현대백화점,A,B+,A,A,2020
1541,현대비앤지스틸,B+,B+,A,B+,2020
1542,현대약품,B,B,B+,B,2020
1543,현대에너지솔루션,-,-,-,-,2020
1544,현대엘리베이터,A,B+,A,A,2020
1545,현대오토에버,-,-,-,-,2020
1546,현대위아,A,A,A+,A,2020
1547,현대일렉트릭,A,A,A+,A,2020
1548,현대자동차,A,A,A+,A,2020
1549,현대제철,B+,B+,B,B+,2020
1550,현대중공업,-,-,-,-,2020
1551,현대차증권,A,B,A+,A,2020
1552,현대코퍼레이션,B,D,B,B,2020
1553,현대코퍼레이션홀딩스,C,D,C,B,2020
1554,현대퓨처넷,B+,C,A,A,2020
1555,현대해상,A,B+,A,A,2020
1556,현대홈쇼핑,A,A,A,A,2020
1557,형지엘리트,C,D,B,C,2020
1558,혜인,C,B,C,C,2020
1559,호전실업,C,D,C,B+,2020
1560,호텔신라,A,A,A,A,2020
1561,화성산업,B,C,B,B+,2020
1562,화승엔터프라이즈,B+,B+,B,A,2020
1563,화승인더스트리,B,B,B,B+,2020
1564,화승코퍼레이션,B+,B+,B,B+,2020
1565,화신,C,D,B+,B,2020
1566,화인베스틸,B,B,C,B,2020
1567,화천기계,C,B,B,C,2020
1568,화천기공,C,D,C,B,2020
1569,환인제약,B,D,B+,B+,2020
1570,황금에스티,D,D,C,C,2020
1571,효성,B+,A,A+,B,2020
1572,효성 ITX,B+,C,B+,B+,2020
1573,효성중공업,A,A,A+,A,2020
1574,효성첨단소재,A+,A+,A+,A,2020
1575,효성티앤씨,A+,A+,A+,A,2020
1576,효성화학,A+,A+,A+,A,2020
1577,후성,C,B,C,C,2020
1578,휠라홀딩스,B+,B,B+,B+,2020
1579,휴니드테크놀러지스,C,C,B,B,2020
1580,휴비스,B+,B+,B+,B+,2020
1581,휴스틸,C,B,B,C,2020
1582,흥국화재,B,D,A,B,2020
1583,흥아해운,D,D,C,D,2020
