,업종명,종목명,2014_E,2014_S,2014_G,2015_E,2015_S,2015_G,Diff_E,Diff_S,Diff_G,2014_종가,2015_종가,등락률,연도
0,1차 산업,동원수산,1.0,1.5,1.5,2.0,1.5,1.5,1.0,0.0,0.0,7180,9900,0.3788300835654596,"14,15년"
1,1차 산업,사조산업,1.0,1.5,1.5,2.0,1.5,1.5,1.0,0.0,0.0,37550,68500,0.8242343541944075,"14,15년"
2,1차 산업,신라교역,2.0,1.5,1.5,1.0,1.5,1.5,-1.0,0.0,0.0,19900,17350,-0.1281407035175879,"14,15년"
3,건설업,GS건설,3.0,4.0,4.0,2.0,4.0,4.0,-1.0,0.0,0.0,28100,23300,-0.1708185053380783,"14,15년"
4,건설업,대우건설,,4.0,4.0,,3.0,4.0,,-1.0,0.0,6550,6510,-0.0061068702290076,"14,15년"
5,건설업,동아지질,2.0,1.5,1.5,1.0,1.5,1.5,-1.0,0.0,0.0,7910,7960,0.0063211125158027,"14,15년"
6,건설업,삼부토건,2.0,1.5,1.5,1.0,1.5,1.5,-1.0,0.0,0.0,5020,5290,0.0537848605577689,"14,15년"
7,건설업,삼호개발,2.0,1.5,1.5,1.0,1.5,1.5,-1.0,0.0,0.0,3330,3410,0.024024024024024,"14,15년"
8,건설업,신세계건설,1.0,4.0,1.5,2.0,3.0,1.5,1.0,-1.0,0.0,21300,49500,1.323943661971831,"14,15년"
10,건설업,일성건설,1.0,1.5,1.5,1.0,1.5,1.5,0.0,0.0,0.0,6450,11400,0.7674418604651163,"14,15년"
11,건설업,진흥기업,,1.5,3.0,1.0,1.5,3.0,,0.0,0.0,1375,2240,0.6290909090909091,"14,15년"
12,건설업,코오롱글로벌,2.0,1.5,1.5,2.0,1.5,1.5,0.0,0.0,0.0,7420,17000,1.2911051212938005,"14,15년"
13,건설업,태영건설,3.0,3.0,3.0,3.0,1.5,3.0,0.0,-1.5,0.0,4245,5890,0.3875147232037691,"14,15년"
14,건설업,한신공영,2.0,1.5,1.5,2.0,1.5,1.5,0.0,0.0,0.0,12150,18800,0.5473251028806584,"14,15년"
15,건설업,한전KPS,2.0,3.0,3.0,2.0,3.0,3.0,0.0,0.0,0.0,87700,104000,0.185860889395667,"14,15년"
16,건설업,현대건설,3.0,3.0,4.0,2.0,3.0,4.0,-1.0,0.0,0.0,48550,34600,-0.2873326467559217,"14,15년"
17,건설업,화성산업,3.0,1.5,1.5,3.0,3.0,1.5,0.0,1.5,0.0,11950,17200,0.4393305439330544,"14,15년"
18,금융 및 보험업,AK홀딩스,1.0,1.5,1.5,1.0,1.5,1.5,0.0,0.0,0.0,71200,86000,0.2078651685393258,"14,15년"
19,금융 및 보험업,CJ,2.0,4.0,3.0,2.0,4.0,3.0,0.0,0.0,0.0,174000,240000,0.3793103448275862,"14,15년"
20,금융 및 보험업,CS홀딩스,1.0,1.5,1.5,2.0,1.5,1.5,1.0,0.0,0.0,74300,79900,0.0753701211305518,"14,15년"
21,금융 및 보험업,DGB금융지주,4.0,4.0,4.0,5.0,3.0,4.0,1.0,-1.0,0.0,15250,10600,-0.3049180327868852,"14,15년"
22,금융 및 보험업,GS,3.0,1.5,1.5,2.0,1.5,1.5,-1.0,0.0,0.0,41450,50200,0.2110977080820265,"14,15년"
24,금융 및 보험업,KB금융,4.0,3.0,4.0,4.0,3.0,3.0,0.0,0.0,-1.0,42000,36150,-0.1392857142857143,"14,15년"
25,금융 및 보험업,KC그린홀딩스,2.0,1.5,1.5,2.0,1.5,1.5,0.0,0.0,0.0,10350,9690,-0.0637681159420289,"14,15년"
26,금융 및 보험업,LG,4.0,3.0,1.5,4.0,3.0,1.5,0.0,0.0,0.0,63600,66000,0.0377358490566037,"14,15년"
27,금융 및 보험업,LS,3.0,1.5,1.5,2.0,1.5,1.5,-1.0,0.0,0.0,59900,38700,-0.353923205342237,"14,15년"
28,금융 및 보험업,SK,2.0,4.0,5.0,4.0,4.0,4.0,2.0,0.0,-1.0,167000,267000,0.5988023952095808,"14,15년"
29,금융 및 보험업,SK증권,3.0,3.0,1.5,3.0,3.0,1.5,0.0,0.0,0.0,932,1175,0.2607296137339056,"14,15년"
30,금융 및 보험업,교보증권,2.0,1.5,1.5,4.0,3.0,1.5,2.0,1.5,0.0,13450,9850,-0.2676579925650557,"14,15년"
31,금융 및 보험업,기업은행,3.0,3.0,3.0,4.0,3.0,1.5,1.0,0.0,-1.5,15650,14000,-0.1054313099041533,"14,15년"
32,금융 및 보험업,노루홀딩스,2.0,1.5,1.5,2.0,1.5,1.5,0.0,0.0,0.0,25400,28750,0.1318897637795275,"14,15년"
33,금융 및 보험업,농심홀딩스,1.0,1.5,1.5,2.0,1.5,1.5,1.0,0.0,0.0,125500,150000,0.1952191235059761,"14,15년"
34,금융 및 보험업,대상홀딩스,2.0,1.5,1.5,1.0,1.5,1.5,-1.0,0.0,0.0,20800,21350,0.0264423076923076,"14,15년"
35,금융 및 보험업,대신증권,3.0,1.5,1.5,4.0,1.5,1.5,1.0,0.0,0.0,10250,10500,0.024390243902439,"14,15년"
36,금융 및 보험업,동아쏘시오홀딩스,2.0,1.5,1.5,2.0,1.5,1.5,0.0,0.0,0.0,147000,162500,0.1054421768707483,"14,15년"
37,금융 및 보험업,동양생명,3.0,1.5,1.5,4.0,3.0,1.5,1.0,1.5,0.0,11600,13950,0.2025862068965517,"14,15년"
38,금융 및 보험업,동원산업,2.0,1.5,1.5,2.0,3.0,1.5,0.0,1.5,0.0,328000,320000,-0.024390243902439,"14,15년"
39,금융 및 보험업,두산,4.0,4.0,4.0,4.0,4.0,4.0,0.0,0.0,0.0,111000,110500,-0.0045045045045045,"14,15년"
40,금융 및 보험업,롯데손해보험,3.0,4.0,1.5,3.0,4.0,1.5,0.0,0.0,0.0,2915,2830,-0.0291595197255574,"14,15년"
41,금융 및 보험업,메리츠금융지주,3.0,1.5,1.5,4.0,1.5,1.5,1.0,0.0,0.0,9430,14650,0.5535524920466596,"14,15년"
42,금융 및 보험업,미래에셋증권,3.0,3.0,1.5,3.0,3.0,1.5,0.0,0.0,0.0,45950,25550,-0.4439608269858542,"14,15년"
43,금융 및 보험업,부국증권,2.0,1.5,1.5,2.0,1.5,1.5,0.0,0.0,0.0,14850,17200,0.1582491582491582,"14,15년"
44,금융 및 보험업,삼성생명,4.0,5.0,4.0,4.0,4.0,5.0,0.0,-1.0,1.0,116500,109000,-0.0643776824034334,"14,15년"
45,금융 및 보험업,삼성증권,4.0,4.0,1.5,5.0,3.0,1.5,1.0,-1.0,0.0,47800,48300,0.0104602510460251,"14,15년"
46,금융 및 보험업,삼성카드,3.0,3.0,1.5,4.0,1.5,1.5,1.0,-1.5,0.0,46000,38600,-0.1608695652173913,"14,15년"
47,금융 및 보험업,삼양홀딩스,1.0,1.5,1.5,1.0,1.5,1.5,0.0,0.0,0.0,89000,160500,0.8033707865168539,"14,15년"
48,금융 및 보험업,서연,2.0,1.5,1.5,1.0,1.5,1.5,-1.0,0.0,0.0,15300,12250,-0.1993464052287581,"14,15년"
49,금융 및 보험업,신영증권,2.0,1.5,1.5,3.0,1.5,1.5,1.0,0.0,0.0,60400,55200,-0.086092715231788,"14,15년"
50,금융 및 보험업,신한지주,5.0,4.0,4.0,5.0,5.0,4.0,0.0,1.0,0.0,50300,43550,-0.1341948310139165,"14,15년"
51,금융 및 보험업,영원무역홀딩스,1.0,1.5,1.5,2.0,1.5,1.5,1.0,0.0,0.0,105500,72000,-0.3175355450236967,"14,15년"
52,금융 및 보험업,우리종금,1.0,1.5,1.5,2.0,1.5,1.5,1.0,0.0,0.0,470,611,0.3,"14,15년"
53,금융 및 보험업,유안타증권,1.0,1.5,1.5,2.0,1.5,1.5,1.0,0.0,0.0,3055,3995,0.3076923076923077,"14,15년"
54,금융 및 보험업,유화증권,1.0,1.5,1.5,3.0,1.5,1.5,2.0,0.0,0.0,14550,14700,0.0103092783505154,"14,15년"
55,금융 및 보험업,일진홀딩스,1.0,1.5,1.5,1.0,1.5,1.5,0.0,0.0,0.0,7500,12050,0.6066666666666667,"14,15년"
56,금융 및 보험업,제주은행,4.0,1.5,1.5,4.0,1.5,1.5,0.0,0.0,0.0,7850,9950,0.267515923566879,"14,15년"
57,금융 및 보험업,코리안리,4.0,1.5,1.5,4.0,1.5,1.5,0.0,0.0,0.0,11400,13600,0.1929824561403508,"14,15년"
58,금융 및 보험업,코스맥스비티아이,2.0,1.5,1.5,2.0,1.5,1.5,0.0,0.0,0.0,51000,71300,0.3980392156862745,"14,15년"
59,금융 및 보험업,코오롱,2.0,1.5,1.5,2.0,1.5,1.5,0.0,0.0,0.0,25750,64100,1.4893203883495143,"14,15년"
60,금융 및 보험업,키움증권,3.0,1.5,1.5,4.0,1.5,1.5,1.0,0.0,0.0,45350,58700,0.2943770672546857,"14,15년"
61,금융 및 보험업,풍산홀딩스,2.0,1.5,1.5,2.0,1.5,1.5,0.0,0.0,0.0,46100,40150,-0.1290672451193058,"14,15년"
62,금융 및 보험업,하나금융지주,5.0,3.0,1.5,5.0,3.0,1.5,0.0,0.0,0.0,37050,27800,-0.2496626180836707,"14,15년"
63,금융 및 보험업,하이트진로홀딩스,2.0,1.5,1.5,2.0,1.5,1.5,0.0,0.0,0.0,12500,13650,0.092,"14,15년"
64,금융 및 보험업,한국금융지주,4.0,1.5,1.5,4.0,1.5,1.5,0.0,0.0,0.0,54100,61000,0.1275415896487985,"14,15년"
65,금융 및 보험업,한국전자홀딩스,1.0,1.5,1.5,2.0,1.5,1.5,1.0,0.0,0.0,1555,1105,-0.2893890675241157,"14,15년"
66,금융 및 보험업,한국콜마홀딩스,1.0,1.5,1.5,2.0,1.5,1.5,1.0,0.0,0.0,50100,66200,0.3213572854291417,"14,15년"
68,금융 및 보험업,한양증권,2.0,1.5,1.5,3.0,1.5,1.5,1.0,0.0,0.0,6850,8500,0.2408759124087591,"14,15년"
69,금융 및 보험업,한화생명,4.0,1.5,1.5,4.0,4.0,1.5,0.0,2.5,0.0,8210,8490,0.0341047503045067,"14,15년"
70,금융 및 보험업,한화손해보험,3.0,1.5,1.5,2.0,3.0,1.5,-1.0,1.5,0.0,5390,7530,0.3970315398886827,"14,15년"
71,금융 및 보험업,한화투자증권,2.0,1.5,1.5,2.0,1.5,1.5,0.0,0.0,0.0,3750,4490,0.1973333333333333,"14,15년"
72,금융 및 보험업,현대해상,4.0,4.0,3.0,4.0,4.0,1.5,0.0,0.0,-1.5,28250,33950,0.2017699115044247,"14,15년"
73,금융 및 보험업,효성,2.0,3.0,1.5,1.0,3.0,3.0,-1.0,0.0,1.5,63500,117000,0.84251968503937,"14,15년"
74,금융 및 보험업,흥국화재,2.0,1.5,1.5,3.0,1.5,1.5,1.0,0.0,0.0,3860,4010,0.038860103626943,"14,15년"
75,서비스업,CJ CGV,1.0,3.0,1.5,2.0,1.5,1.5,1.0,-1.5,0.0,52400,104000,0.9847328244274808,"14,15년"
76,서비스업,GKL,2.0,1.5,1.5,3.0,3.0,1.5,1.0,1.5,0.0,38250,31800,-0.1686274509803921,"14,15년"
77,서비스업,KTcs,2.0,1.5,1.5,3.0,1.5,1.5,1.0,0.0,0.0,2965,3600,0.2141652613827993,"14,15년"
78,서비스업,NAVER,4.0,3.0,1.5,3.0,1.5,1.5,-1.0,-1.5,0.0,754000,600000,-0.2042440318302387,"14,15년"
79,서비스업,NICE,2.0,1.5,1.5,3.0,1.5,1.5,1.0,0.0,0.0,17700,25450,0.4378531073446328,"14,15년"
80,서비스업,SBS,3.0,1.5,1.5,3.0,1.5,1.5,0.0,0.0,0.0,27100,38500,0.4206642066420664,"14,15년"
81,서비스업,강원랜드,3.0,4.0,3.0,4.0,3.0,3.0,1.0,-1.0,0.0,35000,42300,0.2085714285714285,"14,15년"
82,서비스업,녹십자홀딩스,2.0,1.5,1.5,1.0,3.0,1.5,-1.0,1.5,0.0,22450,41050,0.8285077951002228,"14,15년"
83,서비스업,다우기술,1.0,1.5,1.5,2.0,1.5,1.5,1.0,0.0,0.0,11100,24850,1.2387387387387387,"14,15년"
84,서비스업,대교,5.0,1.5,1.5,4.0,1.5,1.5,-1.0,0.0,0.0,7450,9150,0.2281879194630872,"14,15년"
85,서비스업,대성홀딩스,2.0,1.5,1.5,2.0,1.5,1.5,0.0,0.0,0.0,12300,11900,-0.032520325203252,"14,15년"
86,서비스업,더존비즈온,1.0,1.5,1.5,2.0,1.5,1.5,1.0,0.0,0.0,7040,21500,2.053977272727273,"14,15년"
87,서비스업,도화엔지니어링,2.0,1.5,1.5,2.0,1.5,1.5,0.0,0.0,0.0,4305,4055,-0.0580720092915214,"14,15년"
88,서비스업,롯데관광개발,2.0,1.5,1.5,1.0,1.5,1.5,-1.0,0.0,0.0,13900,15750,0.1330935251798561,"14,15년"
89,서비스업,비상교육,2.0,1.5,1.5,1.0,1.5,1.5,-1.0,0.0,0.0,8100,8800,0.0864197530864197,"14,15년"
90,서비스업,삼성엔지니어링,3.0,4.0,4.0,3.0,4.0,4.0,0.0,0.0,0.0,61600,18200,-0.7045454545454546,"14,15년"
91,서비스업,삼성출판사,2.0,1.5,1.5,2.0,1.5,1.5,0.0,0.0,0.0,7200,12700,0.7638888888888888,"14,15년"
92,서비스업,성창기업지주,1.0,1.5,1.5,,1.5,1.5,,0.0,0.0,20950,29450,0.4057279236276849,"14,15년"
93,서비스업,신세계푸드,1.0,3.0,3.0,2.0,3.0,1.5,1.0,0.0,-1.5,93500,172000,0.839572192513369,"14,15년"
94,서비스업,아세아,1.0,3.0,3.0,1.0,1.5,1.5,0.0,-1.5,-1.5,148500,117000,-0.2121212121212121,"14,15년"
95,서비스업,에스원,2.0,3.0,1.5,1.0,1.5,1.5,-1.0,-1.5,0.0,74400,99000,0.3306451612903225,"14,15년"
96,서비스업,엔씨소프트,3.0,1.5,1.5,4.0,1.5,1.5,1.0,0.0,0.0,147000,189500,0.2891156462585034,"14,15년"
97,서비스업,웅진씽크빅,2.0,3.0,1.5,2.0,1.5,1.5,0.0,-1.5,0.0,7240,8180,0.1298342541436464,"14,15년"
98,서비스업,유엔젤,1.0,1.5,1.5,2.0,1.5,1.5,1.0,0.0,0.0,2965,5710,0.9258010118043845,"14,15년"
99,서비스업,이스타코,1.0,1.5,1.5,1.0,1.5,1.5,0.0,0.0,0.0,3080,2835,-0.0795454545454545,"14,15년"
100,서비스업,제일기획,2.0,1.5,1.5,1.0,3.0,3.0,-1.0,1.5,1.5,16700,20000,0.1976047904191616,"14,15년"
101,서비스업,코웨이,2.0,4.0,4.0,2.0,4.0,4.0,0.0,0.0,0.0,81600,85200,0.0441176470588235,"14,15년"
102,서비스업,콤텍시스템,1.0,1.5,1.5,1.0,1.5,1.5,0.0,0.0,0.0,1300,1570,0.2076923076923077,"14,15년"
103,서비스업,텔코웨어,2.0,1.5,1.5,2.0,1.5,1.5,0.0,0.0,0.0,13450,14550,0.0817843866171003,"14,15년"
104,서비스업,하나투어,2.0,1.5,1.5,2.0,1.5,1.5,0.0,0.0,0.0,67100,126000,0.8777943368107303,"14,15년"
105,서비스업,한국종합기술,2.0,1.5,1.5,2.0,1.5,1.5,0.0,0.0,0.0,4930,5040,0.0223123732251521,"14,15년"
106,서비스업,한미글로벌,2.0,1.5,1.5,2.0,1.5,1.5,0.0,0.0,0.0,8500,12350,0.4529411764705882,"14,15년"
107,서비스업,한전기술,2.0,1.5,3.0,2.0,1.5,3.0,0.0,0.0,0.0,65000,34200,-0.4738461538461538,"14,15년"
108,서비스업,한전산업,2.0,1.5,1.5,2.0,1.5,1.5,0.0,0.0,0.0,6550,4690,-0.2839694656488549,"14,15년"
109,에너지업,대성에너지,2.0,1.5,1.5,1.0,1.5,1.5,-1.0,0.0,0.0,6350,6630,0.0440944881889763,"14,15년"
110,에너지업,삼천리,3.0,3.0,3.0,1.0,3.0,3.0,-2.0,0.0,0.0,151000,102500,-0.3211920529801324,"14,15년"
111,에너지업,인천도시가스,2.0,1.5,1.5,2.0,1.5,1.5,0.0,0.0,0.0,36600,34650,-0.0532786885245901,"14,15년"
112,에너지업,지역난방공사,4.0,3.0,3.0,4.0,3.0,3.0,0.0,0.0,0.0,60000,62100,0.035,"14,15년"
113,에너지업,한국가스공사,4.0,4.0,4.0,3.0,3.0,4.0,-1.0,-1.0,0.0,50100,42600,-0.1497005988023952,"14,15년"
114,에너지업,한진중공업홀딩스,3.0,1.5,1.5,2.0,1.5,1.5,-1.0,0.0,0.0,9000,6590,-0.2677777777777778,"14,15년"
115,운수 및 창고업,CJ대한통운,3.0,4.0,3.0,3.0,3.0,3.0,0.0,-1.0,0.0,193000,195000,0.0103626943005181,"14,15년"
116,운수 및 창고업,E1,3.0,1.5,1.5,2.0,3.0,1.5,-1.0,1.5,0.0,71700,69000,-0.0376569037656903,"14,15년"
117,운수 및 창고업,GS글로벌,2.0,1.5,1.5,2.0,1.5,1.5,0.0,0.0,0.0,8870,6200,-0.3010146561443066,"14,15년"
118,운수 및 창고업,GS리테일,3.0,1.5,3.0,2.0,1.5,1.5,-1.0,0.0,-1.5,24900,57600,1.313253012048193,"14,15년"
119,운수 및 창고업,KSS해운,3.0,1.5,1.5,2.0,1.5,1.5,-1.0,0.0,0.0,14300,17700,0.2377622377622377,"14,15년"
120,운수 및 창고업,LS네트웍스,2.0,1.5,1.5,,1.5,1.5,,0.0,0.0,4695,3960,-0.1565495207667731,"14,15년"
121,운수 및 창고업,SG세계물산,1.0,1.5,1.5,1.0,1.5,1.5,0.0,0.0,0.0,615,1280,1.08130081300813,"14,15년"
122,운수 및 창고업,SK가스,3.0,3.0,1.5,3.0,1.5,1.5,0.0,-1.5,0.0,139500,85200,-0.3892473118279569,"14,15년"
123,운수 및 창고업,SK네트웍스,3.0,4.0,1.5,3.0,3.0,1.5,0.0,-1.0,0.0,10950,7090,-0.3525114155251141,"14,15년"
124,운수 및 창고업,경방,2.0,1.5,1.5,2.0,1.5,1.5,0.0,0.0,0.0,191000,192000,0.0052356020942408,"14,15년"
125,운수 및 창고업,광주신세계,2.0,3.0,1.5,3.0,1.5,1.5,1.0,-1.5,0.0,308000,298500,-0.0308441558441558,"14,15년"
126,운수 및 창고업,국동,2.0,1.5,1.5,2.0,1.5,1.5,0.0,0.0,0.0,11500,9600,-0.1652173913043478,"14,15년"
127,운수 및 창고업,국보,1.0,1.5,1.5,1.0,1.5,1.5,0.0,0.0,0.0,11900,17950,0.5084033613445378,"14,15년"
128,운수 및 창고업,남성,1.0,1.5,1.5,1.0,1.5,1.5,0.0,0.0,0.0,12000,2140,-0.8216666666666667,"14,15년"
129,운수 및 창고업,대구백화점,2.0,1.5,1.5,2.0,1.5,1.5,0.0,0.0,0.0,15250,14200,-0.0688524590163934,"14,15년"
130,운수 및 창고업,대성산업,2.0,1.5,3.0,2.0,1.5,3.0,0.0,0.0,0.0,2490,4030,0.6184738955823293,"14,15년"
131,운수 및 창고업,대한항공,3.0,4.0,3.0,,3.0,4.0,,-1.0,1.0,37950,30850,-0.1870882740447957,"14,15년"
132,운수 및 창고업,대한해운,,1.5,1.5,1.0,1.5,1.5,,0.0,0.0,29800,20200,-0.3221476510067114,"14,15년"
133,운수 및 창고업,동방,1.0,1.5,1.5,2.0,1.5,1.5,1.0,0.0,0.0,1880,3050,0.6223404255319149,"14,15년"
134,운수 및 창고업,동양고속,2.0,1.5,1.5,1.0,1.5,1.5,-1.0,0.0,0.0,34400,37150,0.0799418604651162,"14,15년"
135,운수 및 창고업,롯데쇼핑,4.0,4.0,4.0,1.0,1.5,4.0,-3.0,-2.5,0.0,296500,232000,-0.2175379426644182,"14,15년"
136,운수 및 창고업,롯데하이마트,4.0,3.0,1.5,3.0,3.0,1.5,-1.0,0.0,0.0,66100,58200,-0.1195158850226928,"14,15년"
137,운수 및 창고업,모나미,2.0,1.5,1.5,1.0,1.5,1.5,-1.0,0.0,0.0,3715,4565,0.2288021534320323,"14,15년"
138,운수 및 창고업,삼성물산,2.0,4.0,4.0,2.0,3.0,4.0,0.0,-1.0,0.0,72300,155000,1.1438450899031811,"14,15년"
139,운수 및 창고업,삼영무역,2.0,1.5,1.5,2.0,1.5,1.5,0.0,0.0,0.0,23900,23050,-0.0355648535564853,"14,15년"
140,운수 및 창고업,세기상사,2.0,1.5,1.5,2.0,1.5,1.5,0.0,0.0,0.0,30600,54000,0.7647058823529411,"14,15년"
141,운수 및 창고업,세방,3.0,1.5,1.5,3.0,1.5,1.5,0.0,0.0,0.0,19350,17950,-0.0723514211886304,"14,15년"
142,운수 및 창고업,세우글로벌,1.0,1.5,1.5,1.0,1.5,1.5,0.0,0.0,0.0,1190,2075,0.7436974789915967,"14,15년"
143,운수 및 창고업,세이브존I&C,1.0,1.5,1.5,2.0,1.5,1.5,1.0,0.0,0.0,7080,6020,-0.1497175141242938,"14,15년"
144,운수 및 창고업,신성통상,1.0,1.5,1.5,1.0,1.5,1.5,0.0,0.0,0.0,1245,1915,0.5381526104417671,"14,15년"
145,운수 및 창고업,신세계,3.0,3.0,3.0,1.0,4.0,3.0,-2.0,1.0,0.0,198500,232500,0.1712846347607053,"14,15년"
146,운수 및 창고업,신세계인터내셔날,2.0,3.0,3.0,3.0,3.0,3.0,1.0,0.0,0.0,125000,111000,-0.112,"14,15년"
147,운수 및 창고업,신흥,2.0,1.5,1.5,3.0,1.5,1.5,1.0,0.0,0.0,9680,10900,0.1260330578512396,"14,15년"
148,운수 및 창고업,아시아나항공,1.0,4.0,3.0,1.0,3.0,4.0,0.0,-1.0,1.0,4015,4845,0.2067247820672478,"14,15년"
149,운수 및 창고업,아이마켓코리아,2.0,1.5,1.5,2.0,1.5,1.5,0.0,0.0,0.0,26350,29700,0.127134724857685,"14,15년"
150,운수 및 창고업,영원무역,2.0,1.5,1.5,2.0,1.5,1.5,0.0,0.0,0.0,63900,47900,-0.2503912363067292,"14,15년"
151,운수 및 창고업,윌비스,2.0,1.5,1.5,2.0,1.5,1.5,0.0,0.0,0.0,1235,2325,0.8825910931174089,"14,15년"
152,운수 및 창고업,유니퀘스트,2.0,1.5,1.5,3.0,1.5,1.5,1.0,0.0,0.0,8240,4135,-0.4981796116504854,"14,15년"
153,운수 및 창고업,이마트,3.0,3.0,5.0,1.0,1.5,4.0,-2.0,-1.5,-1.0,198000,212500,0.0732323232323232,"14,15년"
154,운수 및 창고업,이화산업,1.0,1.5,1.5,1.0,1.5,1.5,0.0,0.0,0.0,18600,20050,0.0779569892473118,"14,15년"
155,운수 및 창고업,인터지스,1.0,1.5,1.5,2.0,1.5,1.5,1.0,0.0,0.0,8140,3590,-0.558968058968059,"14,15년"
156,운수 및 창고업,일신석재,1.0,1.5,1.5,1.0,1.5,1.5,0.0,0.0,0.0,1245,1375,0.1044176706827309,"14,15년"
157,운수 및 창고업,진도,1.0,1.5,1.5,1.0,1.5,1.5,0.0,0.0,0.0,3390,6560,0.935103244837758,"14,15년"
158,운수 및 창고업,천일고속,1.0,1.5,1.5,2.0,1.5,1.5,1.0,0.0,0.0,55700,77100,0.3842010771992818,"14,15년"
159,운수 및 창고업,한국공항,1.0,3.0,1.5,,1.5,1.5,,-1.5,0.0,33250,30300,-0.0887218045112782,"14,15년"
160,운수 및 창고업,한국화장품,1.0,1.5,1.5,1.0,1.5,1.5,0.0,0.0,0.0,4945,11150,1.2548028311425683,"14,15년"
161,운수 및 창고업,한샘,3.0,1.5,1.5,3.0,1.5,1.5,0.0,0.0,0.0,127500,233500,0.8313725490196079,"14,15년"
162,운수 및 창고업,한솔로지스틱스,1.0,1.5,1.5,1.0,1.5,1.5,0.0,0.0,0.0,2335,4200,0.7987152034261242,"14,15년"
163,운수 및 창고업,한익스프레스,2.0,1.5,1.5,2.0,1.5,1.5,0.0,0.0,0.0,31550,88300,1.7987321711568938,"14,15년"
164,운수 및 창고업,한진,1.0,1.5,1.5,1.0,1.5,1.5,0.0,0.0,0.0,53600,44450,-0.1707089552238806,"14,15년"
165,운수 및 창고업,한창,,1.5,1.5,,1.5,1.5,,0.0,0.0,1170,2720,1.3247863247863247,"14,15년"
166,운수 및 창고업,현대그린푸드,3.0,1.5,1.5,3.0,1.5,1.5,0.0,0.0,0.0,18150,23850,0.3140495867768595,"14,15년"
167,운수 및 창고업,현대글로비스,3.0,1.5,1.5,2.0,1.5,3.0,-1.0,0.0,1.5,266000,196500,-0.2612781954887218,"14,15년"
168,운수 및 창고업,현대백화점,3.0,3.0,1.5,3.0,3.0,1.5,0.0,0.0,0.0,135500,125500,-0.07380073800738,"14,15년"
169,운수 및 창고업,현대홈쇼핑,3.0,1.5,1.5,4.0,1.5,1.5,1.0,0.0,0.0,136000,122000,-0.1029411764705882,"14,15년"
170,운수 및 창고업,혜인,2.0,1.5,1.5,1.0,1.5,1.5,-1.0,0.0,0.0,3580,3540,-0.0111731843575419,"14,15년"
171,운수 및 창고업,호텔신라,1.0,1.5,1.5,2.0,1.5,3.0,1.0,0.0,1.5,100500,110000,0.0945273631840796,"14,15년"
172,운수 및 창고업,흥아해운,2.0,1.5,1.5,2.0,1.5,1.5,0.0,0.0,0.0,2190,1935,-0.1164383561643835,"14,15년"
173,의약품,JW중외제약,1.0,1.5,1.5,1.0,1.5,1.5,0.0,0.0,0.0,14800,34900,1.358108108108108,"14,15년"
174,의약품,광동제약,1.0,1.5,1.5,2.0,1.5,1.5,1.0,0.0,0.0,10350,11650,0.1256038647342995,"14,15년"
175,의약품,국제약품,2.0,1.5,1.5,2.0,1.5,1.5,0.0,0.0,0.0,2440,4340,0.7786885245901639,"14,15년"
176,의약품,녹십자,2.0,1.5,1.5,2.0,3.0,1.5,0.0,1.5,0.0,137000,181500,0.3248175182481752,"14,15년"
177,의약품,대웅,1.0,1.5,1.5,1.0,1.5,1.5,0.0,0.0,0.0,51300,63700,0.2417153996101364,"14,15년"
178,의약품,대웅제약,2.0,1.5,1.5,1.0,3.0,1.5,-1.0,1.5,0.0,69700,76200,0.0932568149210903,"14,15년"
179,의약품,대원제약,3.0,1.5,1.5,3.0,1.5,1.5,0.0,0.0,0.0,16550,20800,0.256797583081571,"14,15년"
180,의약품,동성제약,1.0,1.5,1.5,2.0,1.5,1.5,1.0,0.0,0.0,5250,5020,-0.0438095238095238,"14,15년"
181,의약품,동화약품,2.0,1.5,1.5,1.0,1.5,1.5,-1.0,0.0,0.0,6100,6920,0.1344262295081967,"14,15년"
182,의약품,명문제약,2.0,1.5,1.5,2.0,1.5,1.5,0.0,0.0,0.0,2655,3090,0.1638418079096045,"14,15년"
183,의약품,부광약품,3.0,1.5,1.5,2.0,1.5,1.5,-1.0,0.0,0.0,19950,25150,0.2606516290726817,"14,15년"
185,의약품,삼일제약,2.0,1.5,1.5,2.0,1.5,1.5,0.0,0.0,0.0,5900,6970,0.1813559322033898,"14,15년"
186,의약품,삼진제약,2.0,1.5,1.5,2.0,1.5,1.5,0.0,0.0,0.0,25350,24450,-0.0355029585798816,"14,15년"
187,의약품,신풍제약,2.0,1.5,1.5,2.0,1.5,1.5,0.0,0.0,0.0,4230,4155,-0.0177304964539007,"14,15년"
188,의약품,영진약품,2.0,1.5,1.5,2.0,1.5,1.5,0.0,0.0,0.0,1425,2280,0.6,"14,15년"
189,의약품,오리엔트바이오,1.0,1.5,1.5,1.0,1.5,1.5,0.0,0.0,0.0,818,1275,0.558679706601467,"14,15년"
190,의약품,유유제약,2.0,1.5,1.5,1.0,1.5,1.5,-1.0,0.0,0.0,8020,11850,0.4775561097256858,"14,15년"
191,의약품,유한양행,2.0,3.0,3.0,3.0,1.5,3.0,1.0,-1.5,0.0,176500,283000,0.603399433427762,"14,15년"
192,의약품,이연제약,2.0,1.5,1.5,2.0,1.5,1.5,0.0,0.0,0.0,23900,36200,0.5146443514644351,"14,15년"
193,의약품,일성신약,2.0,1.5,1.5,2.0,1.5,1.5,0.0,0.0,0.0,90000,104500,0.1611111111111111,"14,15년"
194,의약품,일양약품,2.0,1.5,1.5,2.0,1.5,1.5,0.0,0.0,0.0,27000,56100,1.0777777777777775,"14,15년"
195,의약품,종근당바이오,1.0,1.5,1.5,2.0,1.5,1.5,1.0,0.0,0.0,23800,19750,-0.1701680672268907,"14,15년"
196,의약품,종근당홀딩스,2.0,1.5,1.5,1.0,1.5,1.5,-1.0,0.0,0.0,78600,79800,0.015267175572519,"14,15년"
198,의약품,파미셀,2.0,1.5,1.5,2.0,1.5,1.5,0.0,0.0,0.0,4790,4905,0.0240083507306889,"14,15년"
199,의약품,한독,3.0,1.5,3.0,2.0,3.0,1.5,-1.0,1.5,-1.5,23850,24950,0.0461215932914046,"14,15년"
201,의약품,한올바이오파마,2.0,1.5,1.5,2.0,1.5,1.5,0.0,0.0,0.0,3960,11500,1.904040404040404,"14,15년"
202,의약품,현대약품,3.0,1.5,3.0,3.0,1.5,1.5,0.0,0.0,-1.5,2525,3790,0.500990099009901,"14,15년"
203,의약품,환인제약,3.0,1.5,1.5,2.0,1.5,1.5,-1.0,0.0,0.0,24600,20700,-0.1585365853658536,"14,15년"
204,정보통신업,LG유플러스,4.0,3.0,4.0,3.0,3.0,4.0,-1.0,0.0,0.0,11000,10950,-0.0045454545454545,"14,15년"
205,정보통신업,SK텔레콤,5.0,3.0,4.0,4.0,4.0,4.0,-1.0,1.0,0.0,267000,241000,-0.097378277153558,"14,15년"
206,제조업,BYC,1.0,1.5,1.5,1.0,1.5,1.5,0.0,0.0,0.0,283500,399000,0.4074074074074074,"14,15년"
207,제조업,CJ씨푸드,2.0,1.5,1.5,2.0,1.5,3.0,0.0,0.0,1.5,2560,3655,0.427734375,"14,15년"
208,제조업,CJ제일제당,2.0,4.0,4.0,2.0,3.0,4.0,0.0,-1.0,0.0,391000,350000,-0.1048593350383631,"14,15년"
209,제조업,DRB동일,1.0,1.5,1.5,1.0,1.5,1.5,0.0,0.0,0.0,16400,14650,-0.1067073170731707,"14,15년"
210,제조업,DSR제강,1.0,1.5,1.5,1.0,1.5,1.5,0.0,0.0,0.0,3450,4085,0.1840579710144927,"14,15년"
211,제조업,F&F,2.0,1.5,1.5,2.0,1.5,1.5,0.0,0.0,0.0,14850,19900,0.3400673400673401,"14,15년"
212,제조업,KC코트렐,2.0,1.5,3.0,2.0,1.5,1.5,0.0,0.0,-1.5,5820,7900,0.3573883161512027,"14,15년"
213,제조업,KEC,2.0,1.5,3.0,1.0,1.5,3.0,-1.0,0.0,0.0,1810,1140,-0.3701657458563536,"14,15년"
214,제조업,KG케미칼,1.0,1.5,1.5,2.0,1.5,1.5,1.0,0.0,0.0,16550,16100,-0.0271903323262839,"14,15년"
215,제조업,KISCO홀딩스,2.0,1.5,1.5,3.0,1.5,1.5,1.0,0.0,0.0,51500,59500,0.1553398058252427,"14,15년"
216,제조업,KPX케미칼,2.0,1.5,1.5,2.0,1.5,1.5,0.0,0.0,0.0,59600,56900,-0.0453020134228187,"14,15년"
217,제조업,KPX홀딩스,2.0,1.5,1.5,2.0,1.5,1.5,0.0,0.0,0.0,81800,69500,-0.1503667481662591,"14,15년"
218,제조업,KR모터스,2.0,1.5,1.5,1.0,1.5,1.5,-1.0,0.0,0.0,912,1050,0.1513157894736842,"14,15년"
219,제조업,LF,2.0,1.5,1.5,2.0,1.5,1.5,0.0,0.0,0.0,33650,31650,-0.0594353640416047,"14,15년"
220,제조업,LG디스플레이,3.0,4.0,4.0,3.0,3.0,4.0,0.0,-1.0,0.0,31350,21600,-0.3110047846889952,"14,15년"
221,제조업,LG생활건강,3.0,4.0,4.0,3.0,5.0,4.0,0.0,1.0,0.0,623000,947000,0.5200642054574639,"14,15년"
222,제조업,LG이노텍,4.0,4.0,4.0,4.0,4.0,4.0,0.0,0.0,0.0,84500,92700,0.0970414201183432,"14,15년"
223,제조업,LG전자,3.0,4.0,5.0,1.0,4.0,4.0,-2.0,0.0,-1.0,65300,49100,-0.2480857580398162,"14,15년"
224,제조업,LG화학,4.0,4.0,3.0,3.0,3.0,3.0,-1.0,-1.0,0.0,200000,304500,0.5225,"14,15년"
225,제조업,MH에탄올,2.0,1.5,1.5,2.0,1.5,1.5,0.0,0.0,0.0,8900,10200,0.146067415730337,"14,15년"
226,제조업,NI스틸,1.0,1.5,1.5,1.0,1.5,1.5,0.0,0.0,0.0,2110,2695,0.2772511848341232,"14,15년"
227,제조업,OCI,3.0,4.0,3.0,2.0,4.0,1.5,-1.0,0.0,-1.5,92000,82200,-0.1065217391304347,"14,15년"
228,제조업,S-Oil,5.0,4.0,5.0,4.0,5.0,4.0,-1.0,1.0,-1.0,40650,68300,0.6801968019680197,"14,15년"
229,제조업,SH에너지화학,1.0,1.5,1.5,2.0,1.5,1.5,1.0,0.0,0.0,1085,1595,0.4700460829493088,"14,15년"
230,제조업,SIMPAC,2.0,1.5,1.5,2.0,1.5,1.5,0.0,0.0,0.0,5900,6440,0.0915254237288135,"14,15년"
231,제조업,SKC,3.0,4.0,4.0,3.0,4.0,4.0,0.0,0.0,0.0,27500,38450,0.3981818181818182,"14,15년"
232,제조업,SK이노베이션,2.0,4.0,4.0,3.0,4.0,4.0,1.0,0.0,0.0,87500,118500,0.3542857142857142,"14,15년"
233,제조업,SK하이닉스,2.0,4.0,3.0,3.0,3.0,3.0,1.0,-1.0,0.0,47450,30700,-0.3530031612223393,"14,15년"
234,제조업,WISCOM,2.0,1.5,1.5,2.0,1.5,1.5,0.0,0.0,0.0,5840,5260,-0.0993150684931506,"14,15년"
235,제조업,가온전선,2.0,3.0,1.5,3.0,1.5,1.5,1.0,-1.5,0.0,26300,20950,-0.2034220532319391,"14,15년"
236,제조업,경농,1.0,1.5,1.5,1.0,1.5,1.5,0.0,0.0,0.0,4895,5170,0.0561797752808988,"14,15년"
237,제조업,경동나비엔,1.0,1.5,1.5,1.0,1.5,1.5,0.0,0.0,0.0,29050,37800,0.3012048192771084,"14,15년"
238,제조업,경인양행,2.0,1.5,1.5,2.0,1.5,1.5,0.0,0.0,0.0,5100,3980,-0.2196078431372549,"14,15년"
239,제조업,경인전자,2.0,1.5,1.5,2.0,1.5,1.5,0.0,0.0,0.0,20250,19600,-0.0320987654320987,"14,15년"
240,제조업,계양전기,2.0,1.5,1.5,2.0,1.5,1.5,0.0,0.0,0.0,3960,4855,0.226010101010101,"14,15년"
241,제조업,고려산업,2.0,1.5,1.5,2.0,1.5,1.5,0.0,0.0,0.0,2380,2140,-0.1008403361344537,"14,15년"
242,제조업,고려아연,3.0,1.5,3.0,2.0,3.0,3.0,-1.0,1.5,0.0,402500,474000,0.177639751552795,"14,15년"
243,제조업,고려제강,2.0,1.5,1.5,2.0,1.5,3.0,0.0,0.0,1.5,52100,41250,-0.2082533589251439,"14,15년"
244,제조업,광명전기,1.0,1.5,1.5,2.0,1.5,1.5,1.0,0.0,0.0,2395,2495,0.0417536534446764,"14,15년"
245,제조업,광전자,2.0,1.5,1.5,2.0,1.5,1.5,0.0,0.0,0.0,1605,2430,0.514018691588785,"14,15년"
246,제조업,국도화학,1.0,1.5,3.0,1.0,1.5,3.0,0.0,0.0,0.0,41450,61400,0.4813027744270205,"14,15년"
247,제조업,극동유화,1.0,1.5,1.5,2.0,1.5,1.5,1.0,0.0,0.0,23850,31000,0.29979035639413,"14,15년"
248,제조업,금강공업,2.0,1.5,1.5,1.0,1.5,1.5,-1.0,0.0,0.0,60200,62500,0.0382059800664451,"14,15년"
249,제조업,금비,1.0,1.5,1.5,1.0,1.5,1.5,0.0,0.0,0.0,34000,70500,1.0735294117647058,"14,15년"
250,제조업,금양,2.0,1.5,1.5,1.0,1.5,1.5,-1.0,0.0,0.0,1485,1875,0.2626262626262626,"14,15년"
251,제조업,금호전기,2.0,1.5,1.5,1.0,1.5,1.5,-1.0,0.0,0.0,17050,17550,0.0293255131964809,"14,15년"
252,제조업,금호타이어,3.0,3.0,4.0,1.0,3.0,3.0,-2.0,0.0,-1.0,10700,6900,-0.3551401869158878,"14,15년"
253,제조업,기신정기,3.0,1.5,1.5,2.0,1.5,1.5,-1.0,0.0,0.0,7430,7530,0.0134589502018842,"14,15년"
254,제조업,깨끗한나라,2.0,1.5,3.0,2.0,1.5,3.0,0.0,0.0,0.0,5030,6600,0.3121272365805169,"14,15년"
255,제조업,남선알미늄,1.0,1.5,1.5,1.0,3.0,1.5,0.0,1.5,0.0,1150,1195,0.0391304347826087,"14,15년"
256,제조업,남양유업,1.0,1.5,1.5,1.0,1.5,1.5,0.0,0.0,0.0,686000,841000,0.2259475218658892,"14,15년"
257,제조업,남해화학,2.0,1.5,3.0,1.0,1.5,3.0,-1.0,0.0,0.0,8440,10050,0.1907582938388625,"14,15년"
258,제조업,넥센,2.0,1.5,1.5,2.0,1.5,1.5,0.0,0.0,0.0,87000,84600,-0.0275862068965517,"14,15년"
259,제조업,넥센타이어,2.0,1.5,3.0,1.0,1.5,3.0,-1.0,0.0,0.0,13100,13200,0.0076335877862595,"14,15년"
260,제조업,노루페인트,2.0,1.5,3.0,2.0,1.5,1.5,0.0,0.0,-1.5,7060,10900,0.5439093484419264,"14,15년"
261,제조업,농심,2.0,1.5,3.0,1.0,1.5,3.0,-1.0,0.0,0.0,267000,369000,0.3820224719101123,"14,15년"
262,제조업,대덕전자,2.0,3.0,3.0,2.0,1.5,1.5,0.0,-1.5,-1.5,9050,7350,-0.1878453038674033,"14,15년"
263,제조업,대동전자,1.0,1.5,1.5,1.0,1.5,1.5,0.0,0.0,0.0,4465,5190,0.1623740201567749,"14,15년"
264,제조업,대림통상,2.0,1.5,1.5,1.0,1.5,1.5,-1.0,0.0,0.0,4300,6820,0.586046511627907,"14,15년"
265,제조업,대상,1.0,1.5,1.5,1.0,1.5,1.5,0.0,0.0,0.0,41550,31100,-0.2515042117930204,"14,15년"
266,제조업,대양금속,1.0,1.5,1.5,1.0,1.5,1.5,0.0,0.0,0.0,610,601,-0.0147540983606557,"14,15년"
267,제조업,대영포장,1.0,1.5,1.5,1.0,1.5,1.5,0.0,0.0,0.0,890,1135,0.2752808988764045,"14,15년"
268,제조업,대우부품,1.0,1.5,1.5,1.0,1.5,1.5,0.0,0.0,0.0,830,1200,0.4457831325301205,"14,15년"
269,제조업,대우조선해양,3.0,1.5,3.0,2.0,1.5,4.0,-1.0,0.0,1.0,18300,6940,-0.6207650273224044,"14,15년"
270,제조업,대원강업,2.0,1.5,3.0,1.0,1.5,3.0,-1.0,0.0,0.0,6420,4955,-0.2281931464174454,"14,15년"
271,제조업,대원전선,1.0,1.5,1.5,1.0,1.5,1.5,0.0,0.0,0.0,904,1990,1.2013274336283186,"14,15년"
272,제조업,대원화성,2.0,1.5,3.0,2.0,1.5,3.0,0.0,0.0,0.0,2270,3530,0.5550660792951542,"14,15년"
273,제조업,대유에이텍,1.0,1.5,1.5,1.0,1.5,1.5,0.0,0.0,0.0,1885,2580,0.3687002652519894,"14,15년"
274,제조업,대창,1.0,1.5,3.0,1.0,1.5,3.0,0.0,0.0,0.0,801,947,0.1822721598002497,"14,15년"
275,제조업,대창단조,2.0,1.5,1.5,2.0,1.5,3.0,0.0,0.0,1.5,46450,49800,0.0721205597416577,"14,15년"
276,제조업,대한방직,2.0,1.5,1.5,2.0,1.5,1.5,0.0,0.0,0.0,26250,68200,1.598095238095238,"14,15년"
277,제조업,대한유화,1.0,1.5,3.0,1.0,1.5,3.0,0.0,0.0,0.0,78200,177000,1.2634271099744243,"14,15년"
278,제조업,대한전선,1.0,1.5,3.0,,1.5,3.0,,0.0,0.0,1960,6000,2.061224489795918,"14,15년"
279,제조업,대한제강,2.0,1.5,3.0,2.0,1.5,3.0,0.0,0.0,0.0,6210,9650,0.5539452495974235,"14,15년"
280,제조업,대한제당,2.0,1.5,1.5,3.0,1.5,1.5,1.0,0.0,0.0,32150,22500,-0.3001555209953344,"14,15년"
281,제조업,대한제분,1.0,1.5,1.5,1.0,1.5,3.0,0.0,0.0,1.5,198000,194500,-0.0176767676767676,"14,15년"
282,제조업,대한화섬,2.0,1.5,1.5,2.0,1.5,3.0,0.0,0.0,1.5,84300,111000,0.3167259786476868,"14,15년"
283,제조업,대현,3.0,1.5,1.5,2.0,1.5,1.5,-1.0,0.0,0.0,3060,3685,0.2042483660130719,"14,15년"
284,제조업,대호에이엘,1.0,1.5,3.0,1.0,1.5,3.0,0.0,0.0,0.0,1210,1470,0.2148760330578512,"14,15년"
286,제조업,덕양산업,1.0,1.5,1.5,2.0,1.5,1.5,1.0,0.0,0.0,3770,2020,-0.4641909814323607,"14,15년"
287,제조업,동국제강,3.0,1.5,3.0,1.0,1.5,3.0,-2.0,0.0,0.0,6360,6840,0.0754716981132075,"14,15년"
288,제조업,동남합성,1.0,1.5,1.5,1.0,1.5,1.5,0.0,0.0,0.0,34500,40650,0.1782608695652174,"14,15년"
289,제조업,동방아그로,2.0,1.5,1.5,2.0,1.5,1.5,0.0,0.0,0.0,6410,6560,0.0234009360374415,"14,15년"
290,제조업,동양철관,1.0,1.5,1.5,1.0,1.5,1.5,0.0,0.0,0.0,1200,1365,0.1375,"14,15년"
291,제조업,동원F&B,1.0,1.5,1.5,1.0,1.5,1.5,0.0,0.0,0.0,350500,376500,0.0741797432239657,"14,15년"
292,제조업,동원금속,1.0,1.5,1.5,2.0,1.5,1.5,1.0,0.0,0.0,1870,2110,0.1283422459893048,"14,15년"
293,제조업,동원시스템즈,1.0,1.5,1.5,1.0,1.5,1.5,0.0,0.0,0.0,27800,79500,1.8597122302158275,"14,15년"
294,제조업,동일고무벨트,1.0,1.5,1.5,1.0,1.5,1.5,0.0,0.0,0.0,9740,14500,0.4887063655030801,"14,15년"
295,제조업,동일산업,2.0,1.5,3.0,2.0,1.5,3.0,0.0,0.0,0.0,63200,57400,-0.0917721518987341,"14,15년"
296,제조업,디씨엠,2.0,1.5,1.5,1.0,1.5,1.5,-1.0,0.0,0.0,15650,11200,-0.2843450479233226,"14,15년"
297,제조업,디아이,1.0,1.5,1.5,2.0,1.5,1.5,1.0,0.0,0.0,7680,8910,0.16015625,"14,15년"
298,제조업,디아이씨,2.0,1.5,1.5,2.0,1.5,1.5,0.0,0.0,0.0,6540,8730,0.3348623853211009,"14,15년"
299,제조업,락앤락,3.0,1.5,1.5,3.0,1.5,1.5,0.0,0.0,0.0,11400,12250,0.0745614035087719,"14,15년"
300,제조업,롯데케미칼,3.0,4.0,5.0,2.0,5.0,5.0,-1.0,1.0,0.0,145000,240500,0.6586206896551724,"14,15년"
301,제조업,마니커,1.0,1.5,1.5,1.0,1.5,1.5,0.0,0.0,0.0,576,757,0.3142361111111111,"14,15년"
302,제조업,만호제강,2.0,1.5,1.5,2.0,1.5,1.5,0.0,0.0,0.0,19350,18550,-0.041343669250646,"14,15년"
303,제조업,모나리자,1.0,1.5,1.5,1.0,1.5,1.5,0.0,0.0,0.0,3170,5220,0.6466876971608833,"14,15년"
304,제조업,모토닉,2.0,1.5,1.5,2.0,1.5,1.5,0.0,0.0,0.0,13000,12550,-0.0346153846153846,"14,15년"
305,제조업,무림P&P,1.0,1.5,3.0,1.0,1.5,3.0,0.0,0.0,0.0,4930,5380,0.0912778904665314,"14,15년"
306,제조업,무림페이퍼,1.0,1.5,3.0,2.0,1.5,3.0,1.0,0.0,0.0,2340,3545,0.5149572649572649,"14,15년"
307,제조업,무학,3.0,1.5,1.5,1.0,1.5,1.5,-2.0,0.0,0.0,33800,48000,0.4201183431952662,"14,15년"
308,제조업,문배철강,1.0,1.5,1.5,2.0,1.5,1.5,1.0,0.0,0.0,1995,2920,0.4636591478696741,"14,15년"
310,제조업,미원상사,1.0,1.5,1.5,1.0,1.5,1.5,0.0,0.0,0.0,166500,186000,0.1171171171171171,"14,15년"
311,제조업,미원화학,1.0,1.5,1.5,1.0,1.5,1.5,0.0,0.0,0.0,36250,47400,0.3075862068965517,"14,15년"
312,제조업,방림,2.0,1.5,1.5,1.0,1.5,1.5,-1.0,0.0,0.0,22700,27850,0.2268722466960352,"14,15년"
313,제조업,백광산업,2.0,1.5,3.0,2.0,1.5,3.0,0.0,0.0,0.0,2925,2575,-0.1196581196581196,"14,15년"
314,제조업,백산,1.0,1.5,1.5,2.0,1.5,1.5,1.0,0.0,0.0,4550,4515,-0.0076923076923076,"14,15년"
315,제조업,벽산,2.0,1.5,1.5,,1.5,1.5,,0.0,0.0,6340,9440,0.4889589905362776,"14,15년"
316,제조업,보락,2.0,1.5,1.5,2.0,1.5,1.5,0.0,0.0,0.0,3100,4400,0.4193548387096774,"14,15년"
317,제조업,보해양조,1.0,1.5,1.5,1.0,1.5,1.5,0.0,0.0,0.0,1390,1815,0.3057553956834532,"14,15년"
318,제조업,부국철강,1.0,1.5,1.5,1.0,1.5,1.5,0.0,0.0,0.0,2290,2950,0.2882096069868995,"14,15년"
319,제조업,부산산업,2.0,1.5,1.5,2.0,1.5,1.5,0.0,0.0,0.0,22550,32600,0.4456762749445676,"14,15년"
320,제조업,부산주공,2.0,1.5,3.0,3.0,1.5,3.0,1.0,0.0,0.0,2390,2045,-0.1443514644351464,"14,15년"
321,제조업,빙그레,2.0,3.0,1.5,2.0,1.5,1.5,0.0,-1.5,0.0,82700,68300,-0.1741233373639661,"14,15년"
322,제조업,사조대림,1.0,1.5,1.5,1.0,1.5,1.5,0.0,0.0,0.0,14000,18000,0.2857142857142857,"14,15년"
323,제조업,사조씨푸드,1.0,1.5,1.5,2.0,1.5,1.5,1.0,0.0,0.0,6230,7330,0.1765650080256821,"14,15년"
324,제조업,사조오양,1.0,1.5,1.5,1.0,1.5,1.5,0.0,0.0,0.0,8900,12350,0.3876404494382022,"14,15년"
325,제조업,삼성SDI,3.0,4.0,4.0,3.0,4.0,5.0,0.0,0.0,1.0,126000,106500,-0.1547619047619047,"14,15년"
326,제조업,삼성공조,2.0,1.5,1.5,3.0,1.5,1.5,1.0,0.0,0.0,11600,10450,-0.0991379310344827,"14,15년"
327,제조업,삼성전기,4.0,5.0,5.0,4.0,4.0,4.0,0.0,-1.0,-1.0,48700,65200,0.3388090349075975,"14,15년"
328,제조업,삼성전자,4.0,5.0,4.0,3.0,3.0,5.0,-1.0,-2.0,1.0,1244000,1372000,0.1028938906752411,"14,15년"
329,제조업,삼성중공업,2.0,4.0,4.0,3.0,3.0,3.0,1.0,-1.0,-1.0,26050,13300,-0.4894433781190019,"14,15년"
330,제조업,삼아알미늄,2.0,1.5,1.5,2.0,1.5,1.5,0.0,0.0,0.0,2820,3125,0.1081560283687943,"14,15년"
331,제조업,삼양사,2.0,3.0,3.0,1.0,3.0,3.0,-1.0,0.0,0.0,69400,103500,0.4913544668587896,"14,15년"
332,제조업,삼양식품,1.0,1.5,1.5,1.0,1.5,1.5,0.0,0.0,0.0,21950,22950,0.0455580865603644,"14,15년"
333,제조업,삼양통상,2.0,1.5,1.5,2.0,1.5,1.5,0.0,0.0,0.0,82200,50800,-0.3819951338199513,"14,15년"
334,제조업,삼원강재,1.0,1.5,3.0,1.0,1.5,3.0,0.0,0.0,0.0,4480,3630,-0.1897321428571428,"14,15년"
335,제조업,삼익THK,1.0,1.5,1.5,2.0,1.5,1.5,1.0,0.0,0.0,9030,8550,-0.0531561461794019,"14,15년"
336,제조업,삼익악기,1.0,1.5,1.5,1.0,1.5,1.5,0.0,0.0,0.0,4075,4060,-0.003680981595092,"14,15년"
337,제조업,삼정펄프,2.0,1.5,1.5,2.0,1.5,1.5,0.0,0.0,0.0,42150,37300,-0.1150652431791221,"14,15년"
338,제조업,삼화왕관,1.0,1.5,1.5,1.0,1.5,1.5,0.0,0.0,0.0,36600,43500,0.1885245901639344,"14,15년"
339,제조업,삼화전기,2.0,1.5,3.0,2.0,1.5,1.5,0.0,0.0,-1.5,4245,4715,0.110718492343934,"14,15년"
340,제조업,상신브레이크,2.0,1.5,1.5,2.0,1.5,1.5,0.0,0.0,0.0,6840,7080,0.0350877192982456,"14,15년"
341,제조업,새론오토모티브,1.0,3.0,3.0,1.0,1.5,3.0,0.0,-1.5,0.0,10850,8770,-0.1917050691244239,"14,15년"
342,제조업,서원,2.0,1.5,1.5,2.0,1.5,1.5,0.0,0.0,0.0,1495,1275,-0.1471571906354515,"14,15년"
343,제조업,서흥,2.0,1.5,1.5,2.0,1.5,1.5,0.0,0.0,0.0,59400,49900,-0.1599326599326599,"14,15년"
344,제조업,선도전기,2.0,1.5,1.5,2.0,1.5,1.5,0.0,0.0,0.0,2470,2435,-0.0141700404858299,"14,15년"
345,제조업,선진,1.0,1.5,1.5,2.0,1.5,1.5,1.0,0.0,0.0,38000,27900,-0.2657894736842105,"14,15년"
346,제조업,성문전자,1.0,1.5,1.5,2.0,1.5,1.5,1.0,0.0,0.0,1185,1915,0.6160337552742616,"14,15년"
347,제조업,성보화학,2.0,1.5,1.5,1.0,1.5,1.5,-1.0,0.0,0.0,44200,59800,0.3529411764705882,"14,15년"
348,제조업,성신양회,3.0,1.5,3.0,2.0,1.5,3.0,-1.0,0.0,0.0,8210,11400,0.3885505481120584,"14,15년"
349,제조업,성안,1.0,1.5,1.5,1.0,1.5,1.5,0.0,0.0,0.0,772,1095,0.4183937823834197,"14,15년"
350,제조업,세방전지,2.0,1.5,3.0,1.0,3.0,3.0,-1.0,1.5,0.0,37150,40800,0.098250336473755,"14,15년"
351,제조업,세아제강,2.0,1.5,3.0,1.0,1.5,3.0,-1.0,0.0,0.0,82800,63900,-0.2282608695652173,"14,15년"
352,제조업,세아특수강,2.0,1.5,3.0,2.0,1.5,3.0,0.0,0.0,0.0,24400,17750,-0.2725409836065574,"14,15년"
353,제조업,세아홀딩스,2.0,1.5,1.5,1.0,1.5,1.5,-1.0,0.0,0.0,179500,175000,-0.0250696378830083,"14,15년"
354,제조업,세원정공,2.0,1.5,1.5,2.0,1.5,1.5,0.0,0.0,0.0,31400,24350,-0.2245222929936305,"14,15년"
355,제조업,세종공업,2.0,1.5,1.5,2.0,1.5,1.5,0.0,0.0,0.0,15000,11050,-0.2633333333333333,"14,15년"
357,제조업,송원산업,2.0,1.5,3.0,1.0,1.5,3.0,-1.0,0.0,0.0,6210,11000,0.7713365539452496,"14,15년"
358,제조업,수산중공업,1.0,1.5,1.5,1.0,1.5,1.5,0.0,0.0,0.0,1400,2070,0.4785714285714286,"14,15년"
359,제조업,신대양제지,1.0,1.5,1.5,2.0,1.5,1.5,1.0,0.0,0.0,38600,27200,-0.2953367875647668,"14,15년"
360,제조업,신도리코,3.0,1.5,1.5,3.0,1.5,3.0,0.0,0.0,1.5,70700,60900,-0.1386138613861386,"14,15년"
361,제조업,신성이엔지,1.0,1.5,1.5,,1.5,1.5,,0.0,0.0,1420,1580,0.1126760563380281,"14,15년"
362,제조업,신영와코루,1.0,1.5,1.5,1.0,1.5,1.5,0.0,0.0,0.0,124000,163000,0.314516129032258,"14,15년"
363,제조업,신원,2.0,1.5,1.5,1.0,1.5,1.5,-1.0,0.0,0.0,2850,1890,-0.3368421052631579,"14,15년"
364,제조업,쌍방울,1.0,1.5,1.5,,1.5,1.5,,0.0,0.0,1080,3265,2.0231481481481484,"14,15년"
365,제조업,써니전자,2.0,1.5,1.5,1.0,1.5,1.5,-1.0,0.0,0.0,2195,2250,0.0250569476082004,"14,15년"
366,제조업,아남전자,1.0,1.5,1.5,1.0,1.5,1.5,0.0,0.0,0.0,767,1410,0.8383311603650587,"14,15년"
367,제조업,아모레퍼시픽,3.0,4.0,3.0,2.0,4.0,3.0,-1.0,0.0,0.0,2300000,377500,-0.8358695652173913,"14,15년"
368,제조업,아세아제지,1.0,1.5,1.5,1.0,1.5,1.5,0.0,0.0,0.0,29550,19500,-0.3401015228426396,"14,15년"
369,제조업,아이에스동서,2.0,1.5,1.5,1.0,1.5,1.5,-1.0,0.0,0.0,45750,42700,-0.0666666666666666,"14,15년"
370,제조업,에넥스,2.0,1.5,1.5,2.0,1.5,1.5,0.0,0.0,0.0,1820,4850,1.664835164835165,"14,15년"
371,제조업,에스엘,2.0,1.5,1.5,2.0,3.0,1.5,0.0,1.5,0.0,19700,17000,-0.1370558375634517,"14,15년"
372,제조업,에이블씨엔씨,2.0,1.5,1.5,2.0,1.5,1.5,0.0,0.0,0.0,22900,24700,0.0786026200873362,"14,15년"
373,제조업,에이엔피,1.0,1.5,1.5,1.0,1.5,1.5,0.0,0.0,0.0,1055,1260,0.1943127962085308,"14,15년"
374,제조업,엔케이,2.0,1.5,1.5,2.0,1.5,1.5,0.0,0.0,0.0,4685,5810,0.240128068303095,"14,15년"
375,제조업,영보화학,1.0,1.5,1.5,1.0,1.5,1.5,0.0,0.0,0.0,4185,4520,0.080047789725209,"14,15년"
376,제조업,영풍,1.0,1.5,3.0,1.0,1.5,3.0,0.0,0.0,0.0,1191000,1252000,0.051217464315701,"14,15년"
377,제조업,영풍제지,1.0,1.5,1.5,2.0,1.5,1.5,1.0,0.0,0.0,20400,2835,-0.8610294117647059,"14,15년"
378,제조업,영화금속,1.0,1.5,1.5,2.0,1.5,1.5,1.0,0.0,0.0,1055,1490,0.4123222748815165,"14,15년"
379,제조업,오뚜기,1.0,1.5,3.0,1.0,1.5,1.5,0.0,0.0,-1.5,567000,1049000,0.8500881834215167,"14,15년"
380,제조업,우신시스템,1.0,1.5,1.5,1.0,1.5,1.5,0.0,0.0,0.0,2935,3900,0.3287904599659284,"14,15년"
381,제조업,우진,2.0,1.5,1.5,3.0,1.5,1.5,1.0,0.0,0.0,8990,7100,-0.2102335928809788,"14,15년"
382,제조업,우진플라임,2.0,1.5,1.5,1.0,1.5,1.5,-1.0,0.0,0.0,4445,3720,-0.1631046119235095,"14,15년"
383,제조업,원림,1.0,1.5,1.5,1.0,1.5,1.5,0.0,0.0,0.0,19100,25650,0.3429319371727748,"14,15년"
384,제조업,유니드,2.0,1.5,1.5,1.0,1.5,3.0,-1.0,0.0,1.5,59500,51100,-0.1411764705882353,"14,15년"
385,제조업,유니온,2.0,1.5,1.5,2.0,1.5,1.5,0.0,0.0,0.0,3780,4195,0.1097883597883597,"14,15년"
386,제조업,유성기업,1.0,1.5,1.5,2.0,1.5,1.5,1.0,0.0,0.0,6610,4190,-0.3661119515885023,"14,15년"
387,제조업,율촌화학,2.0,1.5,1.5,1.0,1.5,1.5,-1.0,0.0,0.0,13550,12350,-0.088560885608856,"14,15년"
388,제조업,이건산업,2.0,1.5,1.5,2.0,1.5,1.5,0.0,0.0,0.0,16350,17000,0.0397553516819571,"14,15년"
389,제조업,이구산업,2.0,1.5,3.0,3.0,1.5,3.0,1.0,0.0,0.0,1150,1265,0.1,"14,15년"
390,제조업,이수페타시스,1.0,1.5,3.0,1.0,1.5,3.0,0.0,0.0,0.0,4300,5050,0.1744186046511628,"14,15년"
391,제조업,이수화학,1.0,1.5,3.0,1.0,3.0,1.5,0.0,1.5,-1.5,10300,10300,0.0,"14,15년"
392,제조업,이월드,1.0,1.5,1.5,1.0,1.5,1.5,0.0,0.0,0.0,2175,2880,0.3241379310344827,"14,15년"
393,제조업,인디에프,2.0,1.5,1.5,1.0,1.5,1.5,-1.0,0.0,0.0,1280,2670,1.0859375,"14,15년"
394,제조업,인지컨트롤스,1.0,1.5,1.5,1.0,1.5,1.5,0.0,0.0,0.0,5060,5120,0.0118577075098814,"14,15년"
395,제조업,인팩,1.0,1.5,1.5,2.0,1.5,1.5,1.0,0.0,0.0,7690,6240,-0.188556566970091,"14,15년"
396,제조업,일신방직,3.0,1.5,1.5,3.0,1.5,1.5,0.0,0.0,0.0,195000,158000,-0.1897435897435897,"14,15년"
397,제조업,일정실업,2.0,1.5,1.5,1.0,1.5,1.5,-1.0,0.0,0.0,24750,27000,0.0909090909090909,"14,15년"
398,제조업,일진다이아,1.0,1.5,1.5,1.0,1.5,1.5,0.0,0.0,0.0,5810,10250,0.7641996557659209,"14,15년"
399,제조업,일진디스플,1.0,1.5,1.5,2.0,1.5,1.5,1.0,0.0,0.0,7150,6860,-0.0405594405594405,"14,15년"
400,제조업,일진전기,1.0,1.5,1.5,2.0,1.5,1.5,1.0,0.0,0.0,7970,5700,-0.2848180677540778,"14,15년"
401,제조업,자화전자,2.0,1.5,3.0,2.0,1.5,1.5,0.0,0.0,-1.5,11200,11250,0.0044642857142857,"14,15년"
402,제조업,전방,2.0,1.5,1.5,1.0,1.5,1.5,-1.0,0.0,0.0,37550,51500,0.3715046604527297,"14,15년"
403,제조업,제일연마,2.0,1.5,1.5,1.0,1.5,1.5,-1.0,0.0,0.0,7980,7650,-0.0413533834586466,"14,15년"
404,제조업,조광페인트,1.0,1.5,1.5,,1.5,1.5,,0.0,0.0,8600,15450,0.7965116279069767,"14,15년"
405,제조업,조광피혁,2.0,1.5,1.5,2.0,1.5,1.5,0.0,0.0,0.0,136500,49850,-0.6347985347985348,"14,15년"
406,제조업,조비,1.0,1.5,1.5,1.0,1.5,1.5,0.0,0.0,0.0,11200,12300,0.0982142857142857,"14,15년"
407,제조업,조선내화,2.0,1.5,1.5,1.0,1.5,1.5,-1.0,0.0,0.0,133000,94500,-0.2894736842105263,"14,15년"
408,제조업,조선선재,1.0,1.5,1.5,1.0,1.5,1.5,0.0,0.0,0.0,65000,68900,0.06,"14,15년"
409,제조업,조일알미늄,2.0,1.5,1.5,2.0,1.5,3.0,0.0,0.0,1.5,1085,1540,0.4193548387096774,"14,15년"
410,제조업,조흥,2.0,1.5,1.5,2.0,1.5,1.5,0.0,0.0,0.0,103500,154000,0.4879227053140096,"14,15년"
411,제조업,주연테크,1.0,1.5,1.5,1.0,1.5,1.5,0.0,0.0,0.0,563,1000,0.7761989342806395,"14,15년"
412,제조업,지엠비코리아,3.0,1.5,1.5,3.0,1.5,1.5,0.0,0.0,0.0,6400,5630,-0.1203125,"14,15년"
413,제조업,진양산업,1.0,1.5,1.5,2.0,1.5,1.5,1.0,0.0,0.0,2975,3090,0.0386554621848739,"14,15년"
414,제조업,진양홀딩스,2.0,1.5,1.5,2.0,1.5,1.5,0.0,0.0,0.0,4810,4095,-0.1486486486486486,"14,15년"
415,제조업,진양화학,2.0,1.5,1.5,2.0,1.5,1.5,0.0,0.0,0.0,4295,3600,-0.1618160651920838,"14,15년"
416,제조업,참엔지니어링,2.0,1.5,1.5,1.0,1.5,1.5,-1.0,0.0,0.0,1360,1430,0.0514705882352941,"14,15년"
417,제조업,체시스,1.0,1.5,1.5,2.0,1.5,1.5,1.0,0.0,0.0,896,1900,1.1205357142857142,"14,15년"
418,제조업,카프로,1.0,1.5,3.0,1.0,1.5,3.0,0.0,0.0,0.0,2815,2815,0.0,"14,15년"
419,제조업,코리아써키트,2.0,1.5,3.0,2.0,1.5,3.0,0.0,0.0,0.0,7920,11050,0.3952020202020202,"14,15년"
420,제조업,코스모신소재,2.0,3.0,3.0,1.0,3.0,3.0,-1.0,0.0,0.0,3285,2965,-0.0974124809741248,"14,15년"
421,제조업,코스모화학,2.0,1.5,3.0,1.0,1.5,3.0,-1.0,0.0,0.0,5090,5530,0.0864440078585461,"14,15년"
422,제조업,코아스,2.0,1.5,1.5,2.0,1.5,1.5,0.0,0.0,0.0,1695,2440,0.43952802359882,"14,15년"
423,제조업,코오롱인더,3.0,1.5,3.0,2.0,3.0,3.0,-1.0,1.5,0.0,54500,62100,0.1394495412844036,"14,15년"
424,제조업,코오롱플라스틱,3.0,3.0,3.0,3.0,3.0,3.0,0.0,0.0,0.0,5780,7750,0.3408304498269896,"14,15년"
425,제조업,태경산업,1.0,1.5,1.5,2.0,1.5,1.5,1.0,0.0,0.0,5780,6130,0.060553633217993,"14,15년"
426,제조업,태광산업,1.0,1.5,1.5,1.0,1.5,1.5,0.0,0.0,0.0,1250000,1110000,-0.112,"14,15년"
427,제조업,태림포장,1.0,1.5,1.5,1.0,1.5,1.5,0.0,0.0,0.0,2445,3200,0.3087934560327198,"14,15년"
428,제조업,태원물산,1.0,1.5,1.5,1.0,1.5,1.5,0.0,0.0,0.0,2340,3190,0.3632478632478632,"14,15년"
429,제조업,태평양물산,2.0,1.5,1.5,2.0,1.5,1.5,0.0,0.0,0.0,6480,4265,-0.341820987654321,"14,15년"
430,제조업,티에이치엔,1.0,1.5,1.5,1.0,1.5,1.5,0.0,0.0,0.0,1500,1605,0.07,"14,15년"
431,제조업,티웨이홀딩스,1.0,1.5,1.5,,1.5,1.5,,0.0,0.0,4885,9120,0.8669396110542477,"14,15년"
432,제조업,팜스코,1.0,1.5,1.5,2.0,1.5,1.5,1.0,0.0,0.0,16750,15450,-0.0776119402985074,"14,15년"
433,제조업,퍼스텍,2.0,1.5,1.5,2.0,1.5,1.5,0.0,0.0,0.0,2005,5860,1.9226932668329173,"14,15년"
434,제조업,퍼시스,2.0,1.5,3.0,2.0,1.5,1.5,0.0,0.0,-1.5,32150,34700,0.0793157076205287,"14,15년"
435,제조업,페이퍼코리아,1.0,1.5,1.5,1.0,1.5,1.5,0.0,0.0,0.0,759,1005,0.3241106719367589,"14,15년"
436,제조업,평화산업,2.0,1.5,1.5,3.0,1.5,1.5,1.0,0.0,0.0,1240,1600,0.2903225806451613,"14,15년"
437,제조업,평화홀딩스,2.0,1.5,1.5,2.0,1.5,1.5,0.0,0.0,0.0,2960,3430,0.1587837837837837,"14,15년"
438,제조업,풀무원,4.0,4.0,1.5,3.0,3.0,3.0,-1.0,-1.0,1.5,144000,185500,0.2881944444444444,"14,15년"
439,제조업,풍산,3.0,1.5,3.0,3.0,1.5,3.0,0.0,0.0,0.0,26450,25750,-0.0264650283553875,"14,15년"
440,제조업,하이스틸,2.0,1.5,1.5,2.0,1.5,1.5,0.0,0.0,0.0,16550,22000,0.3293051359516616,"14,15년"
441,제조업,하이트진로,3.0,1.5,3.0,2.0,1.5,3.0,-1.0,0.0,0.0,26450,22900,-0.1342155009451796,"14,15년"
442,제조업,한국내화,1.0,1.5,1.5,2.0,1.5,1.5,1.0,0.0,0.0,3175,3200,0.0078740157480314,"14,15년"
443,제조업,한국쉘석유,3.0,3.0,3.0,3.0,3.0,1.5,0.0,0.0,-1.5,489000,507000,0.0368098159509202,"14,15년"
444,제조업,한국주강,1.0,1.5,1.5,1.0,1.5,1.5,0.0,0.0,0.0,2975,3005,0.0100840336134453,"14,15년"
445,제조업,한국철강,3.0,1.5,3.0,2.0,1.5,3.0,-1.0,0.0,0.0,33150,48350,0.4585218702865761,"14,15년"
446,제조업,한국카본,2.0,1.5,1.5,1.0,1.5,1.5,-1.0,0.0,0.0,6140,5950,-0.0309446254071661,"14,15년"
447,제조업,한국콜마,1.0,1.5,1.5,1.0,1.5,1.5,0.0,0.0,0.0,52000,89800,0.7269230769230769,"14,15년"
448,제조업,한국항공우주,3.0,1.5,3.0,2.0,1.5,3.0,-1.0,0.0,0.0,41300,90000,1.179176755447942,"14,15년"
450,제조업,한농화성,2.0,1.5,1.5,2.0,1.5,1.5,0.0,0.0,0.0,3760,3910,0.0398936170212766,"14,15년"
451,제조업,한미반도체,2.0,1.5,1.5,1.0,1.5,1.5,-1.0,0.0,0.0,15900,10800,-0.320754716981132,"14,15년"
452,제조업,한섬,2.0,1.5,1.5,2.0,1.5,1.5,0.0,0.0,0.0,32100,38850,0.2102803738317757,"14,15년"
453,제조업,한성기업,1.0,1.5,1.5,1.0,1.5,1.5,0.0,0.0,0.0,6850,7450,0.0875912408759124,"14,15년"
454,제조업,한세실업,3.0,1.5,1.5,3.0,1.5,1.5,0.0,0.0,0.0,36600,56200,0.5355191256830601,"14,15년"
455,제조업,한세예스24홀딩스,2.0,1.5,1.5,2.0,1.5,1.5,0.0,0.0,0.0,14400,21300,0.4791666666666667,"14,15년"
456,제조업,한솔케미칼,3.0,1.5,3.0,3.0,1.5,3.0,0.0,0.0,0.0,34300,67000,0.9533527696793004,"14,15년"
457,제조업,한솔테크닉스,2.0,1.5,1.5,1.0,1.5,1.5,-1.0,0.0,0.0,11750,25100,1.1361702127659574,"14,15년"
458,제조업,한솔홈데코,1.0,1.5,3.0,1.0,3.0,3.0,0.0,1.5,0.0,2005,1540,-0.2319201995012468,"14,15년"
459,제조업,한일시멘트,2.0,1.5,3.0,2.0,3.0,3.0,0.0,1.5,0.0,137500,117500,-0.1454545454545454,"14,15년"
460,제조업,한일철강,1.0,1.5,1.5,1.0,1.5,1.5,0.0,0.0,0.0,17500,20950,0.1971428571428571,"14,15년"
461,제조업,한창제지,2.0,1.5,1.5,1.0,1.5,1.5,-1.0,0.0,0.0,688,894,0.2994186046511627,"14,15년"
462,제조업,한화,3.0,4.0,3.0,3.0,3.0,4.0,0.0,-1.0,1.0,27400,37550,0.3704379562043796,"14,15년"
463,제조업,현대리바트,2.0,1.5,1.5,3.0,1.5,1.5,1.0,0.0,0.0,45250,50300,0.1116022099447513,"14,15년"
464,제조업,현대모비스,3.0,4.0,4.0,1.0,3.0,3.0,-2.0,-1.0,-1.0,250000,240000,-0.04,"14,15년"
465,제조업,현대미포조선,3.0,4.0,4.0,3.0,3.0,4.0,0.0,-1.0,0.0,75900,71800,-0.0540184453227931,"14,15년"
466,제조업,현대비앤지스틸,1.0,1.5,3.0,2.0,1.5,3.0,1.0,0.0,0.0,17350,10350,-0.4034582132564842,"14,15년"
467,제조업,현대위아,2.0,3.0,3.0,3.0,3.0,3.0,1.0,0.0,0.0,184500,133500,-0.2764227642276423,"14,15년"
468,제조업,현대제철,3.0,4.0,3.0,2.0,3.0,3.0,-1.0,-1.0,0.0,68100,52100,-0.2349486049926578,"14,15년"
469,제조업,화승알앤에이,1.0,1.5,3.0,1.0,1.5,3.0,0.0,0.0,0.0,31100,40950,0.3167202572347267,"14,15년"
470,제조업,화신,2.0,1.5,1.5,1.0,1.5,1.5,-1.0,0.0,0.0,8680,5880,-0.3225806451612903,"14,15년"
471,제조업,화천기계,2.0,1.5,1.5,1.0,1.5,1.5,-1.0,0.0,0.0,32750,30000,-0.0839694656488549,"14,15년"
472,제조업,화천기공,2.0,1.5,1.5,2.0,1.5,1.5,0.0,0.0,0.0,68800,62200,-0.0959302325581395,"14,15년"
473,제조업,황금에스티,2.0,1.5,1.5,2.0,1.5,1.5,0.0,0.0,0.0,5120,5920,0.15625,"14,15년"
474,제조업,후성,1.0,1.5,1.5,1.0,1.5,3.0,0.0,0.0,1.5,2495,4175,0.6733466933867736,"14,15년"
475,제조업,휴비스,1.0,1.5,1.5,1.0,1.5,1.5,0.0,0.0,0.0,12300,8490,-0.3097560975609756,"14,15년"
476,제조업,휴스틸,2.0,1.5,3.0,2.0,1.5,3.0,0.0,0.0,0.0,16650,17900,0.075075075075075,"14,15년"
