,종목명,2016_E,2016_S,2016_G,2017_E,2017_S,2017_G,Diff_E,Diff_S,Diff_G,업종명,2016_종가,2017_종가,등락률,연도
0,AJ네트웍스,1.0,1.5,1.5,2.0,1.5,1.5,1.0,0.0,0.0,서비스업,31250,7330,-0.76544,"16,17년"
1,AK홀딩스,2.0,1.5,1.5,2.0,1.5,1.5,0.0,0.0,0.0,기타금융,61600,67300,0.09253246753246754,"16,17년"
2,BNK금융지주,5.0,3.0,1.5,2.0,4.0,3.0,-3.0,1.0,1.5,기타금융,9290,9940,0.06996770721205597,"16,17년"
3,BYC,1.0,1.5,1.5,2.0,1.5,1.5,1.0,0.0,0.0,섬유의복,436500,320000,-0.26689576174112256,"16,17년"
4,CJ,3.0,4.0,3.0,4.0,4.0,1.5,1.0,0.0,-1.5,기타금융,174500,186500,0.06876790830945559,"16,17년"
5,CJ CGV,1.0,3.0,1.5,3.0,3.0,1.5,2.0,0.0,0.0,서비스업,67800,69600,0.02654867256637168,"16,17년"
6,CJ대한통운,3.0,4.0,4.0,3.0,3.0,4.0,0.0,-1.0,0.0,운수창고업,201000,157000,-0.21890547263681592,"16,17년"
7,CJ씨푸드,2.0,1.5,1.5,2.0,1.5,1.5,0.0,0.0,0.0,음식료품,3325,2905,-0.12631578947368421,"16,17년"
8,CJ제일제당,2.0,3.0,4.0,3.0,4.0,4.0,1.0,1.0,0.0,음식료품,349500,366000,0.04721030042918455,"16,17년"
9,CS홀딩스,1.0,1.5,1.5,2.0,1.5,1.5,1.0,0.0,0.0,기타금융,87000,81000,-0.06896551724137931,"16,17년"
10,DGB금융지주,5.0,5.0,4.0,4.0,4.0,4.0,-1.0,-1.0,0.0,기타금융,9600,10450,0.08854166666666667,"16,17년"
11,DRB동일,2.0,1.5,1.5,2.0,1.5,1.5,0.0,0.0,0.0,화학,12800,8480,-0.3375,"16,17년"
12,DSR,1.0,1.5,1.5,1.0,1.5,1.5,0.0,0.0,0.0,철강금속,6210,5520,-0.1111111111111111,"16,17년"
13,DSR제강,1.0,1.5,1.5,2.0,1.5,1.5,1.0,0.0,0.0,철강금속,8480,4875,-0.4251179245283019,"16,17년"
14,E1,3.0,3.0,1.5,3.0,3.0,1.5,0.0,0.0,0.0,유통업,60800,57500,-0.054276315789473686,"16,17년"
15,F&F,2.0,1.5,1.5,2.0,1.5,1.5,0.0,0.0,0.0,섬유의복,16100,39500,1.453416149068323,"16,17년"
16,GKL,2.0,3.0,1.5,3.0,1.5,1.5,1.0,-1.5,0.0,서비스업,21700,28000,0.2903225806451613,"16,17년"
17,GS,2.0,1.5,1.5,3.0,1.5,1.5,1.0,0.0,0.0,기타금융,51100,66200,0.29549902152641877,"16,17년"
18,GS건설,3.0,3.0,4.0,3.0,4.0,4.0,0.0,1.0,0.0,건설업,26800,26000,-0.029850746268656716,"16,17년"
19,GS글로벌,2.0,1.5,1.5,3.0,1.5,1.5,1.0,0.0,0.0,유통업,2675,3120,0.16635514018691588,"16,17년"
20,GS리테일,2.0,1.5,1.5,3.0,3.0,1.5,1.0,1.5,0.0,유통업,48800,33400,-0.3155737704918033,"16,17년"
21,JB금융지주,5.0,1.5,1.5,4.0,1.5,1.5,-1.0,0.0,0.0,기타금융,5940,5890,-0.008417508417508417,"16,17년"
22,JW중외제약,2.0,1.5,1.5,2.0,3.0,1.5,0.0,1.5,0.0,의약품,49200,41650,-0.15345528455284552,"16,17년"
23,JW홀딩스,1.0,3.0,1.5,3.0,1.5,1.5,2.0,-1.5,0.0,기타금융,9970,8050,-0.19257773319959878,"16,17년"
24,KB금융,5.0,5.0,4.0,4.0,4.0,4.0,-1.0,-1.0,0.0,기타금융,42300,58400,0.3806146572104019,"16,17년"
25,KC그린홀딩스,2.0,4.0,1.5,2.0,1.5,1.5,0.0,-2.5,0.0,기타금융,8650,5240,-0.3942196531791908,"16,17년"
26,KC코트렐,2.0,1.5,1.5,2.0,1.5,1.5,0.0,0.0,0.0,기계,5940,4410,-0.25757575757575757,"16,17년"
27,KEC,1.0,1.5,3.0,2.0,1.5,3.0,1.0,0.0,0.0,전기전자,963,1325,0.37590861889927313,"16,17년"
28,KG케미칼,1.0,1.5,1.5,,1.5,1.5,,0.0,0.0,화학,14000,16300,0.16428571428571428,"16,17년"
29,KISCO홀딩스,2.0,1.5,1.5,2.0,1.5,1.5,0.0,0.0,0.0,철강금속,61500,79900,0.2991869918699187,"16,17년"
30,KPX케미칼,2.0,1.5,1.5,1.0,1.5,1.5,-1.0,0.0,0.0,화학,63200,75300,0.19145569620253164,"16,17년"
31,KPX홀딩스,2.0,1.5,1.5,2.0,1.5,1.5,0.0,0.0,0.0,화학,63700,71700,0.12558869701726844,"16,17년"
32,KR모터스,2.0,1.5,1.5,2.0,1.5,1.5,0.0,0.0,0.0,운수장비,930,404,-0.5655913978494623,"16,17년"
33,KSS해운,2.0,4.0,1.5,3.0,1.5,3.0,1.0,-2.5,1.5,운수창고업,8060,9730,0.20719602977667495,"16,17년"
34,KTcs,3.0,3.0,1.5,3.0,3.0,1.5,0.0,0.0,0.0,서비스업,2460,2405,-0.022357723577235773,"16,17년"
35,LF,2.0,1.5,1.5,3.0,1.5,1.5,1.0,0.0,0.0,섬유의복,21700,25800,0.1889400921658986,"16,17년"
36,LG,4.0,3.0,1.5,3.0,3.0,1.5,-1.0,0.0,0.0,기타금융,61300,86000,0.4029363784665579,"16,17년"
37,LG디스플레이,3.0,4.0,3.0,3.0,4.0,4.0,0.0,0.0,1.0,전기전자,27300,29300,0.07326007326007326,"16,17년"
38,LG생활건강,3.0,5.0,4.0,3.0,5.0,4.0,0.0,0.0,0.0,화학,820000,1177000,0.4353658536585366,"16,17년"
39,LG유플러스,3.0,3.0,4.0,3.0,3.0,4.0,0.0,0.0,0.0,통신업,11800,12850,0.08898305084745763,"16,17년"
40,LG이노텍,4.0,5.0,4.0,3.0,5.0,4.0,-1.0,0.0,0.0,전기전자,78000,172000,1.205128205128205,"16,17년"
41,LG전자,2.0,5.0,4.0,2.0,4.0,4.0,0.0,-1.0,0.0,전기전자,47800,91000,0.9037656903765691,"16,17년"
42,LG화학,2.0,3.0,3.0,3.0,5.0,4.0,1.0,2.0,1.0,화학,246500,403500,0.6369168356997972,"16,17년"
43,LS,2.0,1.5,1.5,2.0,1.5,1.5,0.0,0.0,0.0,기타금융,54900,79000,0.43897996357012753,"16,17년"
44,LS네트웍스,1.0,1.5,1.5,2.0,1.5,1.5,1.0,0.0,0.0,유통업,3130,2935,-0.06230031948881789,"16,17년"
45,MH에탄올,2.0,1.5,1.5,1.0,1.5,1.5,-1.0,0.0,0.0,음식료품,7770,6350,-0.18275418275418276,"16,17년"
46,NAVER,2.0,3.0,3.0,3.0,4.0,3.0,1.0,1.0,0.0,서비스업,857000,894000,0.043173862310385065,"16,17년"
47,NH투자증권,5.0,3.0,1.5,4.0,1.5,1.5,-1.0,-1.5,0.0,증권,10100,14050,0.3910891089108911,"16,17년"
48,NICE,2.0,1.5,1.5,3.0,1.5,1.5,1.0,0.0,0.0,서비스업,16850,15900,-0.05637982195845697,"16,17년"
49,NI스틸,2.0,1.5,1.5,2.0,1.5,1.5,0.0,0.0,0.0,철강금속,3145,3485,0.10810810810810811,"16,17년"
50,OCI,3.0,4.0,3.0,3.0,5.0,4.0,0.0,1.0,1.0,화학,90500,113000,0.24861878453038674,"16,17년"
51,S-Oil,5.0,5.0,4.0,5.0,5.0,4.0,0.0,0.0,0.0,화학,78500,128500,0.6369426751592356,"16,17년"
52,SBS,2.0,1.5,1.5,2.0,1.5,1.5,0.0,0.0,0.0,서비스업,24250,25200,0.03917525773195876,"16,17년"
53,SG세계물산,1.0,1.5,1.5,1.0,1.5,1.5,0.0,0.0,0.0,유통업,1220,990,-0.1885245901639344,"16,17년"
54,SH에너지화학,2.0,1.5,1.5,2.0,1.5,1.5,0.0,0.0,0.0,화학,1550,1495,-0.035483870967741936,"16,17년"
55,SIMPAC,1.0,1.5,1.5,1.0,1.5,1.5,0.0,0.0,0.0,철강금속,4900,4350,-0.11224489795918367,"16,17년"
56,SK,4.0,5.0,4.0,5.0,5.0,4.0,1.0,0.0,0.0,기타금융,223500,289500,0.2953020134228188,"16,17년"
57,SKC,3.0,3.0,4.0,3.0,3.0,4.0,0.0,0.0,0.0,화학,27050,39750,0.46950092421441775,"16,17년"
58,SK가스,3.0,3.0,1.5,3.0,3.0,1.5,0.0,0.0,0.0,유통업,96100,93600,-0.026014568158168574,"16,17년"
59,SK네트웍스,4.0,3.0,1.5,3.0,3.0,1.5,-1.0,0.0,0.0,유통업,6520,6650,0.019938650306748466,"16,17년"
60,SK이노베이션,5.0,3.0,4.0,4.0,4.0,1.5,-1.0,1.0,-2.5,화학,151500,205000,0.35313531353135313,"16,17년"
61,SK증권,4.0,3.0,1.5,4.0,3.0,1.5,0.0,0.0,0.0,증권,1040,1245,0.1971153846153846,"16,17년"
62,SK텔레콤,4.0,3.0,4.0,4.0,3.0,4.0,0.0,0.0,0.0,통신업,223500,264000,0.18120805369127516,"16,17년"
63,SK하이닉스,4.0,3.0,3.0,4.0,4.0,4.0,0.0,1.0,1.0,전기전자,41000,82200,1.0048780487804878,"16,17년"
64,STX,1.0,3.0,1.5,2.0,3.0,1.5,1.0,0.0,0.0,유통업,3380,2385,-0.2943786982248521,"16,17년"
65,STX엔진,2.0,3.0,3.0,2.0,1.5,3.0,0.0,-1.5,0.0,기계,7100,9850,0.3873239436619718,"16,17년"
66,WISCOM,3.0,1.5,1.5,2.0,1.5,1.5,-1.0,0.0,0.0,화학,4435,4245,-0.04284103720405862,"16,17년"
67,YG PLUS,1.0,1.5,1.5,2.0,1.5,1.5,1.0,0.0,0.0,서비스업,2415,2280,-0.055900621118012424,"16,17년"
68,가온전선,2.0,1.5,3.0,2.0,1.5,3.0,0.0,0.0,0.0,전기전자,20200,23700,0.17326732673267325,"16,17년"
69,강남제비스코,2.0,1.5,1.5,2.0,1.5,1.5,0.0,0.0,0.0,화학,37250,36500,-0.020134228187919462,"16,17년"
70,강원랜드,3.0,4.0,4.0,2.0,4.0,4.0,-1.0,0.0,0.0,서비스업,37950,34300,-0.09617918313570488,"16,17년"
71,갤럭시아에스엠,1.0,1.5,1.5,1.0,1.5,1.5,0.0,0.0,0.0,서비스업,1955,3480,0.7800511508951407,"16,17년"
72,경농,2.0,3.0,1.5,1.0,1.5,1.5,-1.0,-1.5,0.0,화학,5810,6130,0.055077452667814115,"16,17년"
73,경동나비엔,1.0,1.5,1.5,,3.0,3.0,,1.5,1.5,전기전자,58700,40450,-0.31090289608177174,"16,17년"
74,경방,1.0,1.5,1.5,2.0,1.5,1.5,1.0,0.0,0.0,유통업,18100,14550,-0.19613259668508287,"16,17년"
75,경인양행,2.0,1.5,1.5,2.0,1.5,1.5,0.0,0.0,0.0,화학,4600,4755,0.03369565217391304,"16,17년"
76,경인전자,2.0,1.5,1.5,2.0,1.5,1.5,0.0,0.0,0.0,전기전자,22100,20250,-0.083710407239819,"16,17년"
77,계양전기,2.0,1.5,1.5,2.0,1.5,1.5,0.0,0.0,0.0,기계,4995,4545,-0.09009009009009009,"16,17년"
78,고려산업,2.0,1.5,1.5,2.0,1.5,1.5,0.0,0.0,0.0,음식료품,5980,2880,-0.5183946488294314,"16,17년"
79,고려아연,3.0,1.5,1.5,2.0,3.0,1.5,-1.0,1.5,0.0,철강금속,455000,512000,0.12527472527472527,"16,17년"
80,고려제강,,1.5,3.0,1.0,1.5,3.0,,0.0,0.0,철강금속,39000,35200,-0.09743589743589744,"16,17년"
81,광동제약,2.0,1.5,1.5,2.0,3.0,1.5,0.0,1.5,0.0,의약품,8270,8100,-0.020556227327690448,"16,17년"
82,광명전기,1.0,1.5,1.5,1.0,1.5,1.5,0.0,0.0,0.0,전기전자,3200,2645,-0.1734375,"16,17년"
83,광전자,3.0,1.5,1.5,2.0,1.5,1.5,-1.0,0.0,0.0,전기전자,2235,2740,0.22595078299776286,"16,17년"
84,광주신세계,2.0,1.5,1.5,2.0,1.5,1.5,0.0,0.0,0.0,유통업,251000,239500,-0.045816733067729085,"16,17년"
85,교보증권,5.0,3.0,1.5,4.0,3.0,1.5,-1.0,0.0,0.0,증권,9300,9100,-0.021505376344086023,"16,17년"
86,국도화학,1.0,1.5,3.0,,1.5,3.0,,0.0,0.0,화학,54200,58900,0.08671586715867159,"16,17년"
87,국동,2.0,1.5,1.5,2.0,1.5,1.5,0.0,0.0,0.0,유통업,10600,3600,-0.660377358490566,"16,17년"
88,국보,1.0,1.5,1.5,1.0,1.5,1.5,0.0,0.0,0.0,운수창고업,23950,10200,-0.5741127348643006,"16,17년"
89,국제약품,3.0,1.5,1.5,3.0,1.5,1.5,0.0,0.0,0.0,의약품,3940,4060,0.030456852791878174,"16,17년"
90,극동유화,2.0,1.5,1.5,2.0,1.5,1.5,0.0,0.0,0.0,화학,3225,3190,-0.010852713178294573,"16,17년"
91,금강공업,1.0,1.5,1.5,1.0,1.5,1.5,0.0,0.0,0.0,철강금속,45500,30700,-0.3252747252747253,"16,17년"
92,금비,1.0,1.5,1.5,1.0,1.5,1.5,0.0,0.0,0.0,비금속광물,86000,78400,-0.08837209302325581,"16,17년"
93,금양,2.0,1.5,1.5,2.0,1.5,1.5,0.0,0.0,0.0,화학,2865,2380,-0.16928446771378708,"16,17년"
94,금호전기,2.0,1.5,1.5,1.0,1.5,1.5,-1.0,0.0,0.0,전기전자,9450,8120,-0.14074074074074075,"16,17년"
95,금호타이어,1.0,5.0,3.0,1.0,3.0,3.0,0.0,-2.0,0.0,화학,10250,6550,-0.36097560975609755,"16,17년"
96,기신정기,2.0,1.5,1.5,2.0,1.5,1.5,0.0,0.0,0.0,기계,5310,4925,-0.07250470809792843,"16,17년"
97,기업은행,3.0,3.0,1.5,4.0,1.5,1.5,1.0,-1.5,0.0,은행,13200,15350,0.16287878787878787,"16,17년"
98,까뮤이앤씨,3.0,1.5,1.5,2.0,1.5,1.5,-1.0,0.0,0.0,건설업,10700,10050,-0.06074766355140187,"16,17년"
99,깨끗한나라,2.0,1.5,3.0,2.0,1.5,3.0,0.0,0.0,0.0,종이목재,5350,4300,-0.19626168224299065,"16,17년"
100,남광토건,1.0,1.5,1.5,2.0,1.5,1.5,1.0,0.0,0.0,건설업,8000,6700,-0.1625,"16,17년"
101,남선알미늄,2.0,1.5,1.5,2.0,3.0,1.5,0.0,1.5,0.0,철강금속,1180,1100,-0.06779661016949153,"16,17년"
102,남성,1.0,1.5,1.5,2.0,1.5,1.5,1.0,0.0,0.0,유통업,1810,2155,0.19060773480662985,"16,17년"
103,남양유업,,3.0,1.5,2.0,3.0,1.5,,0.0,0.0,음식료품,674000,656000,-0.026706231454005934,"16,17년"
104,남해화학,2.0,1.5,3.0,2.0,1.5,3.0,0.0,0.0,0.0,화학,8150,9080,0.11411042944785275,"16,17년"
105,넥센,2.0,1.5,3.0,2.0,1.5,3.0,0.0,0.0,0.0,화학,7990,8150,0.02002503128911139,"16,17년"
106,넥센타이어,3.0,3.0,3.0,2.0,1.5,3.0,-1.0,-1.5,0.0,화학,13150,12850,-0.022813688212927757,"16,17년"
107,노루페인트,2.0,1.5,1.5,2.0,1.5,1.5,0.0,0.0,0.0,화학,9270,9060,-0.022653721682847898,"16,17년"
108,노루홀딩스,,1.5,1.5,,1.5,1.5,,0.0,0.0,기타금융,16700,18000,0.07784431137724551,"16,17년"
109,녹십자,1.0,3.0,1.5,2.0,1.5,3.0,1.0,-1.5,1.5,의약품,139500,211000,0.5125448028673835,"16,17년"
110,녹십자홀딩스,2.0,3.0,1.5,2.0,1.5,1.5,0.0,-1.5,0.0,서비스업,22200,37850,0.704954954954955,"16,17년"
111,농심,,1.5,3.0,2.0,1.5,3.0,,0.0,0.0,음식료품,288000,347500,0.2065972222222222,"16,17년"
112,농심홀딩스,1.0,1.5,1.5,2.0,1.5,1.5,1.0,0.0,0.0,기타금융,101000,114500,0.13366336633663367,"16,17년"
113,다우기술,2.0,1.5,1.5,2.0,3.0,1.5,0.0,1.5,0.0,서비스업,20700,18350,-0.11352657004830918,"16,17년"
114,대교,4.0,3.0,1.5,4.0,1.5,1.5,0.0,-1.5,0.0,서비스업,8340,8210,-0.015587529976019185,"16,17년"
115,대구백화점,3.0,3.0,1.5,3.0,1.5,1.5,0.0,-1.5,0.0,유통업,13250,12250,-0.07547169811320754,"16,17년"
116,대덕전자,2.0,1.5,3.0,2.0,1.5,3.0,0.0,0.0,0.0,전기전자,7530,10250,0.3612217795484728,"16,17년"
117,대동전자,2.0,1.5,1.5,2.0,1.5,1.5,0.0,0.0,0.0,전기전자,4625,4330,-0.06378378378378378,"16,17년"
118,대림통상,1.0,1.5,1.5,1.0,1.5,1.5,0.0,0.0,0.0,기계,6480,5470,-0.1558641975308642,"16,17년"
119,대상,1.0,3.0,1.5,2.0,3.0,1.5,1.0,0.0,0.0,음식료품,26950,23800,-0.11688311688311688,"16,17년"
120,대상홀딩스,2.0,1.5,1.5,1.0,1.5,1.5,-1.0,0.0,0.0,기타금융,10450,9860,-0.05645933014354067,"16,17년"
121,대성산업,1.0,1.5,1.5,2.0,1.5,1.5,1.0,0.0,0.0,유통업,3205,3335,0.0405616224648986,"16,17년"
122,대성에너지,1.0,1.5,1.5,2.0,1.5,1.5,1.0,0.0,0.0,전기가스업,6440,6220,-0.034161490683229816,"16,17년"
123,대성홀딩스,2.0,1.5,1.5,2.0,1.5,1.5,0.0,0.0,0.0,서비스업,9230,8460,-0.08342361863488625,"16,17년"
124,대신증권,4.0,1.5,1.5,4.0,1.5,1.5,0.0,0.0,0.0,증권,10550,13500,0.2796208530805687,"16,17년"
125,대양금속,2.0,1.5,3.0,1.0,1.5,3.0,-1.0,0.0,0.0,철강금속,3895,3715,-0.04621309370988447,"16,17년"
126,대영포장,1.0,1.5,1.5,1.0,1.5,1.5,0.0,0.0,0.0,종이목재,1005,875,-0.12935323383084577,"16,17년"
127,대우건설,2.0,4.0,4.0,3.0,4.0,4.0,1.0,0.0,0.0,건설업,6330,7350,0.16113744075829384,"16,17년"
128,대우부품,2.0,1.5,1.5,1.0,1.5,1.5,-1.0,0.0,0.0,운수장비,1525,2060,0.35081967213114756,"16,17년"
129,대우조선해양,1.0,3.0,4.0,1.0,1.5,3.0,0.0,-1.5,-1.0,운수장비,4480,18350,3.095982142857143,"16,17년"
130,대웅,1.0,1.5,1.5,2.0,1.5,1.5,1.0,0.0,0.0,의약품,44000,15550,-0.6465909090909091,"16,17년"
131,대웅제약,1.0,3.0,1.5,1.0,3.0,1.5,0.0,0.0,0.0,의약품,68300,113500,0.6617862371888726,"16,17년"
132,대원강업,2.0,1.5,1.5,2.0,1.5,3.0,0.0,0.0,1.5,운수장비,5170,4080,-0.21083172147001933,"16,17년"
133,대원전선,2.0,1.5,1.5,1.0,1.5,1.5,-1.0,0.0,0.0,전기전자,1710,1210,-0.29239766081871343,"16,17년"
134,대원제약,3.0,3.0,1.5,3.0,3.0,1.5,0.0,0.0,0.0,의약품,17050,17850,0.0469208211143695,"16,17년"
135,대원화성,2.0,1.5,3.0,2.0,1.5,3.0,0.0,0.0,0.0,화학,2540,2350,-0.07480314960629922,"16,17년"
136,대유에이텍,1.0,1.5,1.5,1.0,1.5,1.5,0.0,0.0,0.0,운수장비,1650,1145,-0.30606060606060603,"16,17년"
137,대유플러스,,1.5,1.5,2.0,1.5,3.0,,0.0,1.5,전기전자,1030,732,-0.28932038834951457,"16,17년"
138,대창,1.0,1.5,3.0,2.0,1.5,3.0,1.0,0.0,0.0,철강금속,930,1020,0.0967741935483871,"16,17년"
139,대창단조,2.0,1.5,3.0,1.0,1.5,3.0,-1.0,0.0,0.0,운수장비,45400,61500,0.35462555066079293,"16,17년"
140,대한방직,2.0,1.5,1.5,1.0,1.5,1.5,-1.0,0.0,0.0,섬유의복,63000,88000,0.3968253968253968,"16,17년"
141,대한유화,1.0,3.0,1.5,2.0,1.5,1.5,1.0,-1.5,0.0,화학,204500,250000,0.22249388753056235,"16,17년"
142,대한전선,2.0,1.5,3.0,2.0,1.5,3.0,0.0,0.0,0.0,전기전자,1890,1270,-0.328042328042328,"16,17년"
143,대한제강,1.0,1.5,3.0,2.0,1.5,3.0,1.0,0.0,0.0,철강금속,9310,11050,0.18689581095596133,"16,17년"
144,대한제당,2.0,1.5,1.5,1.0,1.5,1.5,-1.0,0.0,0.0,음식료품,24050,26000,0.08108108108108109,"16,17년"
145,대한제분,2.0,1.5,1.5,1.0,1.5,1.5,-1.0,0.0,0.0,음식료품,176500,169500,-0.039660056657223795,"16,17년"
146,대한항공,1.0,3.0,4.0,3.0,3.0,4.0,2.0,0.0,0.0,운수창고업,32000,31650,-0.0109375,"16,17년"
147,대한해운,2.0,1.5,1.5,1.0,1.5,1.5,-1.0,0.0,0.0,운수창고업,18050,32750,0.814404432132964,"16,17년"
148,대한화섬,2.0,1.5,1.5,2.0,1.5,1.5,0.0,0.0,0.0,화학,106000,114000,0.07547169811320754,"16,17년"
149,대현,2.0,1.5,1.5,2.0,1.5,1.5,0.0,0.0,0.0,섬유의복,3750,2845,-0.24133333333333334,"16,17년"
150,대호에이엘,2.0,1.5,3.0,2.0,1.5,3.0,0.0,0.0,0.0,철강금속,1645,1320,-0.19756838905775076,"16,17년"
151,더존비즈온,2.0,1.5,1.5,2.0,3.0,1.5,0.0,1.5,0.0,서비스업,22350,32000,0.4317673378076063,"16,17년"
152,덕성,1.0,1.5,1.5,2.0,1.5,1.5,1.0,0.0,0.0,화학,6460,3980,-0.38390092879256965,"16,17년"
153,덕양산업,2.0,1.5,1.5,2.0,1.5,1.5,0.0,0.0,0.0,운수장비,1840,1810,-0.016304347826086956,"16,17년"
154,도화엔지니어링,3.0,1.5,1.5,3.0,1.5,1.5,0.0,0.0,0.0,서비스업,4690,5050,0.0767590618336887,"16,17년"
155,동국제강,1.0,3.0,3.0,1.0,3.0,3.0,0.0,0.0,0.0,철강금속,8180,10850,0.3264058679706601,"16,17년"
156,동남합성,1.0,1.5,1.5,1.0,1.5,1.5,0.0,0.0,0.0,화학,66900,60300,-0.09865470852017937,"16,17년"
157,동방,2.0,1.5,1.5,2.0,1.5,1.5,0.0,0.0,0.0,운수창고업,2100,1765,-0.1595238095238095,"16,17년"
158,동방아그로,2.0,1.5,1.5,2.0,1.5,1.5,0.0,0.0,0.0,화학,6860,7000,0.02040816326530612,"16,17년"
159,동성제약,1.0,1.5,1.5,2.0,1.5,1.5,1.0,0.0,0.0,의약품,4095,3850,-0.05982905982905983,"16,17년"
160,동아쏘시오홀딩스,2.0,1.5,1.5,1.0,1.5,1.5,-1.0,0.0,0.0,기타금융,145000,122000,-0.15862068965517243,"16,17년"
161,동아에스티,3.0,3.0,1.5,2.0,1.5,1.5,-1.0,-1.5,0.0,의약품,85900,89400,0.04074505238649592,"16,17년"
162,동아지질,2.0,1.5,1.5,2.0,1.5,1.5,0.0,0.0,0.0,건설업,8250,13050,0.5818181818181818,"16,17년"
163,동양고속,2.0,1.5,1.5,1.0,1.5,1.5,-1.0,0.0,0.0,운수창고업,38800,37000,-0.04639175257731959,"16,17년"
164,동양생명,5.0,1.5,1.5,3.0,1.5,1.5,-2.0,0.0,0.0,보험,12000,8860,-0.26166666666666666,"16,17년"
165,동양철관,1.0,1.5,1.5,1.0,1.5,1.5,0.0,0.0,0.0,철강금속,1215,1175,-0.03292181069958848,"16,17년"
166,동원F&B,1.0,3.0,1.5,1.0,4.0,3.0,0.0,1.0,1.5,음식료품,201500,203500,0.009925558312655087,"16,17년"
167,동원금속,2.0,1.5,1.5,3.0,1.5,1.5,1.0,0.0,0.0,운수장비,3295,3365,0.021244309559939303,"16,17년"
168,동원산업,2.0,1.5,1.5,2.0,4.0,1.5,0.0,2.5,0.0,기타금융,308000,285500,-0.07305194805194805,"16,17년"
169,동원수산,2.0,1.5,1.5,2.0,1.5,1.5,0.0,0.0,0.0,"농업, 임업 및 어업",8490,8920,0.050647820965842166,"16,17년"
170,동원시스템즈,1.0,1.5,1.5,1.0,4.0,3.0,0.0,2.5,1.5,화학,55900,48400,-0.13416815742397137,"16,17년"
171,동일고무벨트,1.0,1.5,1.5,1.0,1.5,1.5,0.0,0.0,0.0,화학,11800,9680,-0.17966101694915254,"16,17년"
172,동일산업,2.0,1.5,3.0,2.0,1.5,3.0,0.0,0.0,0.0,철강금속,72500,63500,-0.12413793103448276,"16,17년"
173,동화약품,2.0,3.0,1.5,2.0,3.0,1.5,0.0,0.0,0.0,의약품,7780,8840,0.13624678663239073,"16,17년"
174,두산,4.0,4.0,4.0,4.0,5.0,4.0,0.0,1.0,0.0,기타금융,102500,134000,0.3073170731707317,"16,17년"
175,디씨엠,2.0,1.5,1.5,2.0,1.5,1.5,0.0,0.0,0.0,철강금속,11900,12700,0.06722689075630252,"16,17년"
176,디아이,2.0,1.5,1.5,2.0,1.5,1.5,0.0,0.0,0.0,의료정밀,4760,5720,0.20168067226890757,"16,17년"
177,디아이씨,2.0,1.5,1.5,1.0,1.5,1.5,-1.0,0.0,0.0,운수장비,10000,9450,-0.055,"16,17년"
178,디와이,2.0,1.5,1.5,2.0,1.5,1.5,0.0,0.0,0.0,기타금융,6270,7630,0.21690590111642744,"16,17년"
179,디와이파워,1.0,1.5,1.5,2.0,1.5,1.5,1.0,0.0,0.0,기계,6400,23800,2.71875,"16,17년"
180,락앤락,3.0,1.5,1.5,3.0,1.5,1.5,0.0,0.0,0.0,화학,13400,21650,0.6156716417910447,"16,17년"
181,롯데관광개발,1.0,1.5,1.5,1.0,1.5,1.5,0.0,0.0,0.0,서비스업,8720,13550,0.5538990825688074,"16,17년"
182,롯데손해보험,5.0,4.0,1.5,4.0,4.0,1.5,-1.0,0.0,0.0,보험,2720,3305,0.21507352941176472,"16,17년"
183,롯데쇼핑,1.0,4.0,4.0,2.0,5.0,4.0,1.0,1.0,0.0,유통업,228500,225000,-0.015317286652078774,"16,17년"
184,롯데정밀화학,2.0,4.0,4.0,4.0,5.0,4.0,2.0,1.0,0.0,화학,29000,40250,0.3879310344827586,"16,17년"
185,롯데케미칼,2.0,5.0,4.0,3.0,5.0,4.0,1.0,0.0,0.0,화학,288500,369500,0.2807625649913345,"16,17년"
186,롯데하이마트,3.0,4.0,1.5,4.0,5.0,1.5,1.0,1.0,0.0,유통업,44150,74100,0.6783691959229898,"16,17년"
187,마니커,,1.5,1.5,1.0,1.5,1.5,,0.0,0.0,음식료품,751,675,-0.10119840213049268,"16,17년"
188,만호제강,2.0,1.5,1.5,2.0,1.5,1.5,0.0,0.0,0.0,철강금속,18450,18400,-0.0027100271002710027,"16,17년"
189,메리츠금융지주,4.0,1.5,1.5,4.0,1.5,1.5,0.0,0.0,0.0,기타금융,11250,16300,0.4488888888888889,"16,17년"
190,명문제약,2.0,1.5,1.5,2.0,1.5,1.5,0.0,0.0,0.0,의약품,4390,6120,0.3940774487471526,"16,17년"
191,모나리자,1.0,1.5,1.5,1.0,1.5,1.5,0.0,0.0,0.0,종이목재,6110,4930,-0.19312602291325695,"16,17년"
192,모나미,2.0,1.5,1.5,2.0,1.5,1.5,0.0,0.0,0.0,유통업,4335,3190,-0.26412918108419836,"16,17년"
193,모토닉,2.0,1.5,1.5,2.0,1.5,1.5,0.0,0.0,0.0,운수장비,9230,9240,0.0010834236186348862,"16,17년"
194,무림P&P,2.0,1.5,3.0,,1.5,1.5,,0.0,-1.5,종이목재,4080,4200,0.029411764705882353,"16,17년"
195,무림페이퍼,2.0,1.5,3.0,2.0,1.5,3.0,0.0,0.0,0.0,종이목재,2775,2500,-0.0990990990990991,"16,17년"
196,무학,2.0,1.5,1.5,2.0,1.5,1.5,0.0,0.0,0.0,음식료품,22750,18150,-0.2021978021978022,"16,17년"
197,문배철강,2.0,1.5,1.5,2.0,1.5,1.5,0.0,0.0,0.0,철강금속,2710,3025,0.11623616236162361,"16,17년"
198,미래산업,3.0,1.5,1.5,3.0,1.5,1.5,0.0,0.0,0.0,의료정밀,281,238,-0.15302491103202848,"16,17년"
199,미래아이앤지,1.0,1.5,1.5,1.0,1.5,1.5,0.0,0.0,0.0,서비스업,1400,491,-0.6492857142857142,"16,17년"
200,미래에셋생명,4.0,3.0,1.5,4.0,3.0,1.5,0.0,0.0,0.0,보험,4680,5860,0.25213675213675213,"16,17년"
201,미원상사,1.0,1.5,1.5,2.0,1.5,1.5,1.0,0.0,0.0,화학,233000,230000,-0.012875536480686695,"16,17년"
202,미원화학,1.0,1.5,1.5,1.0,1.5,1.5,0.0,0.0,0.0,화학,72300,62900,-0.13001383125864455,"16,17년"
203,방림,2.0,1.5,3.0,2.0,1.5,3.0,0.0,0.0,0.0,섬유의복,24150,20200,-0.16356107660455488,"16,17년"
204,백광산업,2.0,1.5,3.0,2.0,1.5,3.0,0.0,0.0,0.0,화학,1865,2720,0.4584450402144772,"16,17년"
205,백산,2.0,1.5,1.5,2.0,1.5,1.5,0.0,0.0,0.0,화학,8900,7700,-0.1348314606741573,"16,17년"
206,범양건영,1.0,1.5,1.5,2.0,1.5,1.5,1.0,0.0,0.0,건설업,13250,11600,-0.12452830188679245,"16,17년"
207,벽산,1.0,1.5,3.0,1.0,1.5,3.0,0.0,0.0,0.0,비금속광물,4930,3405,-0.3093306288032454,"16,17년"
208,보락,1.0,1.5,1.5,2.0,1.5,1.5,1.0,0.0,0.0,화학,5130,974,-0.8101364522417154,"16,17년"
209,보해양조,2.0,1.5,1.5,1.0,1.5,1.5,-1.0,0.0,0.0,음식료품,1250,1045,-0.164,"16,17년"
210,부광약품,3.0,1.5,1.5,2.0,1.5,1.5,-1.0,0.0,0.0,의약품,25000,22150,-0.114,"16,17년"
211,부국증권,3.0,1.5,1.5,3.0,1.5,1.5,0.0,0.0,0.0,증권,20000,27500,0.375,"16,17년"
212,부국철강,2.0,1.5,1.5,2.0,1.5,1.5,0.0,0.0,0.0,철강금속,3080,2855,-0.07305194805194805,"16,17년"
213,부산산업,2.0,1.5,1.5,2.0,1.5,1.5,0.0,0.0,0.0,비금속광물,38550,35350,-0.08300907911802853,"16,17년"
214,부산주공,2.0,1.5,3.0,2.0,1.5,3.0,0.0,0.0,0.0,운수장비,3015,1335,-0.5572139303482587,"16,17년"
215,비상교육,1.0,1.5,1.5,2.0,3.0,1.5,1.0,1.5,0.0,서비스업,15050,11800,-0.2159468438538206,"16,17년"
216,빙그레,2.0,3.0,1.5,2.0,3.0,1.5,0.0,0.0,0.0,음식료품,62400,60700,-0.027243589743589744,"16,17년"
217,사조대림,1.0,1.5,1.5,2.0,1.5,1.5,1.0,0.0,0.0,음식료품,16500,24150,0.4636363636363636,"16,17년"
218,사조동아원,1.0,1.5,1.5,2.0,1.5,1.5,1.0,0.0,0.0,음식료품,1670,1555,-0.0688622754491018,"16,17년"
219,사조산업,1.0,1.5,1.5,1.0,1.5,1.5,0.0,0.0,0.0,"농업, 임업 및 어업",62500,73100,0.1696,"16,17년"
220,사조씨푸드,2.0,1.5,1.5,3.0,1.5,1.5,1.0,0.0,0.0,음식료품,6660,7070,0.06156156156156156,"16,17년"
221,사조오양,1.0,1.5,1.5,2.0,1.5,1.5,1.0,0.0,0.0,음식료품,11250,14650,0.3022222222222222,"16,17년"
222,삼성SDI,3.0,4.0,4.0,2.0,5.0,4.0,-1.0,1.0,0.0,전기전자,94300,206000,1.1845174973488866,"16,17년"
223,삼성공조,2.0,1.5,1.5,2.0,1.5,1.5,0.0,0.0,0.0,운수장비,11250,12050,0.07111111111111111,"16,17년"
224,삼성물산,5.0,5.0,4.0,4.0,5.0,4.0,-1.0,0.0,0.0,유통업,161500,148000,-0.08359133126934984,"16,17년"
225,삼성생명,5.0,3.0,4.0,4.0,4.0,4.0,-1.0,1.0,0.0,보험,110500,135000,0.22171945701357465,"16,17년"
226,삼성에스디에스,3.0,3.0,1.5,3.0,3.0,3.0,0.0,0.0,1.5,서비스업,154500,207000,0.33980582524271846,"16,17년"
227,삼성엔지니어링,3.0,3.0,4.0,3.0,5.0,4.0,0.0,2.0,0.0,서비스업,9470,12200,0.28827877507919747,"16,17년"
228,삼성전기,5.0,5.0,5.0,4.0,5.0,5.0,-1.0,0.0,0.0,전기전자,47100,104000,1.208067940552017,"16,17년"
229,삼성전자,3.0,5.0,4.0,2.0,4.0,4.0,-1.0,-1.0,0.0,전기전자,1639000,2754000,0.6802928615009152,"16,17년"
230,삼성제약,1.0,1.5,1.5,1.0,1.5,1.5,0.0,0.0,0.0,의약품,4125,3500,-0.15151515151515152,"16,17년"
231,삼성중공업,2.0,4.0,4.0,3.0,1.5,3.0,1.0,-2.5,-1.0,운수장비,9750,11800,0.21025641025641026,"16,17년"
232,삼성증권,5.0,3.0,1.5,4.0,3.0,1.5,-1.0,0.0,0.0,증권,34550,35600,0.030390738060781478,"16,17년"
233,삼성출판사,2.0,1.5,1.5,2.0,1.5,1.5,0.0,0.0,0.0,서비스업,11500,9540,-0.17043478260869566,"16,17년"
234,삼성카드,5.0,3.0,1.5,4.0,1.5,1.5,-1.0,-1.5,0.0,기타금융,48200,36650,-0.23962655601659752,"16,17년"
235,삼아알미늄,2.0,1.5,1.5,2.0,1.5,3.0,0.0,0.0,1.5,철강금속,3985,3460,-0.13174404015056462,"16,17년"
236,삼양사,1.0,3.0,1.5,2.0,3.0,1.5,1.0,0.0,0.0,음식료품,103000,97000,-0.05825242718446602,"16,17년"
237,삼양식품,,1.5,3.0,2.0,3.0,1.5,,1.5,-1.5,음식료품,38450,60700,0.5786736020806242,"16,17년"
238,삼양통상,2.0,1.5,1.5,2.0,1.5,1.5,0.0,0.0,0.0,기타제조업,49200,43850,-0.10873983739837398,"16,17년"
239,삼양홀딩스,1.0,1.5,1.5,2.0,1.5,1.5,1.0,0.0,0.0,기타금융,125000,90400,-0.2768,"16,17년"
240,삼영무역,2.0,1.5,1.5,2.0,1.5,1.5,0.0,0.0,0.0,유통업,17600,17850,0.014204545454545454,"16,17년"
241,삼원강재,1.0,1.5,3.0,2.0,1.5,3.0,1.0,0.0,0.0,운수장비,3550,3390,-0.04507042253521127,"16,17년"
242,삼익THK,1.0,1.5,1.5,2.0,1.5,1.5,1.0,0.0,0.0,기계,10500,18000,0.7142857142857143,"16,17년"
243,삼익악기,,1.5,1.5,2.0,1.5,1.5,,0.0,0.0,기타제조업,2300,1955,-0.15,"16,17년"
244,삼일제약,1.0,1.5,1.5,2.0,1.5,1.5,1.0,0.0,0.0,의약품,7820,7500,-0.04092071611253197,"16,17년"
245,삼정펄프,2.0,1.5,1.5,2.0,1.5,1.5,0.0,0.0,0.0,종이목재,43050,43350,0.006968641114982578,"16,17년"
246,삼진제약,2.0,1.5,1.5,2.0,1.5,1.5,0.0,0.0,0.0,의약품,31600,33100,0.04746835443037975,"16,17년"
247,삼천리,3.0,3.0,3.0,2.0,3.0,3.0,-1.0,0.0,0.0,전기가스업,97600,102500,0.050204918032786885,"16,17년"
248,삼호개발,2.0,1.5,1.5,2.0,1.5,1.5,0.0,0.0,0.0,건설업,3250,4250,0.3076923076923077,"16,17년"
249,삼화왕관,1.0,1.5,1.5,2.0,1.5,1.5,1.0,0.0,0.0,기계,44100,54000,0.22448979591836735,"16,17년"
250,삼화전기,2.0,1.5,1.5,2.0,1.5,1.5,0.0,0.0,0.0,전기전자,5160,8570,0.6608527131782945,"16,17년"
251,상신브레이크,2.0,1.5,1.5,2.0,1.5,1.5,0.0,0.0,0.0,운수장비,6500,7550,0.16153846153846155,"16,17년"
252,새론오토모티브,1.0,1.5,3.0,1.0,1.5,3.0,0.0,0.0,0.0,운수장비,7990,7480,-0.06382978723404255,"16,17년"
253,샘표,1.0,1.5,1.5,1.0,1.5,1.5,0.0,0.0,0.0,기타금융,40800,32000,-0.21568627450980393,"16,17년"
254,서연,1.0,1.5,1.5,,1.5,1.5,,0.0,0.0,기타금융,11100,8020,-0.2774774774774775,"16,17년"
255,서연이화,1.0,1.5,1.5,3.0,3.0,1.5,2.0,1.5,0.0,운수장비,15200,12000,-0.21052631578947367,"16,17년"
256,서원,2.0,1.5,3.0,2.0,1.5,3.0,0.0,0.0,0.0,철강금속,1720,1095,-0.3633720930232558,"16,17년"
257,서흥,1.0,1.5,1.5,2.0,1.5,1.5,1.0,0.0,0.0,화학,39550,33450,-0.15423514538558786,"16,17년"
258,선도전기,2.0,1.5,1.5,2.0,1.5,1.5,0.0,0.0,0.0,전기전자,3920,3240,-0.17346938775510204,"16,17년"
259,선진,3.0,1.5,1.5,3.0,1.5,1.5,0.0,0.0,0.0,음식료품,26300,15500,-0.41064638783269963,"16,17년"
260,성문전자,1.0,1.5,1.5,2.0,1.5,1.5,1.0,0.0,0.0,전기전자,8700,2270,-0.7390804597701149,"16,17년"
261,성보화학,2.0,1.5,1.5,1.0,1.5,1.5,-1.0,0.0,0.0,화학,5610,6190,0.10338680926916222,"16,17년"
262,성신양회,2.0,1.5,3.0,1.0,1.5,3.0,-1.0,0.0,0.0,비금속광물,7610,5360,-0.2956636005256242,"16,17년"
263,성안,1.0,1.5,1.5,1.0,1.5,1.5,0.0,0.0,0.0,섬유의복,1015,687,-0.32315270935960594,"16,17년"
264,성창기업지주,1.0,1.5,1.5,1.0,1.5,1.5,0.0,0.0,0.0,서비스업,3050,2745,-0.1,"16,17년"
265,세기상사,2.0,1.5,1.5,2.0,1.5,1.5,0.0,0.0,0.0,유통업,63500,72800,0.14645669291338584,"16,17년"
266,세방,3.0,3.0,1.5,2.0,1.5,1.5,-1.0,-1.5,0.0,운수창고업,15050,13600,-0.09634551495016612,"16,17년"
267,세방전지,2.0,3.0,3.0,1.0,1.5,3.0,-1.0,-1.5,0.0,전기전자,37100,33850,-0.0876010781671159,"16,17년"
268,세아제강,1.0,3.0,3.0,2.0,1.5,3.0,1.0,-1.5,0.0,철강금속,69700,91800,0.3170731707317073,"16,17년"
269,세아특수강,2.0,1.5,3.0,2.0,1.5,3.0,0.0,0.0,0.0,철강금속,19250,21350,0.10909090909090909,"16,17년"
270,세아홀딩스,2.0,1.5,1.5,1.0,1.5,1.5,-1.0,0.0,0.0,철강금속,120000,157500,0.3125,"16,17년"
271,세우글로벌,1.0,1.5,1.5,2.0,1.5,1.5,1.0,0.0,0.0,유통업,1720,1660,-0.03488372093023256,"16,17년"
272,세원정공,2.0,1.5,1.5,1.0,1.5,1.5,-1.0,0.0,0.0,운수장비,18950,17100,-0.09762532981530343,"16,17년"
273,세이브존I&C,2.0,1.5,1.5,2.0,1.5,1.5,0.0,0.0,0.0,유통업,5500,5150,-0.06363636363636363,"16,17년"
274,세종공업,1.0,1.5,1.5,1.0,1.5,3.0,0.0,0.0,1.5,운수장비,10300,7780,-0.2446601941747573,"16,17년"
275,세하,1.0,1.5,3.0,2.0,1.5,3.0,1.0,0.0,0.0,종이목재,1750,1520,-0.13142857142857142,"16,17년"
276,송원산업,1.0,1.5,3.0,2.0,3.0,3.0,1.0,1.5,0.0,화학,17550,21500,0.22507122507122507,"16,17년"
277,수산중공업,2.0,1.5,1.5,2.0,1.5,1.5,0.0,0.0,0.0,기계,2045,1530,-0.25183374083129584,"16,17년"
278,신대양제지,1.0,1.5,1.5,1.0,1.5,1.5,0.0,0.0,0.0,종이목재,23650,32950,0.39323467230443976,"16,17년"
279,신도리코,2.0,1.5,3.0,3.0,1.5,3.0,1.0,0.0,0.0,전기전자,52500,63000,0.2,"16,17년"
280,신라교역,2.0,1.5,1.5,1.0,1.5,1.5,-1.0,0.0,0.0,"농업, 임업 및 어업",14050,15350,0.09252669039145907,"16,17년"
281,신성이엔지,2.0,1.5,1.5,2.0,1.5,1.5,0.0,0.0,0.0,전기전자,4170,1765,-0.5767386091127098,"16,17년"
282,신성통상,2.0,1.5,1.5,2.0,1.5,1.5,0.0,0.0,0.0,유통업,1220,981,-0.1959016393442623,"16,17년"
283,신세계,1.0,5.0,3.0,2.0,5.0,3.0,1.0,0.0,0.0,유통업,186000,229000,0.23118279569892472,"16,17년"
284,신세계건설,2.0,3.0,3.0,3.0,1.5,1.5,1.0,-1.5,-1.5,건설업,40200,28150,-0.2997512437810945,"16,17년"
285,신세계인터내셔날,3.0,4.0,3.0,2.0,4.0,1.5,-1.0,0.0,-1.5,유통업,78300,61800,-0.210727969348659,"16,17년"
286,신세계푸드,1.0,3.0,1.5,2.0,4.0,3.0,1.0,1.0,1.5,서비스업,144500,134500,-0.06920415224913495,"16,17년"
287,신송홀딩스,2.0,1.5,1.5,2.0,1.5,1.5,0.0,0.0,0.0,유통업,6550,5600,-0.1450381679389313,"16,17년"
288,신영와코루,1.0,1.5,1.5,1.0,1.5,1.5,0.0,0.0,0.0,섬유의복,154500,160000,0.03559870550161812,"16,17년"
289,신영증권,4.0,1.5,1.5,4.0,1.5,1.5,0.0,0.0,0.0,증권,49700,59400,0.19517102615694165,"16,17년"
290,신원,,1.5,1.5,2.0,1.5,1.5,,0.0,0.0,섬유의복,1640,1935,0.1798780487804878,"16,17년"
291,신풍제약,2.0,1.5,1.5,2.0,1.5,1.5,0.0,0.0,0.0,의약품,6090,6120,0.0049261083743842365,"16,17년"
292,신한지주,5.0,5.0,5.0,,4.0,5.0,,-1.0,0.0,기타금융,43850,50200,0.14481185860889395,"16,17년"
293,신흥,3.0,1.5,1.5,3.0,1.5,1.5,0.0,0.0,0.0,유통업,9970,10450,0.048144433299899696,"16,17년"
294,쌍방울,1.0,1.5,1.5,1.0,1.5,1.5,0.0,0.0,0.0,섬유의복,1965,1340,-0.31806615776081426,"16,17년"
295,써니전자,1.0,1.5,1.5,2.0,3.0,1.5,1.0,1.5,0.0,전기전자,4770,2565,-0.46226415094339623,"16,17년"
296,씨아이테크,1.0,1.5,1.5,,1.5,1.5,,0.0,0.0,기타제조업,1015,678,-0.33201970443349754,"16,17년"
297,씨에스윈드,3.0,1.5,1.5,3.0,1.5,1.5,0.0,0.0,0.0,기계,24750,26300,0.06262626262626263,"16,17년"
298,아남전자,2.0,1.5,1.5,2.0,1.5,1.5,0.0,0.0,0.0,전기전자,1160,2455,1.1163793103448276,"16,17년"
299,아모레퍼시픽,3.0,4.0,4.0,3.0,4.0,4.0,0.0,0.0,0.0,화학,359000,314000,-0.12534818941504178,"16,17년"
300,아세아,2.0,1.5,1.5,2.0,1.5,1.5,0.0,0.0,0.0,서비스업,100500,115000,0.14427860696517414,"16,17년"
301,아세아시멘트,2.0,1.5,3.0,1.0,1.5,3.0,-1.0,0.0,0.0,비금속광물,73600,86300,0.17255434782608695,"16,17년"
302,아세아제지,2.0,1.5,1.5,2.0,1.5,1.5,0.0,0.0,0.0,종이목재,19500,19500,0.0,"16,17년"
303,아시아나항공,2.0,5.0,3.0,2.0,4.0,3.0,0.0,-1.0,0.0,운수창고업,4620,4625,0.0010822510822510823,"16,17년"
304,아이마켓코리아,1.0,1.5,1.5,3.0,1.5,1.5,2.0,0.0,0.0,유통업,12800,9570,-0.25234375,"16,17년"
305,아이에스동서,2.0,1.5,1.5,2.0,1.5,1.5,0.0,0.0,0.0,비금속광물,49500,34550,-0.302020202020202,"16,17년"
306,알루코,,1.5,1.5,2.0,1.5,1.5,,0.0,0.0,철강금속,4320,3830,-0.11342592592592593,"16,17년"
307,에넥스,1.0,1.5,1.5,1.0,3.0,1.5,0.0,1.5,0.0,기타제조업,2375,1695,-0.2863157894736842,"16,17년"
308,에스엘,1.0,3.0,1.5,1.0,3.0,1.5,0.0,0.0,0.0,운수장비,15250,22950,0.5049180327868853,"16,17년"
309,에스원,2.0,3.0,1.5,1.0,1.5,1.5,-1.0,-1.5,0.0,서비스업,92500,91600,-0.00972972972972973,"16,17년"
310,에쓰씨엔지니어링,1.0,1.5,1.5,2.0,1.5,1.5,1.0,0.0,0.0,건설업,3305,3745,0.13313161875945537,"16,17년"
311,에이블씨엔씨,2.0,1.5,1.5,3.0,1.5,1.5,1.0,0.0,0.0,화학,20950,20250,-0.03341288782816229,"16,17년"
312,에이엔피,1.0,1.5,1.5,1.0,1.5,1.5,0.0,0.0,0.0,전기전자,2850,1205,-0.5771929824561404,"16,17년"
313,엔씨소프트,3.0,1.5,1.5,2.0,1.5,1.5,-1.0,0.0,0.0,서비스업,264500,426500,0.6124763705103969,"16,17년"
314,엔케이,1.0,1.5,1.5,1.0,1.5,1.5,0.0,0.0,0.0,기계,4815,1300,-0.7300103842159917,"16,17년"
315,영보화학,1.0,1.5,1.5,1.0,1.5,1.5,0.0,0.0,0.0,화학,5290,4920,-0.06994328922495274,"16,17년"
316,영원무역,2.0,1.5,1.5,2.0,1.5,1.5,0.0,0.0,0.0,유통업,32150,34400,0.06998444790046657,"16,17년"
317,영원무역홀딩스,2.0,1.5,1.5,2.0,1.5,1.5,0.0,0.0,0.0,기타금융,57600,56000,-0.027777777777777776,"16,17년"
318,영진약품,2.0,1.5,1.5,1.0,3.0,1.5,-1.0,1.5,0.0,의약품,8750,8890,0.016,"16,17년"
319,영풍,,1.5,1.5,1.0,1.5,3.0,,0.0,1.5,철강금속,995000,1113000,0.1185929648241206,"16,17년"
320,영풍제지,1.0,1.5,1.5,1.0,1.5,1.5,0.0,0.0,0.0,종이목재,2900,2575,-0.11206896551724138,"16,17년"
321,영화금속,2.0,1.5,1.5,2.0,1.5,1.5,0.0,0.0,0.0,운수장비,1685,1490,-0.11572700296735905,"16,17년"
322,오뚜기,,3.0,1.5,,3.0,1.5,,0.0,0.0,음식료품,658000,759000,0.1534954407294833,"16,17년"
323,오리엔트바이오,1.0,1.5,1.5,1.0,1.5,1.5,0.0,0.0,0.0,의약품,1670,1160,-0.30538922155688625,"16,17년"
324,우리종금,3.0,1.5,1.5,3.0,1.5,1.5,0.0,0.0,0.0,기타금융,686,557,-0.1880466472303207,"16,17년"
325,우신시스템,1.0,1.5,1.5,1.0,1.5,1.5,0.0,0.0,0.0,기계,3805,8640,1.2706964520367936,"16,17년"
326,우진,2.0,1.5,1.5,2.0,1.5,1.5,0.0,0.0,0.0,의료정밀,6530,5870,-0.10107197549770292,"16,17년"
327,우진플라임,2.0,1.5,1.5,2.0,1.5,1.5,0.0,0.0,0.0,기계,5860,9990,0.7047781569965871,"16,17년"
328,웅진,2.0,1.5,1.5,2.0,1.5,1.5,0.0,0.0,0.0,서비스업,2680,2315,-0.13619402985074627,"16,17년"
329,웅진씽크빅,1.0,1.5,1.5,1.0,1.5,1.5,0.0,0.0,0.0,서비스업,9530,6920,-0.2738719832109129,"16,17년"
330,원림,1.0,1.5,1.5,2.0,1.5,1.5,1.0,0.0,0.0,섬유의복,26200,23650,-0.09732824427480916,"16,17년"
331,윌비스,2.0,1.5,1.5,3.0,1.5,1.5,1.0,0.0,0.0,유통업,2750,1730,-0.3709090909090909,"16,17년"
332,유니드,1.0,1.5,3.0,2.0,1.5,1.5,1.0,0.0,-1.5,화학,46700,46250,-0.009635974304068522,"16,17년"
333,유니온,2.0,1.5,1.5,2.0,1.5,1.5,0.0,0.0,0.0,비금속광물,3865,3900,0.009055627425614488,"16,17년"
334,유니켐,1.0,1.5,1.5,3.0,1.5,1.5,2.0,0.0,0.0,기타제조업,1680,1425,-0.15178571428571427,"16,17년"
335,유니퀘스트,2.0,1.5,1.5,3.0,1.5,1.5,1.0,0.0,0.0,유통업,4925,7120,0.44568527918781725,"16,17년"
336,유성기업,3.0,1.5,3.0,2.0,1.5,3.0,-1.0,0.0,0.0,운수장비,4040,3715,-0.08044554455445545,"16,17년"
337,유수홀딩스,2.0,1.5,1.5,3.0,3.0,1.5,1.0,1.5,0.0,서비스업,6260,6490,0.036741214057507986,"16,17년"
338,유안타증권,4.0,1.5,1.5,4.0,1.5,1.5,0.0,0.0,0.0,증권,3140,3375,0.07484076433121019,"16,17년"
339,유엔젤,1.0,1.5,1.5,2.0,1.5,1.5,1.0,0.0,0.0,서비스업,5450,4020,-0.26238532110091745,"16,17년"
340,유유제약,2.0,1.5,1.5,2.0,1.5,1.5,0.0,0.0,0.0,의약품,10200,11350,0.11274509803921569,"16,17년"
341,유한양행,3.0,1.5,3.0,2.0,1.5,3.0,-1.0,0.0,0.0,의약품,210000,204000,-0.02857142857142857,"16,17년"
342,유화증권,3.0,1.5,1.5,3.0,1.5,1.5,0.0,0.0,0.0,증권,15700,17650,0.12420382165605096,"16,17년"
343,율촌화학,1.0,1.5,1.5,2.0,1.5,1.5,1.0,0.0,0.0,화학,13550,16650,0.22878228782287824,"16,17년"
344,이건산업,2.0,1.5,1.5,2.0,1.5,1.5,0.0,0.0,0.0,종이목재,11350,8070,-0.2889867841409692,"16,17년"
345,이구산업,3.0,1.5,3.0,2.0,1.5,3.0,-1.0,0.0,0.0,철강금속,2000,2305,0.1525,"16,17년"
346,이마트,1.0,1.5,4.0,3.0,4.0,3.0,2.0,2.5,-1.0,유통업,162500,224000,0.37846153846153846,"16,17년"
347,이수페타시스,,4.0,3.0,1.0,3.0,3.0,,-1.0,0.0,전기전자,4175,4425,0.059880239520958084,"16,17년"
348,이수화학,2.0,1.5,1.5,2.0,3.0,3.0,0.0,1.5,1.5,화학,15500,17150,0.1064516129032258,"16,17년"
349,이스타코,1.0,1.5,1.5,,1.5,1.5,,0.0,0.0,서비스업,1675,706,-0.5785074626865672,"16,17년"
350,이아이디,,1.5,1.5,1.0,1.5,1.5,,0.0,0.0,유통업,729,350,-0.5198902606310014,"16,17년"
351,이연제약,2.0,1.5,1.5,3.0,1.5,1.5,1.0,0.0,0.0,의약품,25500,36100,0.41568627450980394,"16,17년"
352,이월드,1.0,1.5,1.5,1.0,1.5,1.5,0.0,0.0,0.0,기타제조업,1900,1830,-0.03684210526315789,"16,17년"
353,이화산업,1.0,1.5,1.5,1.0,1.5,1.5,0.0,0.0,0.0,유통업,20100,16850,-0.16169154228855723,"16,17년"
354,인디에프,1.0,1.5,1.5,2.0,1.5,1.5,1.0,0.0,0.0,섬유의복,2800,1240,-0.5571428571428572,"16,17년"
355,인스코비,2.0,1.5,1.5,1.0,1.5,1.5,-1.0,0.0,0.0,통신업,2085,1695,-0.18705035971223022,"16,17년"
356,인지컨트롤스,1.0,1.5,1.5,1.0,1.5,1.5,0.0,0.0,0.0,운수장비,5010,6030,0.20359281437125748,"16,17년"
357,인천도시가스,2.0,1.5,1.5,2.0,1.5,1.5,0.0,0.0,0.0,전기가스업,31300,30600,-0.022364217252396165,"16,17년"
358,인터지스,2.0,1.5,1.5,3.0,1.5,1.5,1.0,0.0,0.0,운수창고업,3305,2990,-0.09531013615733737,"16,17년"
359,인팩,1.0,1.5,1.5,2.0,1.5,1.5,1.0,0.0,0.0,운수장비,6630,4805,-0.27526395173454,"16,17년"
360,일동홀딩스,2.0,1.5,1.5,2.0,1.5,1.5,0.0,0.0,0.0,의약품,27300,14450,-0.4706959706959707,"16,17년"
361,일성건설,1.0,1.5,1.5,2.0,1.5,1.5,1.0,0.0,0.0,건설업,9100,1065,-0.8829670329670329,"16,17년"
362,일성신약,1.0,1.5,1.5,2.0,1.5,1.5,1.0,0.0,0.0,의약품,113500,137500,0.21145374449339208,"16,17년"
363,일신방직,2.0,1.5,3.0,3.0,1.5,1.5,1.0,0.0,-1.5,섬유의복,130000,120000,-0.07692307692307693,"16,17년"
364,일신석재,1.0,1.5,1.5,2.0,1.5,1.5,1.0,0.0,0.0,유통업,1260,1325,0.051587301587301584,"16,17년"
365,일양약품,2.0,1.5,1.5,2.0,1.5,1.5,0.0,0.0,0.0,의약품,39150,34800,-0.1111111111111111,"16,17년"
366,일정실업,1.0,1.5,1.5,1.0,1.5,1.5,0.0,0.0,0.0,섬유의복,30100,26900,-0.10631229235880399,"16,17년"
367,일진다이아,1.0,1.5,1.5,1.0,1.5,1.5,0.0,0.0,0.0,화학,7860,19450,1.474554707379135,"16,17년"
368,일진디스플,2.0,1.5,1.5,1.0,1.5,3.0,-1.0,0.0,1.5,전기전자,4115,9150,1.2235722964763063,"16,17년"
369,일진전기,2.0,1.5,1.5,2.0,1.5,1.5,0.0,0.0,0.0,전기전자,4650,4600,-0.010752688172043012,"16,17년"
370,일진홀딩스,2.0,1.5,1.5,2.0,1.5,1.5,0.0,0.0,0.0,기타금융,5850,5190,-0.11282051282051282,"16,17년"
371,자화전자,2.0,1.5,3.0,2.0,1.5,1.5,0.0,0.0,-1.5,전기전자,14550,21300,0.4639175257731959,"16,17년"
372,전방,1.0,1.5,1.5,2.0,1.5,1.5,1.0,0.0,0.0,섬유의복,38000,20200,-0.46842105263157896,"16,17년"
373,제일기획,2.0,1.5,3.0,2.0,1.5,1.5,0.0,0.0,-1.5,서비스업,16950,20800,0.22713864306784662,"16,17년"
374,제일연마,1.0,1.5,1.5,3.0,1.5,1.5,2.0,0.0,0.0,비금속광물,6390,5810,-0.09076682316118936,"16,17년"
375,제주은행,5.0,3.0,1.5,4.0,3.0,1.5,-1.0,0.0,0.0,은행,7770,6840,-0.11969111969111969,"16,17년"
376,조광페인트,2.0,1.5,1.5,2.0,1.5,1.5,0.0,0.0,0.0,화학,11400,10550,-0.07456140350877193,"16,17년"
377,조광피혁,2.0,1.5,1.5,3.0,1.5,1.5,1.0,0.0,0.0,기타제조업,38000,36400,-0.042105263157894736,"16,17년"
378,조비,1.0,1.5,1.5,2.0,1.5,1.5,1.0,0.0,0.0,화학,13300,11650,-0.12406015037593984,"16,17년"
379,조선내화,2.0,1.5,1.5,2.0,3.0,3.0,0.0,1.5,1.5,비금속광물,92000,86900,-0.05543478260869565,"16,17년"
380,조선선재,1.0,1.5,1.5,1.0,1.5,1.5,0.0,0.0,0.0,기계,65700,71000,0.0806697108066971,"16,17년"
381,조일알미늄,2.0,1.5,3.0,2.0,1.5,3.0,0.0,0.0,0.0,철강금속,1770,1270,-0.2824858757062147,"16,17년"
382,조흥,2.0,1.5,1.5,2.0,1.5,1.5,0.0,0.0,0.0,음식료품,155500,281000,0.8070739549839229,"16,17년"
383,종근당,2.0,3.0,1.5,3.0,3.0,1.5,1.0,0.0,0.0,의약품,92700,112500,0.21359223300970873,"16,17년"
384,종근당바이오,2.0,1.5,3.0,2.0,1.5,1.5,0.0,0.0,-1.5,의약품,22350,21800,-0.024608501118568233,"16,17년"
385,종근당홀딩스,2.0,1.5,1.5,3.0,1.5,1.5,1.0,0.0,0.0,의약품,66400,68800,0.03614457831325301,"16,17년"
386,주연테크,1.0,1.5,1.5,1.0,1.5,1.5,0.0,0.0,0.0,전기전자,1335,547,-0.5902621722846442,"16,17년"
387,지엠비코리아,2.0,1.5,1.5,2.0,1.5,1.5,0.0,0.0,0.0,운수장비,4785,7480,0.5632183908045977,"16,17년"
388,지역난방공사,4.0,3.0,3.0,3.0,4.0,4.0,-1.0,1.0,1.0,전기가스업,69000,71800,0.04057971014492753,"16,17년"
389,지투알,3.0,1.5,1.5,3.0,1.5,1.5,0.0,0.0,0.0,서비스업,7880,11150,0.4149746192893401,"16,17년"
390,진도,1.0,1.5,1.5,2.0,1.5,1.5,1.0,0.0,0.0,유통업,6730,5800,-0.13818722139673106,"16,17년"
391,진양산업,2.0,1.5,1.5,2.0,1.5,1.5,0.0,0.0,0.0,화학,4375,3000,-0.3142857142857143,"16,17년"
392,진양홀딩스,2.0,1.5,1.5,2.0,1.5,1.5,0.0,0.0,0.0,화학,3475,3110,-0.10503597122302158,"16,17년"
393,진양화학,2.0,1.5,1.5,2.0,1.5,1.5,0.0,0.0,0.0,화학,4410,2530,-0.42630385487528344,"16,17년"
394,진원생명과학,,1.5,1.5,2.0,1.5,1.5,,0.0,0.0,의약품,11050,6320,-0.4280542986425339,"16,17년"
395,진흥기업,2.0,1.5,3.0,2.0,3.0,3.0,0.0,1.5,0.0,건설업,1755,1990,0.1339031339031339,"16,17년"
396,참엔지니어링,,1.5,1.5,2.0,1.5,1.5,,0.0,0.0,기계,2880,2640,-0.08333333333333333,"16,17년"
397,천일고속,2.0,1.5,1.5,3.0,1.5,1.5,1.0,0.0,0.0,운수창고업,90500,94800,0.04751381215469613,"16,17년"
398,체시스,1.0,1.5,1.5,1.0,1.5,1.5,0.0,0.0,0.0,운수장비,2135,1125,-0.47306791569086654,"16,17년"
399,카프로,2.0,1.5,3.0,2.0,1.5,3.0,0.0,0.0,0.0,화학,5520,8250,0.4945652173913043,"16,17년"
400,코리아써키트,1.0,1.5,3.0,2.0,1.5,3.0,1.0,0.0,0.0,전기전자,8050,16650,1.0683229813664596,"16,17년"
401,코리안리,5.0,1.5,1.5,4.0,1.5,1.5,-1.0,0.0,0.0,보험,11800,11200,-0.05084745762711865,"16,17년"
402,코스맥스,2.0,1.5,1.5,2.0,1.5,1.5,0.0,0.0,0.0,화학,115500,139000,0.20346320346320346,"16,17년"
403,코스맥스비티아이,2.0,1.5,1.5,2.0,1.5,1.5,0.0,0.0,0.0,기타금융,40300,37050,-0.08064516129032258,"16,17년"
404,코스모신소재,1.0,1.5,3.0,1.0,1.5,3.0,0.0,0.0,0.0,화학,5140,12150,1.3638132295719845,"16,17년"
405,코스모화학,2.0,1.5,3.0,2.0,1.5,3.0,0.0,0.0,0.0,화학,4335,12200,1.8143021914648212,"16,17년"
406,코아스,2.0,1.5,1.5,1.0,1.5,1.5,-1.0,0.0,0.0,기타제조업,1580,1170,-0.25949367088607594,"16,17년"
407,코오롱,1.0,1.5,1.5,2.0,3.0,1.5,1.0,1.5,0.0,기타금융,50900,76900,0.5108055009823183,"16,17년"
408,코오롱글로벌,3.0,3.0,1.5,3.0,1.5,1.5,0.0,-1.5,0.0,건설업,13350,9800,-0.26591760299625467,"16,17년"
409,코오롱인더,2.0,1.5,3.0,1.0,3.0,3.0,-1.0,1.5,0.0,화학,74400,75700,0.01747311827956989,"16,17년"
410,코오롱플라스틱,2.0,1.5,4.0,3.0,3.0,3.0,1.0,1.5,-1.0,화학,6920,7480,0.08092485549132948,"16,17년"
411,코웨이,2.0,5.0,4.0,2.0,5.0,4.0,0.0,0.0,0.0,서비스업,89600,97300,0.0859375,"16,17년"
412,콤텍시스템,2.0,1.5,1.5,2.0,1.5,1.5,0.0,0.0,0.0,서비스업,1475,1555,0.05423728813559322,"16,17년"
413,키움증권,4.0,3.0,1.5,4.0,1.5,1.5,0.0,-1.5,0.0,증권,66500,71700,0.07819548872180451,"16,17년"
414,태경산업,1.0,1.5,1.5,1.0,1.5,1.5,0.0,0.0,0.0,화학,4845,5180,0.06914344685242518,"16,17년"
415,태광산업,1.0,3.0,1.5,1.0,1.5,1.5,0.0,-1.5,0.0,화학,839000,1141000,0.3599523241954708,"16,17년"
416,태림포장,1.0,1.5,1.5,1.0,1.5,1.5,0.0,0.0,0.0,종이목재,3060,2300,-0.24836601307189543,"16,17년"
417,태영건설,3.0,3.0,1.5,3.0,1.5,1.5,0.0,-1.5,0.0,건설업,4875,8580,0.76,"16,17년"
418,태원물산,2.0,1.5,1.5,2.0,1.5,1.5,0.0,0.0,0.0,운수장비,4200,3530,-0.1595238095238095,"16,17년"
419,태평양물산,2.0,3.0,1.5,3.0,3.0,1.5,1.0,0.0,0.0,섬유의복,2935,3550,0.20954003407155025,"16,17년"
420,텔코웨어,1.0,1.5,1.5,2.0,1.5,1.5,1.0,0.0,0.0,서비스업,12100,12200,0.008264462809917356,"16,17년"
421,티에이치엔,1.0,1.5,1.5,1.0,1.5,1.5,0.0,0.0,0.0,전기전자,2825,1790,-0.3663716814159292,"16,17년"
422,티웨이홀딩스,1.0,1.5,1.5,1.0,1.5,1.5,0.0,0.0,0.0,비금속광물,6930,3730,-0.46176046176046176,"16,17년"
423,파미셀,1.0,1.5,1.5,2.0,1.5,1.5,1.0,0.0,0.0,의약품,4610,4200,-0.08893709327548807,"16,17년"
424,팜스코,2.0,1.5,1.5,3.0,1.5,1.5,1.0,0.0,0.0,음식료품,11750,12050,0.02553191489361702,"16,17년"
425,팬오션,2.0,1.5,1.5,3.0,1.5,1.5,1.0,0.0,0.0,운수창고업,3605,5260,0.4590846047156727,"16,17년"
426,퍼스텍,2.0,1.5,1.5,2.0,1.5,1.5,0.0,0.0,0.0,기계,3430,3460,0.008746355685131196,"16,17년"
427,퍼시스,2.0,1.5,1.5,2.0,1.5,1.5,0.0,0.0,0.0,기타제조업,33950,33700,-0.007363770250368188,"16,17년"
428,페이퍼코리아,1.0,1.5,1.5,1.0,1.5,1.5,0.0,0.0,0.0,종이목재,579,2020,2.488773747841105,"16,17년"
429,평화산업,3.0,3.0,1.5,2.0,1.5,3.0,-1.0,-1.5,1.5,운수장비,1815,1580,-0.12947658402203857,"16,17년"
430,평화홀딩스,2.0,3.0,1.5,3.0,1.5,1.5,1.0,-1.5,0.0,운수장비,3920,3440,-0.12244897959183673,"16,17년"
431,풀무원,4.0,5.0,4.0,5.0,4.0,4.0,1.0,-1.0,0.0,음식료품,118500,118500,0.0,"16,17년"
432,풍산,2.0,1.5,4.0,3.0,1.5,3.0,1.0,0.0,-1.0,철강금속,34800,49050,0.40948275862068967,"16,17년"
433,풍산홀딩스,2.0,1.5,1.5,3.0,1.5,1.5,1.0,0.0,0.0,기타금융,46700,54300,0.16274089935760172,"16,17년"
434,하나금융지주,5.0,4.0,1.5,4.0,4.0,3.0,-1.0,0.0,1.5,기타금융,32800,47950,0.46189024390243905,"16,17년"
435,하나투어,1.0,1.5,1.5,3.0,1.5,1.5,2.0,0.0,0.0,서비스업,64500,99800,0.5472868217054263,"16,17년"
436,하이스틸,2.0,1.5,1.5,2.0,1.5,1.5,0.0,0.0,0.0,철강금속,21550,21050,-0.02320185614849188,"16,17년"
437,하이트진로,1.0,1.5,3.0,2.0,3.0,3.0,1.0,1.5,0.0,음식료품,22000,26600,0.20909090909090908,"16,17년"
438,하이트진로홀딩스,3.0,1.5,1.5,3.0,1.5,1.5,0.0,0.0,0.0,기타금융,11950,10850,-0.09205020920502092,"16,17년"
439,한국가스공사,3.0,1.5,4.0,3.0,3.0,4.0,0.0,1.5,0.0,전기가스업,46350,40850,-0.1186623516720604,"16,17년"
440,한국공항,1.0,1.5,1.5,1.0,1.5,1.5,0.0,0.0,0.0,운수창고업,44800,47350,0.056919642857142856,"16,17년"
441,한국금융지주,5.0,1.5,1.5,4.0,1.5,1.5,-1.0,0.0,0.0,기타금융,41100,63300,0.5401459854014599,"16,17년"
442,한국내화,1.0,1.5,1.5,1.0,1.5,1.5,0.0,0.0,0.0,비금속광물,3105,3270,0.05314009661835749,"16,17년"
443,한국쉘석유,3.0,1.5,1.5,3.0,1.5,1.5,0.0,0.0,0.0,화학,441000,396000,-0.10204081632653061,"16,17년"
444,한국전자홀딩스,2.0,1.5,1.5,1.0,1.5,1.5,-1.0,0.0,0.0,기타금융,942,873,-0.0732484076433121,"16,17년"
445,한국종합기술,3.0,1.5,1.5,3.0,1.5,1.5,0.0,0.0,0.0,서비스업,5920,6230,0.052364864864864864,"16,17년"
446,한국주강,1.0,1.5,1.5,1.0,1.5,1.5,0.0,0.0,0.0,기계,3450,2330,-0.32463768115942027,"16,17년"
447,한국철강,1.0,3.0,3.0,2.0,3.0,3.0,1.0,0.0,0.0,철강금속,37600,37850,0.006648936170212766,"16,17년"
448,한국카본,1.0,1.5,1.5,1.0,1.5,1.5,0.0,0.0,0.0,기계,6100,5860,-0.03934426229508197,"16,17년"
449,한국콜마,1.0,1.5,1.5,2.0,1.5,1.5,1.0,0.0,0.0,화학,81500,82800,0.015950920245398775,"16,17년"
450,한국콜마홀딩스,2.0,1.5,1.5,1.0,1.5,1.5,-1.0,0.0,0.0,기타금융,29300,45100,0.5392491467576792,"16,17년"
451,한국항공우주,2.0,1.5,3.0,2.0,1.5,3.0,0.0,0.0,0.0,운수장비,64800,56800,-0.12345679012345678,"16,17년"
452,한국화장품,1.0,1.5,1.5,2.0,1.5,1.5,1.0,0.0,0.0,유통업,14450,17800,0.23183391003460208,"16,17년"
453,한국화장품제조,2.0,1.5,1.5,2.0,1.5,1.5,0.0,0.0,0.0,화학,30200,39650,0.3129139072847682,"16,17년"
454,한농화성,2.0,1.5,1.5,2.0,1.5,1.5,0.0,0.0,0.0,화학,5210,4025,-0.22744721689059502,"16,17년"
455,한독,2.0,3.0,3.0,3.0,1.5,3.0,1.0,-1.5,0.0,의약품,22700,24500,0.07929515418502203,"16,17년"
456,한미글로벌,2.0,1.5,1.5,2.0,1.5,1.5,0.0,0.0,0.0,서비스업,8990,9590,0.06674082313681869,"16,17년"
457,한미반도체,2.0,1.5,1.5,2.0,1.5,1.5,0.0,0.0,0.0,기계,13850,10050,-0.2743682310469314,"16,17년"
458,한미사이언스,1.0,1.5,1.5,,1.5,1.5,,0.0,0.0,기타금융,76100,91800,0.20630749014454666,"16,17년"
459,한미약품,,3.0,1.5,1.0,3.0,1.5,,0.0,0.0,의약품,362000,463500,0.2803867403314917,"16,17년"
460,한샘,3.0,1.5,1.5,1.0,1.5,1.5,-2.0,0.0,0.0,유통업,177500,170500,-0.03943661971830986,"16,17년"
461,한섬,3.0,1.5,1.5,2.0,1.5,1.5,-1.0,0.0,0.0,섬유의복,40600,30000,-0.26108374384236455,"16,17년"
462,한성기업,1.0,1.5,1.5,1.0,1.5,1.5,0.0,0.0,0.0,음식료품,8200,6980,-0.14878048780487804,"16,17년"
463,한세실업,3.0,1.5,1.5,3.0,1.5,1.5,0.0,0.0,0.0,섬유의복,25300,26050,0.029644268774703556,"16,17년"
464,한세예스24홀딩스,2.0,1.5,1.5,1.0,1.5,1.5,-1.0,0.0,0.0,섬유의복,10500,10100,-0.0380952380952381,"16,17년"
465,한솔로지스틱스,2.0,1.5,1.5,2.0,1.5,1.5,0.0,0.0,0.0,운수창고업,2690,2290,-0.14869888475836432,"16,17년"
466,한솔케미칼,2.0,3.0,3.0,3.0,1.5,3.0,1.0,-1.5,0.0,화학,82800,73800,-0.10869565217391304,"16,17년"
467,한솔테크닉스,2.0,1.5,3.0,3.0,1.5,3.0,1.0,0.0,0.0,전기전자,15150,17650,0.16501650165016502,"16,17년"
468,한솔홀딩스,2.0,1.5,1.5,2.0,1.5,1.5,0.0,0.0,0.0,기타금융,6430,6190,-0.03732503888024884,"16,17년"
469,한솔홈데코,1.0,3.0,3.0,2.0,3.0,3.0,1.0,0.0,0.0,종이목재,1750,1470,-0.16,"16,17년"
470,한신공영,1.0,1.5,1.5,1.0,1.5,1.5,0.0,0.0,0.0,건설업,17800,16050,-0.09831460674157304,"16,17년"
471,한양증권,3.0,1.5,1.5,3.0,1.5,1.5,0.0,0.0,0.0,증권,7440,8100,0.08870967741935484,"16,17년"
472,한온시스템,2.0,1.5,3.0,2.0,1.5,3.0,0.0,0.0,0.0,기계,10700,13000,0.21495327102803738,"16,17년"
473,한올바이오파마,1.0,3.0,1.5,3.0,1.5,1.5,2.0,-1.5,0.0,의약품,11800,11700,-0.00847457627118644,"16,17년"
474,한익스프레스,2.0,1.5,1.5,2.0,1.5,1.5,0.0,0.0,0.0,운수창고업,78800,47250,-0.4003807106598985,"16,17년"
475,한일시멘트,1.0,1.5,3.0,2.0,1.5,3.0,1.0,0.0,0.0,비금속광물,74400,134000,0.8010752688172043,"16,17년"
476,한일철강,1.0,1.5,1.5,1.0,1.5,1.5,0.0,0.0,0.0,철강금속,22900,25150,0.0982532751091703,"16,17년"
477,한전KPS,2.0,3.0,3.0,2.0,3.0,3.0,0.0,0.0,0.0,건설업,54900,41300,-0.24772313296903462,"16,17년"
478,한전기술,2.0,3.0,3.0,2.0,3.0,4.0,0.0,0.0,1.0,서비스업,25100,17900,-0.2868525896414343,"16,17년"
479,한전산업,1.0,3.0,1.5,2.0,3.0,1.5,1.0,0.0,0.0,서비스업,4880,4220,-0.13524590163934427,"16,17년"
480,한진,1.0,3.0,1.5,2.0,1.5,1.5,1.0,-1.5,0.0,운수창고업,29450,28700,-0.025466893039049237,"16,17년"
481,한진중공업홀딩스,2.0,1.5,1.5,3.0,1.5,1.5,1.0,0.0,0.0,전기가스업,5200,4745,-0.0875,"16,17년"
482,한진칼,1.0,1.5,1.5,1.0,1.5,1.5,0.0,0.0,0.0,운수창고업,16900,21600,0.2781065088757396,"16,17년"
483,한창,1.0,1.5,1.5,1.0,1.5,1.5,0.0,0.0,0.0,유통업,4490,1435,-0.6804008908685969,"16,17년"
484,한창제지,1.0,1.5,1.5,1.0,1.5,1.5,0.0,0.0,0.0,종이목재,1165,996,-0.14506437768240343,"16,17년"
485,한화,3.0,3.0,4.0,4.0,5.0,4.0,1.0,2.0,0.0,화학,37350,44650,0.19544846050870146,"16,17년"
486,한화생명,3.0,3.0,1.5,3.0,4.0,1.5,0.0,1.0,0.0,보험,6250,7920,0.2672,"16,17년"
487,한화손해보험,4.0,1.5,1.5,4.0,1.5,1.5,0.0,0.0,0.0,보험,7590,8160,0.07509881422924901,"16,17년"
488,한화투자증권,4.0,3.0,1.5,4.0,3.0,1.5,0.0,0.0,0.0,증권,2240,2890,0.29017857142857145,"16,17년"
489,현대건설,2.0,3.0,4.0,,3.0,3.0,,0.0,-1.0,건설업,41450,37850,-0.08685162846803378,"16,17년"
490,현대그린푸드,3.0,1.5,1.5,3.0,1.5,3.0,0.0,0.0,1.5,유통업,16750,16000,-0.04477611940298507,"16,17년"
491,현대글로비스,2.0,5.0,3.0,3.0,3.0,3.0,1.0,-2.0,0.0,운수창고업,173500,151000,-0.12968299711815562,"16,17년"
492,현대로템,2.0,3.0,3.0,3.0,3.0,3.0,1.0,0.0,0.0,운수장비,18700,19600,0.0481283422459893,"16,17년"
493,현대리바트,3.0,3.0,1.5,3.0,3.0,1.5,0.0,0.0,0.0,기타제조업,24750,23900,-0.03434343434343434,"16,17년"
494,현대모비스,1.0,5.0,4.0,1.0,4.0,4.0,0.0,-1.0,0.0,운수장비,274000,266500,-0.02737226277372263,"16,17년"
495,현대미포조선,3.0,1.5,4.0,3.0,1.5,4.0,0.0,0.0,0.0,운수장비,70300,108500,0.5433854907539118,"16,17년"
496,현대백화점,3.0,3.0,1.5,3.0,3.0,1.5,0.0,0.0,0.0,유통업,117500,91500,-0.22127659574468084,"16,17년"
497,현대비앤지스틸,,1.5,3.0,1.0,3.0,3.0,,1.5,0.0,철강금속,11500,12450,0.08260869565217391,"16,17년"
498,현대약품,2.0,3.0,1.5,3.0,3.0,1.5,1.0,0.0,0.0,의약품,4455,3370,-0.24354657687991021,"16,17년"
499,현대위아,3.0,3.0,3.0,2.0,1.5,3.0,-1.0,-1.5,0.0,운수장비,78700,64500,-0.18043202033036848,"16,17년"
500,현대제철,1.0,1.5,3.0,2.0,1.5,3.0,1.0,0.0,0.0,철강금속,49400,57500,0.16396761133603238,"16,17년"
501,현대해상,5.0,3.0,1.5,4.0,4.0,3.0,-1.0,1.0,1.5,보험,35350,45350,0.2828854314002829,"16,17년"
502,현대홈쇼핑,4.0,1.5,1.5,4.0,1.5,1.5,0.0,0.0,0.0,유통업,113500,122000,0.07488986784140969,"16,17년"
503,형지엘리트,1.0,1.5,1.5,1.0,1.5,1.5,0.0,0.0,0.0,섬유의복,5210,4435,-0.14875239923224567,"16,17년"
504,혜인,2.0,1.5,1.5,2.0,1.5,1.5,0.0,0.0,0.0,유통업,3635,3745,0.030261348005502064,"16,17년"
505,호텔신라,2.0,1.5,1.5,3.0,3.0,1.5,1.0,1.5,0.0,유통업,57300,78300,0.36649214659685864,"16,17년"
506,화성산업,3.0,1.5,1.5,3.0,1.5,1.5,0.0,0.0,0.0,건설업,12600,15150,0.20238095238095238,"16,17년"
507,화승알앤에이,2.0,1.5,3.0,3.0,3.0,3.0,1.0,1.5,0.0,운수장비,32600,2355,-0.927760736196319,"16,17년"
508,화신,1.0,1.5,1.5,,1.5,1.5,,0.0,0.0,운수장비,6880,4995,-0.27398255813953487,"16,17년"
509,화인베스틸,2.0,1.5,3.0,2.0,1.5,3.0,0.0,0.0,0.0,철강금속,3010,2105,-0.30066445182724255,"16,17년"
510,화천기계,2.0,1.5,1.5,2.0,1.5,1.5,0.0,0.0,0.0,기계,23100,20550,-0.11038961038961038,"16,17년"
511,화천기공,2.0,1.5,1.5,2.0,1.5,1.5,0.0,0.0,0.0,기계,50200,51900,0.03386454183266932,"16,17년"
512,환인제약,3.0,1.5,1.5,3.0,1.5,1.5,0.0,0.0,0.0,의약품,14600,20800,0.4246575342465753,"16,17년"
513,황금에스티,2.0,1.5,1.5,2.0,1.5,1.5,0.0,0.0,0.0,철강금속,7710,9520,0.23476005188067445,"16,17년"
514,효성,,3.0,4.0,,4.0,3.0,,1.0,-1.0,기타금융,134000,134500,0.0037313432835820895,"16,17년"
515,후성,2.0,1.5,3.0,1.0,1.5,3.0,-1.0,0.0,0.0,화학,7770,8930,0.1492921492921493,"16,17년"
516,휴비스,2.0,3.0,3.0,2.0,4.0,3.0,0.0,1.0,0.0,화학,7170,7800,0.08786610878661087,"16,17년"
517,휴스틸,2.0,1.5,3.0,2.0,1.5,1.5,0.0,0.0,-1.5,철강금속,14600,14600,0.0,"16,17년"
518,흥국화재,5.0,1.5,1.5,4.0,1.5,1.5,-1.0,0.0,0.0,보험,3455,6180,0.788712011577424,"16,17년"
519,흥아해운,1.0,1.5,1.5,2.0,1.5,1.5,1.0,0.0,0.0,운수창고업,1680,1255,-0.25297619047619047,"16,17년"
