,거래소코드,회계년도,자산(*)(IFRS연결)(천원),[공통]   배당금(*)(요약)(IFRS),부채비율(IFRS연결),타인자본구성비율(IFRS연결),자기자본구성비율(IFRS연결),매출액증가율(IFRS연결),영업활동으로 인한 현금흐름(간접법)(*)(IFRS연결)(천원),경상연구개발비(IFRS연결)(천원),광고 및 판매촉진비(IFRS연결)(천원),* (정상)영업손익(보고서기재)(IFRS연결)(천원),* (정상)영업손익(계산수치)(IFRS연결)(천원),[공통]PBR(최고)(IFRS),[공통]PBR(최저)(IFRS),ESG 통합등급,2011_E,2011_S,2011_G,평가연도,업종명
CS홀딩스,590,2011/12,188753459.0,0.0,15.95,13.75,86.25,30.53,7701537.0,0.0,0.0,12311552.0,10395078.0,0.55,0.23,C,B,C,C,2011,서비스업
KISCO홀딩스,1940,2011/12,779731867.0,2753.0,14.21,12.44,87.56,5.37,35766809.0,0.0,0.0,-37119345.0,21103649.0,0.42,0.23,C,B+,C,C,2011,서비스업
LG이노텍,11070,2011/12,4409966704.0,0.0,232.87,69.96,30.04,10.95,291213015.0,0.0,0.0,-66836148.0,-42889068.0,2.55,0.97,A,B+,A,A,2011,전기전자
MH에탄올,23150,2011/12,134206851.0,0.0,214.54,68.21,31.79,-18.64,178820.0,0.0,0.0,603258.0,510564.0,0.5,0.22,C,B,C,B이하,2011,음식료품
OCI,10060,2011/12,7205013146.0,52469.0,93.68,48.37,51.63,28.71,1373976217.0,0.0,0.0,1114049828.0,1117915949.0,4.78,1.27,A,A,A,A,2011,화학
SH에너지화학,2360,2011/12,104710740.0,0.0,60.5,37.69,62.31,14.99,5825197.0,0.0,1063880.0,4165988.0,3574431.0,0.73,0.42,B이하,C,B이하,C,2011,화학
SIMPAC,9160,2011/12,310879328.0,2702.0,84.02,45.66,54.34,18.47,18427061.0,0.0,0.0,27346333.0,28888397.0,1.54,0.78,B이하,C,B이하,C,2011,기계
SK이노베이션,96770,2011/12,35026880858.0,261001.0,136.16,57.66,42.34,27.27,2722080392.0,0.0,133216000.0,2842354016.0,2959576140.0,2.16,0.98,A,A+,A,C,2011,서비스업
STX,11810,2011/12,5234175000.0,14671.0,173.19,63.4,36.6,47.5,55801000.0,0.0,0.0,234608000.0,234608000.0,1.94,0.59,B+,B+,B+,B+,2011,유통업
STX엔진,77970,2011/12,3513992968.0,7169.0,243.28,70.87,29.13,9.1,-101603671.0,60372227.0,0.0,174480231.0,174480231.0,1.5,0.5,A,B,A,A,2011,기계
가온전선,500,2011/12,509900791.0,1964.0,96.1,49.0,51.0,31.52,-19623646.0,1611866.0,0.0,5425009.0,12697155.0,0.41,0.22,C,B,C,B이하,2011,전기전자
강원랜드,35250,2011/12,2711401782.0,184734.0,20.11,16.75,83.25,-3.66,417827759.0,0.0,23780315.0,488541474.0,489646463.0,3.25,2.37,B이하,B+,B이하,C,2011,서비스업
경농,2100,2011/12,173774102.0,1468.0,21.53,17.72,82.28,0.0,14162963.0,0.0,0.0,7676752.0,7102202.0,0.66,0.41,B이하,B,B이하,B이하,2011,화학
경동나비엔,9450,2011/12,263211016.0,1247.0,56.57,36.13,63.87,11.09,15493744.0,4185928.0,0.0,12421333.0,11937375.0,3.2,0.41,B이하,B,B이하,B이하,2011,전기전자
경방,50,2011/12,1352324332.0,0.0,114.76,53.44,46.56,2.59,-14647398.0,0.0,3618514.0,22188217.0,22059511.0,0.45,0.26,B이하,B,B이하,C,2011,섬유의복
경인양행,12610,2011/12,319596954.0,1845.0,81.29,44.84,55.16,-12.89,9839673.0,0.0,0.0,6353143.0,6353143.0,1.06,0.45,B이하,B,B이하,B이하,2011,화학
경인전자,9140,2011/12,63394446.0,698.0,14.26,12.48,87.52,0.0,3236038.0,0.0,0.0,284175.0,345574.0,0.58,0.32,C,B,C,C,2011,전기전자
계양전기,12200,2011/12,170610595.0,1637.0,23.1,18.76,81.24,21.23,2739193.0,0.0,0.0,8331250.0,5603206.0,1.09,0.53,B이하,B,B이하,C,2011,기계
고려산업,2140,2011/12,124894379.0,724.0,122.77,55.11,44.89,0.0,4450090.0,0.0,0.0,6671407.0,6388773.0,0.46,0.26,B이하,C,B이하,C,2011,음식료품
고려아연,10130,2011/12,4606179546.0,88371.0,31.21,23.79,76.21,44.77,909319544.0,0.0,0.0,964410897.0,968149521.0,2.91,1.36,B이하,B+,B이하,B이하,2011,철강금속
고려제강,2240,2011/12,1823262406.0,4549.0,43.36,30.25,69.75,8.42,102296236.0,0.0,0.0,107447004.0,92742983.0,0.78,0.49,B이하,C,B이하,C,2011,철강금속
광동제약,9290,2011/12,321682097.0,2132.0,28.92,22.43,77.57,8.39,27678909.0,0.0,0.0,38614544.0,40423192.0,0.85,0.59,B이하,C,B이하,B이하,2011,의약품
광명전기,17040,2011/12,123886511.0,0.0,96.84,49.2,50.8,-10.75,1765403.0,0.0,0.0,496117.0,496117.0,3.07,1.14,C,B,C,B이하,2011,전기전자
광전자,17900,2011/12,350230397.0,0.0,54.0,35.06,64.94,15.28,19749357.0,9084148.0,0.0,-39950314.0,824400.0,1.51,0.53,C,C,C,B이하,2011,전기전자
광주신세계,37710,2011/12,380753715.0,2000.0,22.74,18.53,81.47,5.69,58007847.0,0.0,0.0,58896505.0,58439344.0,1.04,0.78,B+,B+,B+,B이하,2011,유통업
교보증권,30610,2011/03,4586430100.0,3568.0,727.7,87.92,12.08,162.71,488628731.0,0.0,0.0,0.0,3581007.0,0.73,0.45,B+,C,B이하,C,2011,증권
국도화학,7690,2011/12,567444580.0,4648.0,79.85,44.4,55.6,9.39,76466136.0,0.0,0.0,37915827.0,37790617.0,1.59,0.67,B이하,B,B이하,B이하,2011,화학
국동,5320,2011/12,68162305.0,0.0,1069.25,91.45,8.55,1.4,-963482.0,0.0,0.0,1137580.0,402872.0,3.26,0.25,B이하,B,B이하,C,2011,유통업
국보,1140,2011/12,98869465.0,50.0,186.86,65.14,34.86,10.01,3249944.0,0.0,0.0,1737608.0,740877.0,0.68,0.39,B이하,B,B이하,B이하,2011,운수창고업
국제약품,2720,2011/03,142910369.0,1046.0,93.46,48.31,51.69,0.0,-1729211.0,0.0,0.0,9522664.0,8250110.0,0.8,0.42,B이하,B,B이하,B이하,2011,의약품
극동유화,14530,2011/12,195932757.0,2441.0,111.54,52.73,47.27,27.49,-8203961.0,0.0,0.0,14633536.0,13687537.0,0.79,0.49,B이하,B,B이하,B이하,2011,화학
금강공업,14280,2011/12,431242593.0,1124.0,123.63,55.28,44.72,8.13,35745306.0,0.0,0.0,8906080.0,8827810.0,0.53,0.25,B이하,B,B이하,C,2011,철강금속
금양,1570,2011/12,130817841.0,840.0,189.58,65.47,34.53,6.9,-688415.0,0.0,0.0,6952664.0,5687029.0,1.2,0.54,C,B,C,C,2011,화학
금호전기,1210,2011/12,549343934.0,2663.0,103.37,50.83,49.17,-17.14,-15043637.0,0.0,0.0,10764997.0,10488501.0,1.18,0.48,B이하,B,B이하,B이하,2011,전기전자
깨끗한나라,4540,2011/12,442025037.0,0.0,322.33,76.32,23.68,13.87,33874614.0,0.0,12397385.0,11788406.0,12503463.0,1.53,0.84,B이하,B,B이하,B+,2011,종이목재
남광토건,1260,2011/12,883710234.0,0.0,0.0,107.43,0.0,-2.51,48986979.0,0.0,0.0,-126029097.0,-116570940.0,0.0,0.0,B이하,C,B이하,B이하,2011,건설업
남선알미늄,8350,2011/12,259574975.0,0.0,249.67,71.4,28.6,11.64,-2094649.0,0.0,0.0,4920524.0,4168554.0,3.49,1.17,C,C,C,B이하,2011,철강금속
남성,4270,2011/12,222934371.0,839.0,157.95,61.23,38.77,-14.28,3187221.0,457779.0,0.0,-328193.0,-207956.0,0.4,0.27,C,C,C,C,2011,유통업
남양유업,3920,2011/12,1012073856.0,857.0,23.58,19.08,80.92,17.18,-2684456.0,0.0,95878714.0,49087470.0,47192690.0,1.0,0.71,C,B,C,C,2011,음식료품
남해화학,25860,2011/12,631030361.0,882.0,71.86,41.81,58.19,32.94,-20062778.0,0.0,0.0,-7511905.0,15292838.0,2.7,1.16,B이하,B,B이하,B이하,2011,화학
넥센,5720,2011/12,521959112.0,1074.0,63.37,38.79,61.21,12.82,18292643.0,0.0,0.0,15934948.0,15269219.0,1.07,0.67,B이하,B,B이하,C,2011,화학
넥센타이어,2350,2011/12,1902240724.0,6027.0,236.65,70.3,29.7,24.49,-14223876.0,0.0,12067413.0,114316396.0,111979472.0,4.18,1.54,B이하,C,B이하,B이하,2011,화학
노루페인트,90350,2011/12,490240264.0,3069.0,118.78,54.29,45.71,19.61,25186149.0,0.0,3719632.0,14821355.0,14188474.0,0.39,0.24,B이하,B,B이하,B이하,2011,화학
노루홀딩스,320,2011/12,787102842.0,4170.0,116.98,53.91,46.09,16.97,33689705.0,0.0,4213582.0,15269331.0,13143430.0,0.67,0.4,C,B,C,C,2011,서비스업
녹십자,6280,2011/12,860353832.0,15166.0,36.5,26.74,73.26,0.0,54855488.0,0.0,0.0,88336683.0,85386142.0,3.22,1.95,B이하,B,B이하,B이하,2011,의약품
녹십자홀딩스,5250,2011/12,4603216704.0,10954.0,413.89,80.54,19.46,-2.95,116177695.0,0.0,0.0,99800853.0,105781013.0,15.07,1.15,B이하,B,B이하,C,2011,서비스업
농심,4370,2011/12,2270287656.0,23131.0,49.44,33.08,66.92,4.23,120722289.0,0.0,77223531.0,115843797.0,102305653.0,1.18,0.85,B이하,B,B이하,B이하,2011,음식료품
농심홀딩스,72710,2011/12,989299514.0,9276.0,41.39,29.28,70.72,7.46,13388611.0,0.0,0.0,51759938.0,13422916.0,0.6,0.44,B이하,B,B이하,C,2011,서비스업
다우기술,23590,2011/12,4235093248.0,5550.0,292.92,74.55,25.45,2.61,-62284579.0,0.0,13852363.0,178736236.0,173614927.0,1.38,0.81,B이하,C,B이하,C,2011,서비스업
대교,19680,2011/12,858490568.0,14234.0,33.35,25.01,74.99,3.16,40387553.0,0.0,35061000.0,68878673.0,56129474.0,1.33,0.89,B이하,A,B이하,C,2011,서비스업
대구백화점,6370,2011/03,504984223.0,3159.0,32.86,24.73,75.27,9.28,42424149.0,0.0,25578355.0,31300282.0,31354381.0,0.4,0.27,B이하,B+,B이하,B이하,2011,유통업
대림통상,6570,2011/12,267062895.0,1827.0,80.77,44.68,55.32,1.77,4858882.0,551691.0,0.0,3617060.0,2215069.0,0.57,0.37,B이하,C,B이하,B이하,2011,기계
대상,1680,2011/12,1565601613.0,3616.0,186.17,65.06,34.94,21.22,30116476.0,0.0,51505000.0,102480000.0,108870434.0,1.18,0.48,B이하,B,B이하,B이하,2011,음식료품
대상홀딩스,84690,2011/12,576988559.0,5578.0,38.99,28.05,71.95,140.74,13813276.0,0.0,0.0,37872570.0,30253548.0,0.46,0.27,C,B,C,C,2011,서비스업
대성홀딩스,16710,2011/12,941567070.0,3218.0,105.3,51.29,48.71,20.73,37143643.0,0.0,1496899.0,38163650.0,21265498.0,1.23,0.44,C,B,C,C,2011,서비스업
대신증권,3540,2011/03,9561512936.0,59768.0,463.71,82.26,17.74,28.28,332508289.0,0.0,0.0,432676962.0,83963969.0,0.96,0.72,B이하,A,B이하,C,2011,증권
대양금속,9190,2011/12,213532161.0,0.0,600.95,85.73,14.27,-32.13,8131017.0,0.0,0.0,-23481341.0,-23938942.0,2.56,1.2,C,C,C,C,2011,철강금속
대영포장,14160,2011/12,225413474.0,0.0,126.19,55.79,44.21,35.31,-3823052.0,0.0,0.0,1410018.0,3409788.0,0.51,0.32,B이하,C,B이하,B이하,2011,종이목재
대우건설,47040,2011/12,9468578921.0,0.0,177.49,63.96,36.04,4.56,-106374237.0,19217000.0,45366000.0,331859285.0,328177440.0,1.98,1.0,B이하,B,B이하,B이하,2011,건설업
대우조선해양,42660,2011/12,16530738032.0,0.0,287.28,74.18,25.82,1.29,2258794.0,0.0,0.0,1009765331.0,967198406.0,2.17,0.89,B+,B+,B+,A,2011,운수장비
대웅,3090,2011/12,476954187.0,4499.0,41.91,29.53,70.47,0.0,10404680.0,0.0,679301.0,49904392.0,51319479.0,0.79,0.56,B이하,B,B이하,C,2011,서비스업
대웅제약,69620,2011/12,498461064.0,7783.0,37.54,27.29,72.71,0.0,78822881.0,0.0,40613908.0,63630246.0,59288726.0,1.59,0.86,B+,B,B이하,C,2011,의약품
대원강업,430,2011/12,955647662.0,6704.0,134.75,57.4,42.6,20.91,35449088.0,0.0,0.0,68235235.0,63071239.0,1.62,0.8,B이하,C,B이하,B이하,2011,운수장비
대원전선,6340,2011/12,216443383.0,0.0,218.57,68.61,31.39,0.0,30601004.0,0.0,0.0,7956650.0,7398009.0,1.01,0.51,C,C,C,B이하,2011,전기전자
대원제약,3220,2011/12,140388079.0,1276.0,35.1,25.98,74.02,-4.02,17932732.0,0.0,5731828.0,12666544.0,14069170.0,1.09,0.61,B이하,B+,B이하,C,2011,의약품
대원화성,24890,2011/12,108431492.0,0.0,182.14,64.56,35.44,12.29,-260092.0,0.0,0.0,-3797398.0,-2095616.0,1.27,0.53,C,B,C,B이하,2011,화학
대유에이텍,2880,2011/12,362524758.0,1277.0,383.91,79.34,20.66,68.41,-22906879.0,0.0,0.0,14619763.0,15981227.0,3.91,1.05,B이하,C,B이하,B이하,2011,운수장비
대창,12800,2011/12,485259912.0,0.0,167.75,62.65,37.35,6.58,10189603.0,1813563.0,0.0,18334373.0,17050306.0,1.43,0.52,B이하,C,B이하,B이하,2011,철강금속
대창단조,15230,2011/12,148832447.0,2000.0,77.83,43.77,56.23,29.25,25175911.0,0.0,0.0,31532679.0,31559318.0,1.47,0.72,C,C,C,B이하,2011,운수장비
대한방직,1070,2011/12,272312547.0,0.0,214.47,68.2,31.8,-5.23,-2001726.0,0.0,0.0,-9357138.0,-9357137.0,0.45,0.25,C,B,C,C,2011,섬유의복
대한유화,6650,2011/12,1271667971.0,9264.0,65.44,39.55,60.45,10.59,30220897.0,0.0,0.0,51395541.0,40939427.0,1.54,0.54,B이하,B,B이하,B이하,2011,화학
대한전선,1440,2011/12,3522892708.0,0.0,985.62,90.79,9.21,2.1,-11964700.0,0.0,0.0,-30792206.0,5995233.0,3.79,1.18,C,B,C,B이하,2011,전기전자
대한제강,84010,2011/12,794943509.0,2205.0,141.34,58.56,41.44,12.73,-4034854.0,0.0,195555.0,17810991.0,17437367.0,0.84,0.37,B+,B,B이하,B이하,2011,철강금속
대한제당,1790,2011/12,1595832317.0,2755.0,286.17,74.1,25.9,6.76,2617464.0,0.0,0.0,42604518.0,42604518.0,1.24,0.38,B이하,B,B이하,C,2011,음식료품
대한제분,1130,2011/12,845150369.0,5339.0,51.24,33.88,66.12,3.41,7712144.0,0.0,2206813.0,4420775.0,5749429.0,0.58,0.4,B이하,B,B이하,C,2011,음식료품
대한항공,3490,2011/12,22388342727.0,0.0,708.55,87.63,12.37,5.4,2025229876.0,0.0,0.0,460163461.0,460163461.0,3.1,1.5,A,B+,A,A,2011,운수창고업
대한화섬,3830,2011/12,467635475.0,842.0,34.11,25.44,74.56,33.41,2144206.0,0.0,0.0,5403661.0,8558818.0,0.48,0.28,B이하,C,B이하,B이하,2011,화학
대현,16090,2011/12,173743262.0,974.0,81.65,44.95,55.05,6.03,-2585299.0,0.0,0.0,11792258.0,10919209.0,2.03,0.49,C,B+,C,C,2011,섬유의복
대호에이엘,69460,2011/12,133330219.0,0.0,223.24,69.06,30.94,7.33,4318159.0,429953.0,0.0,12783543.0,12276727.0,3.02,1.27,C,B,C,B이하,2011,철강금속
더존비즈온,12510,2011/12,167409573.0,0.0,158.94,61.38,38.62,-1.45,29556021.0,0.0,0.0,14164103.0,17647499.0,9.47,2.9,B이하,B,B이하,C,2011,서비스업
덕성,4830,2011/12,89763557.0,317.0,57.61,36.55,63.45,-18.16,-4175187.0,0.0,26153.0,376754.0,127687.0,1.26,0.45,C,B,C,C,2011,화학
덕양산업,24900,2011/12,254048937.0,16002.0,272.5,73.15,26.85,39.98,22624915.0,0.0,64000.0,5216209.0,-270916.0,1.57,0.47,C,C,C,C,2011,운수장비
동국제강,1230,2011/12,10152885174.0,45434.0,222.55,69.0,31.0,8.43,-218149508.0,0.0,0.0,267069603.0,278579124.0,1.09,0.44,B이하,B+,B이하,B이하,2011,철강금속
동남합성,23450,2011/12,62255155.0,204.0,40.66,28.91,71.09,19.76,-4105945.0,537315.0,0.0,1593866.0,1492162.0,1.32,0.44,C,C,C,C,2011,화학
동방,4140,2011/12,585961449.0,569.0,373.6,78.89,21.11,6.83,13395890.0,0.0,0.0,25374901.0,23751144.0,0.89,0.32,B이하,B,B이하,B이하,2011,운수창고업
동방아그로,7590,2011/12,149857220.0,2295.0,32.57,24.57,75.43,0.0,15180408.0,0.0,2683717.0,6886114.0,6886114.0,0.92,0.77,B이하,B,B이하,C,2011,화학
동부건설,5960,2011/12,2570902478.0,0.0,509.14,83.58,16.42,-1.07,254899568.0,42557000.0,0.0,-119664942.0,45749535.0,0.64,0.26,B이하,B+,B이하,B이하,2011,건설업
동성제약,2210,2011/12,124577132.0,530.0,106.93,51.68,48.32,9.06,-2643337.0,0.0,0.0,3595243.0,3247590.0,0.63,0.36,B이하,B,B이하,C,2011,의약품
동아지질,28100,2011/12,202921027.0,1978.0,60.38,37.65,62.35,-22.15,-9861587.0,2021971.0,0.0,4579134.0,4279987.0,1.58,0.84,B이하,B,B이하,B이하,2011,건설업
동양,1520,2011/12,3633466665.0,0.0,927.33,90.27,9.73,50.57,-119428928.0,0.0,0.0,-25635268.0,11450483.0,3.51,0.9,B이하,B,B이하,C,2011,비금속광물
동양고속,84670,2011/12,290833249.0,2960.0,117.97,54.12,45.88,47.16,15587388.0,0.0,0.0,431643.0,9718908.0,0.55,0.35,B이하,B,B이하,C,2011,운수창고업
동양철관,8970,2011/12,200430666.0,0.0,89.04,47.1,52.9,6.38,-473009.0,0.0,0.0,3005452.0,2387693.0,2.76,0.56,B이하,C,B이하,B이하,2011,철강금속
동원산업,6040,2011/12,1306812956.0,10090.0,163.04,61.98,38.02,2.22,38467309.0,0.0,0.0,96506851.0,96506851.0,1.52,1.0,B이하,C,B이하,C,2011,"농업, 임업 및 어업"
동원수산,30720,2011/12,107105523.0,1532.0,140.16,58.36,41.64,0.0,3231079.0,0.0,0.0,6052556.0,4216747.0,2.54,0.62,C,C,C,C,2011,"농업, 임업 및 어업"
동원시스템즈,14820,2011/12,450948473.0,0.0,397.73,79.91,20.09,8.48,-6627773.0,0.0,0.0,24092513.0,24092513.0,2.3,1.2,C,C,C,B이하,2011,전기전자
동일산업,4890,2011/12,371750736.0,3542.0,29.77,22.94,77.06,5.59,42627164.0,0.0,0.0,43344545.0,43344545.0,0.73,0.45,C,B,C,B이하,2011,철강금속
동화약품,20,2011/12,339431477.0,2793.0,47.82,32.35,67.65,8.96,46244032.0,0.0,23337175.0,25621666.0,25621666.0,0.82,0.49,B이하,B+,B이하,B이하,2011,의약품
두산,150,2011/12,6296220754.0,54471.0,80.46,44.59,55.41,7.48,299878131.0,0.0,0.0,453241961.0,408852539.0,2.79,1.65,A,A+,A,A,2011,서비스업
디씨엠,24090,2011/12,168125000.0,6054.0,21.22,17.5,82.5,13.44,11889000.0,0.0,0.0,24400000.0,24380000.0,1.77,0.73,B이하,B,B이하,C,2011,철강금속
디아이,3160,2011/12,188261131.0,0.0,73.08,42.22,57.78,-2.57,-3709206.0,0.0,0.0,-5808175.0,-5808175.0,0.75,0.33,B이하,B,B이하,B이하,2011,의료정밀
디아이씨,92200,2011/12,528402290.0,1085.0,218.79,68.63,31.37,21.49,5088916.0,0.0,0.0,20912968.0,20082832.0,1.77,0.88,B이하,B,B이하,B이하,2011,운수장비
롯데관광개발,32350,2011/12,224758209.0,0.0,149.81,59.97,40.03,36.42,1976623.0,0.0,2685871.0,-5637373.0,919920.0,3.16,1.81,B이하,B,B이하,B이하,2011,서비스업
롯데손해보험,400,2011/03,2955899685.0,0.0,1365.61,93.18,6.82,0.89,451842351.0,0.0,0.0,,-15202153.0,1.85,1.4,B이하,B,B이하,C,2011,보험
롯데쇼핑,23530,2011/12,33061119644.0,43565.0,125.23,55.6,44.4,17.01,870997946.0,0.0,434911114.0,1662900144.0,1818842311.0,1.24,0.7,A,B+,A,A,2011,유통업
마니커,27740,2011/12,281438687.0,0.0,218.64,68.62,31.38,7.3,8636509.0,0.0,0.0,4897767.0,6165103.0,0.88,0.5,B이하,C,B이하,C,2011,음식료품
명문제약,17180,2011/12,202503823.0,807.0,143.59,58.95,41.05,13.05,-1415963.0,0.0,6429115.0,10761979.0,11169276.0,1.18,0.48,B이하,B+,B이하,C,2011,의약품
모나리자,12690,2011/12,59334257.0,1352.0,45.41,31.23,68.77,3.72,9375747.0,0.0,0.0,7115351.0,6898398.0,3.49,0.59,B이하,C,B이하,C,2011,종이목재
모나미,5360,2011/12,212142757.0,689.0,232.44,69.92,30.08,0.15,4818719.0,149378.0,3325101.0,12798899.0,12798899.0,1.19,0.31,B이하,B,B이하,B이하,2011,유통업
모토닉,9680,2011/12,423199251.0,5654.0,19.63,16.41,83.59,-13.15,-3227069.0,6585925.0,0.0,26430500.0,21632866.0,1.2,0.66,C,B,C,B이하,2011,운수장비
무림페이퍼,9200,2011/12,2257628667.0,8322.0,245.43,71.05,28.95,14.95,-154935148.0,0.0,0.0,47524123.0,51245773.0,1.09,0.31,B이하,B,B이하,B이하,2011,종이목재
문배철강,8420,2011/12,129650251.0,970.0,59.17,37.18,62.82,17.96,-3894162.0,0.0,0.0,3027388.0,3027388.0,0.73,0.43,C,B,C,C,2011,철강금속
미래산업,25560,2011/12,126114458.0,0.0,148.6,59.77,40.23,0.0,-1179885.0,0.0,0.0,-15294476.0,-10366892.0,5.01,1.98,B이하,B+,B이하,B이하,2011,의료정밀
미래에셋증권,6800,2011/03,19411867000.0,79517.0,610.68,85.93,14.07,-23.26,872439000.0,0.0,0.0,0.0,299404000.0,2.35,1.42,B이하,B,B이하,C,2011,증권
미원상사,2840,2011/12,148263212.0,511.0,77.29,43.6,56.4,21.93,9284580.0,0.0,0.0,17555606.0,13247954.0,1.5,0.86,B이하,B,B이하,B이하,2011,화학
백광산업,1340,2011/12,422390740.0,1371.0,106.47,51.57,48.43,8.03,26856766.0,0.0,0.0,16704855.0,17281812.0,0.81,0.47,C,B,C,B이하,2011,화학
백산,35150,2011/12,153278162.0,1888.0,83.86,45.61,54.39,17.95,12275221.0,0.0,0.0,13647429.0,14780042.0,1.8,0.71,B이하,C,B이하,B이하,2011,화학
범양건영,2410,2011/12,297418155.0,0.0,12807.68,99.23,0.77,-52.77,-16891964.0,5940220.0,0.0,-178026434.0,-46954092.0,4.55,0.72,C,C,C,B이하,2011,건설업
보락,2760,2011/12,46455549.0,0.0,26.03,20.65,79.35,9.0,784278.0,0.0,0.0,462192.0,462192.0,1.1,0.64,B이하,B,B이하,B이하,2011,화학
보해양조,890,2011/12,244226095.0,0.0,375.72,78.98,21.02,0.45,19845896.0,0.0,10902843.0,-28185095.0,4102207.0,14.29,6.44,C,B,C,C,2011,음식료품
부광약품,3000,2011/03,251539303.0,12994.0,26.55,20.98,79.02,5.74,33671477.0,0.0,4621523.0,39864382.0,39701191.0,2.97,1.81,B이하,B+,B이하,C,2011,의약품
부국증권,1270,2011/03,652854503.0,10370.0,72.37,41.99,58.01,44.74,197376479.0,0.0,0.0,0.0,33646817.0,0.83,0.58,B이하,B,B이하,C,2011,증권
부국철강,26940,2011/12,144303661.0,1500.0,43.83,30.48,69.52,-5.82,-8582311.0,0.0,0.0,9537516.0,8062582.0,0.63,0.35,C,B,C,C,2011,철강금속
부산산업,11390,2011/12,108216597.0,0.0,165.8,62.38,37.62,16.7,4427396.0,0.0,0.0,1396682.0,2022360.0,0.77,0.39,C,C,C,C,2011,비금속광물
부산주공,5030,2011/12,214468630.0,829.0,368.37,78.65,21.35,14.24,8215164.0,0.0,0.0,5777993.0,4867802.0,1.04,0.42,B이하,B,B이하,B이하,2011,운수장비
비상교육,100220,2011/12,179673049.0,2502.0,44.64,30.86,69.14,18.75,6907875.0,0.0,17416856.0,15382089.0,15376660.0,1.3,0.57,B이하,B,B이하,C,2011,서비스업
빙그레,5180,2011/12,493949047.0,10610.0,24.41,19.62,80.38,0.0,13535338.0,0.0,0.0,49097713.0,50229551.0,1.76,1.18,B+,B,B+,C,2011,음식료품
사조대림,3960,2011/12,358454161.0,1925.0,138.05,57.99,42.01,35.76,-36592890.0,0.0,5316958.0,13493031.0,13430105.0,1.32,0.57,B이하,B,B이하,C,2011,음식료품
사조산업,7160,2011/12,1138408934.0,989.0,234.89,70.14,29.86,21.09,-44265872.0,0.0,0.0,86011368.0,73768388.0,1.74,1.13,B이하,B,B이하,C,2011,"농업, 임업 및 어업"
사조오양,6090,2011/12,172615973.0,0.0,153.95,60.62,39.38,8.62,10576020.0,0.0,0.0,12183268.0,13247986.0,1.48,0.82,C,B,C,C,2011,"농업, 임업 및 어업"
삼성SDI,6400,2011/12,8527410755.0,67334.0,35.04,25.95,74.05,6.24,299737322.0,0.0,0.0,203713751.0,109967972.0,1.89,0.89,A+,B,A+,A+,2011,전기전자
삼성공조,6660,2011/12,259963771.0,521.0,59.22,37.19,62.81,41.18,9350685.0,0.0,0.0,8186063.0,9109611.0,0.45,0.31,C,B,C,B이하,2011,운수장비
삼성물산,28260,2011/12,5907999507.0,0.0,56.53,36.12,63.88,21.73,171803607.0,0.0,0.0,208099232.0,221139889.0,0.0,0.0,A+,B+,A+,A,2011,유통업
삼성엔지니어링,28050,2011/12,5188614818.0,110872.0,295.07,74.69,25.31,75.03,175469961.0,0.0,0.0,717266264.0,618984952.0,9.77,5.74,B+,B+,B+,B이하,2011,서비스업
삼성전기,9150,2011/12,7328861760.0,58244.0,89.09,47.12,52.88,-13.45,489069656.0,0.0,0.0,320857204.0,277814869.0,3.39,1.45,A+,B+,A+,A+,2011,전기전자
삼성전자,5930,2011/12,155631254000.0,752195.0,52.81,34.56,65.44,6.71,22917901000.0,0.0,0.0,16249717000.0,15454900000.0,2.14,1.33,A,A,A,A+,2011,전기전자
삼성제약,1360,2011/12,87524733.0,0.0,161.71,61.79,38.21,12.32,-1647520.0,0.0,0.0,455923.0,449923.0,1.34,0.36,B이하,B,B이하,C,2011,의약품
삼성중공업,10140,2011/12,16413939003.0,108366.0,253.44,71.71,28.29,1.87,1439763794.0,0.0,0.0,1159979071.0,1082610040.0,2.61,1.2,B이하,B,B이하,B+,2011,운수장비
삼성증권,16360,2011/03,15675659382.0,80881.0,449.69,81.81,18.19,-0.7,391518426.0,0.0,0.0,1132826883.0,340653080.0,2.56,1.33,A,A,A,B+,2011,증권
삼성출판사,68290,2011/12,85801871.0,990.0,21.46,17.67,82.33,0.61,8143274.0,0.0,3834662.0,5176126.0,4818635.0,1.26,0.47,B이하,B,B이하,C,2011,서비스업
삼성카드,29780,2011/12,16135253273.0,85724.0,163.16,62.0,38.0,-10.98,-1234193138.0,0.0,0.0,0.0,385036861.0,1.31,0.79,B+,B+,B+,C,2011,기타금융
삼아알미늄,6110,2011/12,185399645.0,1100.0,70.94,41.5,58.5,2.66,-4780461.0,0.0,0.0,6069321.0,6210219.0,4.27,0.23,C,B,C,B이하,2011,철강금속
삼양식품,3230,2011/12,321774390.0,1130.0,104.3,51.05,48.95,9.58,23188418.0,0.0,3613855.0,14929511.0,14802978.0,2.93,0.78,B이하,B,B이하,C,2011,음식료품
삼양통상,2170,2011/12,249832139.0,2250.0,20.15,16.77,83.23,0.0,4623243.0,0.0,0.0,12479562.0,12570633.0,0.36,0.29,C,B,C,B이하,2011,기타제조업
삼영무역,2810,2011/12,240268361.0,1011.0,28.06,21.91,78.09,0.0,3011127.0,0.0,0.0,8706416.0,8706417.0,0.7,0.48,B이하,B,B이하,C,2011,유통업
삼익악기,2450,2011/12,351805364.0,2116.0,143.33,58.9,41.1,0.27,151840.0,0.0,1400777.0,10638521.0,8947246.0,1.25,0.53,B이하,B,B이하,C,2011,기타제조업
삼일제약,520,2011/12,121203013.0,782.0,81.98,45.05,54.95,-4.05,-4556635.0,0.0,11825123.0,-6959681.0,-8771619.0,0.51,0.37,B이하,B,B이하,C,2011,의약품
삼정펄프,9770,2011/12,161284262.0,1920.0,27.57,21.61,78.39,15.67,18160478.0,0.0,0.0,15892698.0,15836951.0,0.63,0.41,B이하,B,B이하,C,2011,종이목재
삼진제약,5500,2011/12,208103870.0,2863.0,73.59,42.39,57.61,0.67,12670312.0,4081197.0,4505106.0,23906673.0,24012030.0,1.41,0.79,B이하,B+,B이하,C,2011,의약품
삼천리,4690,2011/12,2445760692.0,10690.0,114.15,53.3,46.7,12.77,88879395.0,341229.0,0.0,50265521.0,33989403.0,0.42,0.3,B이하,B+,B이하,B이하,2011,전기가스업
삼호개발,10960,2011/12,197762038.0,1663.0,76.69,43.4,56.6,0.0,4731401.0,0.0,0.0,3267027.0,3198504.0,0.74,0.36,B이하,B,B이하,C,2011,건설업
삼화왕관,4450,2011/12,122671950.0,2046.0,25.32,20.2,79.8,10.24,10135891.0,0.0,0.0,10356675.0,9937423.0,0.58,0.39,B이하,B,B이하,B이하,2011,기계
삼화전기,9470,2011/12,145593871.0,331.0,270.74,73.03,26.97,-8.79,3688220.0,0.0,0.0,-1885985.0,-363270.0,1.79,0.76,B이하,C,B이하,B이하,2011,전기전자
상신브레이크,41650,2011/12,220883454.0,2365.0,169.45,62.89,37.11,19.31,23062343.0,0.0,0.0,13063656.0,12033385.0,1.98,0.95,B이하,B,B이하,B이하,2011,운수장비
새론오토모티브,75180,2011/12,181333153.0,3593.0,38.29,27.69,72.31,18.43,20335254.0,0.0,0.0,18255048.0,18186521.0,1.0,0.59,C,C,C,B이하,2011,운수장비
서원,21050,2011/12,388794060.0,979.0,174.98,63.63,36.37,15.31,-18515559.0,0.0,0.0,8734589.0,8863637.0,1.43,0.72,B이하,B,B이하,B이하,2011,철강금속
선도전기,7610,2011/12,101053375.0,447.0,37.89,27.48,72.52,0.0,2290224.0,0.0,0.0,2059094.0,2059094.0,0.81,0.44,B이하,B,B이하,B이하,2011,전기전자
성문전자,14910,2011/12,55202224.0,371.0,48.93,32.85,67.15,10.33,2029629.0,0.0,0.0,6094462.0,6154024.0,1.64,0.77,B이하,C,B이하,B이하,2011,전기전자
성보화학,3080,2011/12,100586249.0,1201.0,16.98,14.52,85.48,16.98,3398188.0,1641209.0,443059.0,1598438.0,1233001.0,0.64,0.47,C,B,C,C,2011,화학
성신양회,4980,2011/12,1151105428.0,0.0,243.18,70.86,29.14,-6.9,-7066516.0,0.0,0.0,7383346.0,-43277444.0,0.32,0.14,B이하,B+,B이하,B이하,2011,비금속광물
성안,11300,2011/12,307479899.0,0.0,208.84,67.62,32.38,12.63,24216263.0,1072445.0,0.0,19459051.0,21054173.0,0.99,0.26,B이하,C,B이하,C,2011,섬유의복
성창기업지주,180,2011/12,307997635.0,2888.0,137.15,57.83,42.17,8.1,11965285.0,0.0,466772.0,21832746.0,13060607.0,1.21,0.68,B이하,C,B이하,B이하,2011,서비스업
세기상사,2420,2011/12,52280158.0,0.0,68.76,40.75,59.25,-6.18,-461340.0,0.0,0.0,-381504.0,-388535.0,0.62,0.34,C,B,C,C,2011,서비스업
세방,4360,2011/12,908627879.0,4052.0,55.72,35.78,64.22,10.62,55576152.0,0.0,0.0,44979795.0,40889790.0,0.89,0.62,B이하,B,B이하,B이하,2011,운수창고업
세방전지,4490,2011/12,712634498.0,4900.0,45.31,31.18,68.82,20.71,82962269.0,0.0,0.0,130681922.0,131221748.0,1.44,0.94,B이하,B,B이하,B이하,2011,전기전자
세아홀딩스,58650,2011/12,3845130468.0,6998.0,78.62,44.02,55.98,28.13,293435963.0,0.0,0.0,348296074.0,342708593.0,0.84,0.49,B이하,B,B이하,C,2011,서비스업
세우글로벌,13000,2011/12,31195672.0,0.0,11.84,10.58,89.42,0.0,4599518.0,0.0,150.0,723626.0,723626.0,0.62,0.36,C,B,C,C,2011,유통업
세종공업,33530,2011/12,637756161.0,4479.0,131.95,56.89,43.11,20.14,-430297.0,0.0,0.0,55572393.0,46650123.0,2.13,0.92,B이하,B,B이하,B이하,2011,운수장비
세하,27970,2011/12,190494276.0,0.0,457.02,82.05,17.95,7.57,-2533841.0,0.0,0.0,-1578476.0,-2280257.0,3.78,1.38,B이하,B,B이하,B이하,2011,종이목재
송원산업,4430,2011/12,870166000.0,1440.0,216.4,68.39,31.61,12.92,19725000.0,0.0,0.0,22772000.0,25157000.0,1.96,0.83,B이하,B,B이하,B이하,2011,화학
수산중공업,17550,2011/12,117248095.0,1261.0,66.17,39.82,60.18,15.64,10626098.0,1145407.0,1081772.0,15854258.0,14872001.0,1.69,0.86,B이하,C,B이하,B이하,2011,기계
신대양제지,16590,2011/12,421658812.0,1795.0,87.01,46.53,53.47,15.67,24684946.0,0.0,0.0,22656982.0,20681023.0,0.35,0.2,B이하,C,B이하,B이하,2011,종이목재
신도리코,29530,2011/12,980932781.0,27039.0,16.96,14.5,85.5,4.63,91595205.0,0.0,10538487.0,71885213.0,65351110.0,0.75,0.57,B이하,C,B이하,B이하,2011,전기전자
신라교역,4970,2011/12,435062940.0,3156.0,26.59,21.0,79.0,7.95,10144536.0,0.0,0.0,29734556.0,22806305.0,0.86,0.55,C,B,C,C,2011,"농업, 임업 및 어업"
신성이엔지,11930,2011/12,415221081.0,0.0,173.86,63.49,36.51,-15.88,-37301003.0,0.0,0.0,-22179050.0,-36472468.0,2.66,0.73,B이하,C,B이하,C,2011,기계
신세계,4170,2011/12,4144705507.0,7377.0,90.15,47.41,52.59,16.99,-59800959.0,0.0,139836000.0,267597522.0,254370467.0,3.29,1.22,B이하,A,B이하,B이하,2011,유통업
신세계건설,34300,2011/12,491318941.0,1146.0,202.03,66.89,33.11,18.25,-16587256.0,0.0,0.0,11905491.0,22697491.0,0.42,0.29,B이하,B,B이하,B이하,2011,건설업
신영와코루,5800,2011/09,280438245.0,1350.0,12.42,11.05,88.95,0.87,11746189.0,0.0,0.0,18528805.0,17291638.0,0.43,0.33,B이하,C,B이하,C,2011,섬유의복
신원,9270,2011/12,411181825.0,0.0,111.99,52.83,47.17,6.81,-23686511.0,0.0,0.0,1057846.0,1227739.0,0.57,0.34,B이하,B,B이하,C,2011,섬유의복
신풍제약,19170,2011/12,378499607.0,2917.0,110.44,52.48,47.52,-0.53,28726636.0,6057611.0,1231600.0,38295422.0,38450317.0,10.98,0.76,B이하,B,B이하,B이하,2011,의약품
신흥,4080,2011/12,142045998.0,577.0,82.53,45.21,54.79,0.0,7232.0,856417.0,3100456.0,6334694.0,5171588.0,1.36,1.03,B이하,B+,B이하,C,2011,유통업
쌍방울,102280,2011/12,125765852.0,0.0,70.71,41.42,58.58,12.94,7960541.0,0.0,0.0,8002875.0,8319518.0,2.31,0.63,B이하,C,B이하,C,2011,섬유의복
써니전자,4770,2011/12,39869427.0,0.0,103.13,50.77,49.23,-32.94,-3089912.0,0.0,0.0,-5163377.0,-4523237.0,0.78,0.32,B이하,C,B이하,B이하,2011,전기전자
아남전자,8700,2011/12,133659153.0,0.0,93.4,48.29,51.71,8.3,-13477724.0,447632.0,795001.0,444058.0,-379971.0,0.6,0.33,C,B,C,B이하,2011,전기전자
아모레퍼시픽,90430,2011/12,2815427568.0,44888.0,31.67,24.05,75.95,12.43,403013901.0,61529000.0,241512000.0,372850841.0,372850841.0,4.51,3.24,A,A,A,A,2011,화학
아세아제지,2310,2011/12,458140729.0,1752.0,107.68,51.85,48.15,15.1,23134953.0,0.0,0.0,10981312.0,7744033.0,0.35,0.22,B이하,C,B이하,B이하,2011,종이목재
아시아나항공,20560,2011/12,5747431446.0,0.0,567.31,85.01,14.99,6.14,641002503.0,0.0,0.0,358257511.0,358257511.0,2.89,1.45,B+,B,B+,A,2011,운수창고업
아이에스동서,10780,2011/12,973623949.0,5136.0,145.65,59.29,40.71,23.38,-34028204.0,0.0,6840754.0,33120818.0,31470247.0,2.16,0.47,B이하,C,B이하,B이하,2011,비금속광물
에넥스,11090,2011/12,119599167.0,0.0,163.8,62.09,37.91,12.3,-261106.0,0.0,1260213.0,9030749.0,-2002663.0,0.59,0.34,B이하,B,B이하,C,2011,기타제조업
에스엘,5850,2011/03,1025741167.0,6773.0,100.98,50.25,49.75,-1.83,54956135.0,0.0,0.0,66440317.0,65572199.0,2.04,0.59,B이하,B,B이하,B이하,2011,운수장비
에스원,12750,2011/12,1057718910.0,42173.0,38.98,28.05,71.95,14.27,207816657.0,0.0,13763994.0,160262543.0,167188188.0,3.57,2.66,B+,B+,B+,C,2011,서비스업
에쓰씨엔지니어링,23960,2011/12,405239276.0,1018.0,223.22,69.06,30.94,8.27,358123.0,2664424.0,0.0,-20715745.0,-22245102.0,0.66,0.34,B이하,C,B이하,C,2011,서비스업
에이엔피,15260,2011/12,255683632.0,0.0,297.94,74.87,25.13,23.98,11489495.0,0.0,0.0,6833848.0,9517959.0,1.0,0.33,C,C,C,B이하,2011,전기전자
엔씨소프트,36570,2011/12,1113431660.0,11891.0,28.21,22.0,78.0,-7.7,138554553.0,0.0,0.0,135055846.0,135722444.0,9.08,4.45,B이하,B+,B이하,C,2011,서비스업
엔케이,85310,2011/12,440135252.0,1551.0,175.06,63.64,36.36,4.57,-7692853.0,0.0,0.0,17694797.0,13637702.0,3.12,0.76,B이하,C,B이하,B이하,2011,기계
영보화학,14440,2011/12,139042571.0,975.0,60.82,37.82,62.18,0.0,11662517.0,0.0,0.0,9157804.0,9065448.0,1.06,0.49,B이하,C,B이하,B이하,2011,화학
영원무역,111770,2011/12,844587128.0,8162.0,46.41,31.7,68.3,22.76,141505266.0,0.0,2855390.0,185330969.0,182288463.0,2.82,0.86,C,B,C,C,2011,유통업
영원무역홀딩스,9970,2011/12,1268634513.0,5398.0,46.68,31.82,68.18,20.82,197433065.0,0.0,26846479.0,292945969.0,292809697.0,2.82,1.25,C,B,C,C,2011,서비스업
영진약품,3520,2011/12,157786910.0,0.0,75.55,43.04,56.96,-3.62,8496954.0,0.0,0.0,4085704.0,3452488.0,4.31,1.52,B이하,B,B이하,B이하,2011,의약품
영풍,670,2011/12,2622323750.0,15051.0,36.72,26.86,73.14,16.78,77837575.0,0.0,72786.0,78677237.0,77716878.0,1.68,0.9,C,C,C,B이하,2011,철강금속
영풍제지,6740,2011/12,110562222.0,462.0,18.01,15.26,84.74,8.57,3251717.0,0.0,0.0,3682566.0,4172141.0,0.41,0.25,C,C,C,B이하,2011,종이목재
영화금속,12280,2011/12,113212455.0,935.0,208.92,67.63,32.37,16.51,8784224.0,0.0,0.0,10482030.0,9185650.0,0.76,0.47,C,C,C,C,2011,운수장비
오뚜기,7310,2011/12,989034007.0,8442.0,66.74,40.03,59.97,14.78,91476784.0,0.0,0.0,84844709.0,84295292.0,1.21,0.81,B이하,C,B이하,C,2011,음식료품
우신시스템,17370,2011/12,153971295.0,1328.0,111.59,52.74,47.26,33.25,3310420.0,0.0,0.0,11606588.0,11028158.0,1.02,0.51,C,C,C,C,2011,기계
웅진씽크빅,95720,2011/12,635862354.0,10588.0,116.55,53.82,46.18,0.3,34443037.0,0.0,0.0,43214390.0,47664392.0,3.99,2.65,B+,B+,B+,B+,2011,서비스업
원림,5820,2011/12,96052278.0,588.0,53.32,34.78,65.22,-0.43,150542.0,0.0,47078.0,3603578.0,1457741.0,0.49,0.27,C,C,C,C,2011,섬유의복
윌비스,8600,2011/12,258346763.0,0.0,92.98,48.18,51.82,-4.98,8637090.0,0.0,490827.0,8973445.0,10293763.0,1.54,0.22,B이하,B,B이하,C,2011,유통업
유니드,14830,2011/12,962778158.0,4939.0,102.68,50.66,49.34,18.73,-35204405.0,0.0,0.0,69889178.0,71036571.0,1.28,0.8,B이하,C,B이하,B이하,2011,화학
유니온,910,2011/12,323732609.0,925.0,42.15,29.65,70.35,9.02,7779885.0,0.0,0.0,9802081.0,9374175.0,1.07,0.31,B이하,B,B이하,B이하,2011,비금속광물
유니퀘스트,77500,2011/12,159106470.0,0.0,55.29,35.61,64.39,2.19,4341021.0,0.0,0.0,7630000.0,8686912.0,0.6,0.34,C,C,C,C,2011,유통업
유성기업,2920,2011/12,330691056.0,2565.0,65.22,39.48,60.52,21.56,27512269.0,0.0,0.0,14886447.0,14886447.0,0.84,0.34,B이하,C,B이하,B이하,2011,운수장비
유엔젤,72130,2011/12,91344787.0,1722.0,13.14,11.62,88.38,-8.7,-2444008.0,0.0,3093092.0,1994341.0,1994341.0,0.86,0.48,B이하,C,B이하,C,2011,서비스업
유유제약,220,2011/03,91835745.0,600.0,39.07,28.09,71.91,0.0,6531559.0,0.0,4524863.0,2751624.0,1711764.0,1.35,0.65,B이하,B,B이하,C,2011,의약품
유한양행,100,2011/12,1314066151.0,13213.0,17.67,15.02,84.98,2.36,72377881.0,0.0,0.0,49035879.0,52731142.0,1.85,1.1,B이하,B,B이하,B이하,2011,의약품
유화증권,3460,2011/03,932245703.0,9963.0,104.17,51.02,48.98,-24.64,38879171.0,0.0,0.0,0.0,10844000.0,0.58,0.44,B이하,B+,B이하,C,2011,증권
율촌화학,8730,2011/12,388984274.0,12400.0,32.16,24.33,75.67,9.91,-249674.0,1662878.0,355319.0,27895709.0,21438342.0,0.82,0.65,B이하,B,B이하,C,2011,화학
이건산업,8250,2011/12,374226955.0,0.0,202.92,66.99,33.01,0.47,39726339.0,0.0,0.0,12401470.0,12401470.0,0.77,0.37,B이하,C,B이하,B이하,2011,종이목재
이구산업,25820,2011/12,313854138.0,0.0,153.63,60.57,39.43,8.58,-37443387.0,0.0,0.0,7218676.0,7818348.0,0.84,0.33,C,C,C,B이하,2011,철강금속
이수페타시스,7660,2011/12,330050032.0,2850.0,103.35,50.82,49.18,14.73,20304508.0,0.0,0.0,16984091.0,12552003.0,1.8,0.97,B이하,C,B이하,B이하,2011,전기전자
이수화학,5950,2011/12,1190107022.0,8018.0,160.85,61.66,38.34,18.83,37522984.0,0.0,0.0,74205583.0,85470648.0,0.94,0.43,B이하,B,B이하,B이하,2011,화학
이스타코,15020,2011/12,74252153.0,0.0,89.82,47.32,52.68,-5.29,2272277.0,0.0,632937.0,-1001659.0,-1001659.0,0.56,0.28,B이하,C,B이하,C,2011,서비스업
이월드,84680,2011/12,182119768.0,0.0,79.86,44.4,55.6,0.0,-5769598.0,0.0,463271.0,-1373013.0,-2337020.0,1.38,0.53,B이하,C,B이하,C,2011,서비스업
이화산업,760,2011/03,278185767.0,0.0,31.88,24.17,75.83,13.19,-6635323.0,0.0,0.0,11282368.0,3055273.0,1.03,0.38,B이하,C,B이하,B이하,2011,유통업
인디에프,14990,2011/12,226869416.0,0.0,116.7,53.85,46.15,0.0,-14236099.0,0.0,7139418.0,-19780473.0,-15222277.0,0.61,0.34,B이하,B,B이하,B이하,2011,섬유의복
인지컨트롤스,23800,2011/12,696904496.0,1452.0,149.3,59.89,40.11,28.71,37077197.0,0.0,0.0,44367167.0,36881562.0,1.29,0.57,C,C,C,B이하,2011,운수장비
인천도시가스,34590,2011/12,313768840.0,4709.0,144.45,59.09,40.91,8.39,20981852.0,0.0,0.0,15056193.0,9461813.0,0.76,0.61,B이하,C,B이하,C,2011,전기가스업
인팩,23810,2011/12,133648270.0,1200.0,128.42,56.22,43.78,-12.49,21609526.0,0.0,0.0,11073772.0,10864989.0,1.81,0.71,B이하,C,B이하,B이하,2011,운수장비
일성건설,13360,2011/12,259616139.0,1030.0,74.46,42.68,57.32,45.2,-1466537.0,0.0,0.0,6720049.0,7895703.0,0.25,0.15,B이하,C,B이하,B이하,2011,건설업
일성신약,3120,2011/12,413192112.0,695.0,24.57,19.72,80.28,-0.59,8244203.0,823259.0,4990190.0,4470460.0,3466694.0,0.79,0.51,B이하,C,B이하,C,2011,의약품
일신방직,3200,2011/12,753480516.0,2309.0,24.88,19.92,80.08,2.26,-26335862.0,0.0,4163873.0,15284132.0,-3568185.0,0.62,0.36,B이하,B,B이하,C,2011,섬유의복
일신석재,7110,2011/12,79468694.0,0.0,43.59,30.36,69.64,27.79,-3411014.0,0.0,0.0,1267947.0,1267947.0,3.41,0.99,B이하,C,B이하,C,2011,비금속광물
일양약품,7570,2011/03,320522794.0,1378.0,155.74,60.9,39.1,1.86,19159162.0,0.0,0.0,7657428.0,6035149.0,3.95,2.01,B이하,B,B이하,C,2011,의약품
일정실업,8500,2011/12,66241646.0,1500.0,34.68,25.75,74.25,37.47,-355240.0,0.0,0.0,1487791.0,1040381.0,0.54,0.33,B이하,C,B이하,C,2011,섬유의복
일진전기,103590,2011/12,768646689.0,2966.0,130.33,56.58,43.42,-2.57,-4835251.0,0.0,0.0,-3434845.0,9626780.0,1.3,0.49,B+,B,B+,B+,2011,전기전자
일진홀딩스,15860,2011/12,1036430305.0,2099.0,132.15,56.92,43.08,-1.43,39738601.0,0.0,0.0,-745146.0,12546795.0,0.82,0.3,B이하,C,C,B이하,2011,서비스업
자화전자,33240,2011/12,236877981.0,3018.0,55.98,35.89,64.11,94.48,22509559.0,0.0,336867.0,20236927.0,18159893.0,1.41,0.66,B이하,C,B이하,B이하,2011,전기전자
전방,950,2011/12,519574669.0,0.0,119.64,54.47,45.53,-7.35,-29119567.0,0.0,774238.0,-27503526.0,-24615729.0,0.38,0.19,B이하,C,B이하,C,2011,섬유의복
제일기획,30000,2011/12,1810592894.0,17506.0,152.24,60.35,39.65,21.27,144587874.0,2059671.0,1562581.0,108629820.0,106514612.0,3.94,2.32,C,B,C,C,2011,서비스업
조광페인트,4910,2011/12,201751646.0,1890.0,73.76,42.45,57.55,7.86,-3277495.0,0.0,0.0,6033186.0,6405379.0,0.59,0.35,B이하,C,B이하,B이하,2011,화학
조광피혁,4700,2011/12,176728999.0,360.0,32.04,24.27,75.73,0.0,-4892219.0,0.0,0.0,12644064.0,10430578.0,0.85,0.42,C,C,C,C,2011,기타제조업
조비,1550,2011/12,84471791.0,0.0,666.84,86.96,13.04,-16.79,-1752081.0,0.0,0.0,-9144921.0,-7361561.0,4.99,1.45,B이하,C,B이하,C,2011,화학
조선내화,480,2011/12,1153672463.0,9750.0,85.52,46.1,53.9,9.46,24020759.0,43253379.0,0.0,49066014.0,43797106.0,0.66,0.52,B이하,C,B이하,C,2011,비금속광물
조일알미늄,18470,2011/12,291361368.0,1392.0,74.52,42.7,57.3,-2.73,12878194.0,470965.0,0.0,15965041.0,13376944.0,0.55,0.32,C,B,C,B이하,2011,철강금속
조흥,2600,2011/12,132879902.0,1500.0,51.08,33.81,66.19,48.42,4862135.0,0.0,0.0,9527670.0,9704166.0,0.57,0.35,C,B,C,B이하,2011,음식료품
종근당바이오,63160,2011/12,198292672.0,1795.0,66.63,39.99,60.01,-9.08,12963471.0,0.0,0.0,13544619.0,9447154.0,0.93,0.52,C,C,C,B이하,2011,의약품
주연테크,44380,2011/12,38168437.0,0.0,28.88,22.41,77.59,-40.91,-4594105.0,0.0,0.0,-8895507.0,-9111175.0,0.78,0.44,B이하,B,B이하,C,2011,전기전자
진도,88790,2011/12,180096209.0,3012.0,134.36,57.33,42.67,23.23,-15804113.0,0.0,2363995.0,17582901.0,16869600.0,1.09,0.45,C,B,C,C,2011,유통업
진양산업,3780,2011/12,31173990.0,2000.0,27.87,21.8,78.2,0.0,4590646.0,0.0,0.0,5416607.0,5337979.0,1.24,0.76,C,C,C,C,2011,화학
진양홀딩스,100250,2011/12,516628401.0,3074.0,44.38,30.74,69.26,15.85,30250593.0,0.0,0.0,19257809.0,17403932.0,0.65,0.34,B이하,B,B이하,C,2011,서비스업
진양화학,51630,2011/12,39100954.0,900.0,63.22,38.73,61.27,8.34,296187.0,597080.0,575005.0,1726010.0,1542021.0,1.36,0.48,C,B,C,B이하,2011,화학
진흥기업,2780,2011/12,662747609.0,0.0,0.0,101.63,0.0,-7.34,-59404189.0,0.0,0.0,-176068722.0,-150030150.0,0.0,0.0,B이하,B,B이하,B이하,2011,건설업
참엔지니어링,9310,2011/12,209208583.0,2003.0,102.79,50.69,49.31,1.03,10018344.0,8588689.0,0.0,23244637.0,15815404.0,1.36,0.61,B이하,B,B이하,C,2011,기계
천일고속,650,2011/12,54678596.0,0.0,33.03,24.83,75.17,1.77,3540503.0,0.0,0.0,2821416.0,1031867.0,1.36,0.81,C,C,C,C,2011,운수창고업
카프로,6380,2011/12,887539265.0,40000.0,72.99,42.19,57.81,26.0,261122935.0,134722.0,0.0,213535956.0,216317750.0,3.22,1.53,B이하,B,B이하,B이하,2011,화학
코리아써키트,7810,2011/12,419488244.0,0.0,69.04,40.84,59.16,25.95,5079399.0,0.0,64416.0,4875226.0,4875226.0,1.14,0.38,B이하,B,B이하,B이하,2011,전기전자
코스모신소재,5070,2011/12,218464597.0,0.0,109.9,52.36,47.64,-3.94,-7046110.0,0.0,0.0,1588370.0,1588370.0,1.35,0.65,B이하,B,B이하,C,2011,화학
코스모화학,5420,2011/12,527599743.0,0.0,107.1,51.71,48.29,38.2,-10668252.0,0.0,0.0,21202440.0,21202440.0,1.2,0.31,B이하,B,B이하,B이하,2011,화학
코아스,71950,2011/12,105316982.0,0.0,168.52,62.76,37.24,6.64,1296686.0,0.0,0.0,5170324.0,5170324.0,1.09,0.4,B이하,C,B이하,B이하,2011,기타제조업
코오롱,2020,2011/12,3808664515.0,6622.0,282.9,73.88,26.12,115.41,17830371.0,2527129.0,0.0,115433397.0,91218100.0,0.8,0.41,B이하,B,B이하,B이하,2011,서비스업
콤텍시스템,31820,2011/12,116722640.0,0.0,131.87,56.87,43.13,13.48,4713247.0,0.0,0.0,3837556.0,406180.0,0.84,0.43,B이하,B,B이하,C,2011,서비스업
키움증권,39490,2011/03,4605545958.0,17680.0,554.07,84.71,15.29,6.8,88390290.0,0.0,0.0,0.0,137009541.0,2.19,1.31,B이하,B,B이하,C,2011,증권
태경산업,15890,2011/12,422190911.0,4384.0,62.46,38.45,61.55,19.5,32449599.0,0.0,0.0,35337852.0,32475607.0,0.97,0.53,B이하,B,B이하,C,2011,화학
태광산업,3240,2011/12,3834259530.0,1473.0,49.15,32.95,67.05,21.3,879757332.0,0.0,64262312.0,441890228.0,457701269.0,0.99,0.62,B이하,B,B이하,B이하,2011,화학
태림포장,11280,2011/12,517230256.0,1411.0,66.68,40.0,60.0,13.59,7151015.0,0.0,0.0,15639273.0,15639273.0,0.38,0.24,C,C,C,B이하,2011,종이목재
태영건설,9410,2011/12,2936605061.0,6563.0,154.83,60.76,39.24,29.22,212777424.0,44155770.0,0.0,124891220.0,95417165.0,0.85,0.51,C,B+,C,B이하,2011,건설업
태원물산,1420,2011/12,47711093.0,699.0,65.02,39.4,60.6,18.86,3712369.0,188488.0,0.0,1027258.0,1027258.0,0.64,0.38,C,B,C,C,2011,운수장비
태평양물산,7980,2011/12,321869195.0,828.0,195.77,66.19,33.81,0.0,-7509118.0,396289.0,280970.0,14884015.0,15241882.0,0.44,0.23,B이하,B,B이하,C,2011,섬유의복
텔코웨어,78000,2011/12,111961617.0,2044.0,25.49,20.31,79.69,11.75,15119279.0,0.0,0.0,4227821.0,4355330.0,1.05,0.77,B이하,B,B이하,C,2011,서비스업
티에이치엔,19180,2011/12,138935629.0,777.0,170.24,63.0,37.0,29.85,3627056.0,0.0,0.0,7462333.0,3552315.0,0.83,0.43,B이하,C,B이하,B이하,2011,전기전자
파미셀,5690,2011/12,101152986.0,0.0,22.14,18.12,81.88,42.47,-16166406.0,366601.0,0.0,-16310406.0,-15379024.0,170.63,9.83,C,C,C,C,2011,섬유의복
팜스코,36580,2011/12,496991334.0,0.0,146.66,59.46,40.54,0.53,20579558.0,0.0,0.0,25418853.0,23659944.0,0.89,0.41,B이하,C,B이하,B이하,2011,음식료품
퍼스텍,10820,2011/12,116424272.0,0.0,69.69,41.07,58.93,6.51,4661680.0,221404.0,0.0,2601390.0,3204158.0,2.57,1.07,B이하,B,B이하,C,2011,기계
퍼시스,16800,2011/12,348015874.0,6857.0,18.75,15.79,84.21,0.0,3391889.0,0.0,0.0,34075079.0,29200415.0,1.45,0.92,B이하,B,B이하,B이하,2011,기타제조업
페이퍼코리아,1020,2011/12,418284547.0,0.0,253.3,71.7,28.3,13.37,-31797733.0,0.0,2115234.0,-14276054.0,-14019635.0,12.34,0.38,B이하,C,B이하,C,2011,종이목재
평화산업,90080,2011/12,66945856.0,0.0,235.22,70.17,29.83,0.0,-4835620.0,0.0,0.0,-299906.0,-1835229.0,1.89,0.96,B이하,B,B이하,B이하,2011,운수장비
평화홀딩스,10770,2011/12,602375346.0,1384.0,243.64,70.9,29.1,8.19,-8912293.0,8513206.0,0.0,396267.0,-13773228.0,0.71,0.35,B이하,B,B이하,C,2011,서비스업
풍산,103140,2011/12,2626526476.0,11205.0,178.48,64.09,35.91,6.41,9057730.0,0.0,0.0,123402350.0,98910395.0,1.62,0.69,B이하,B+,B이하,B+,2011,철강금속
풍산홀딩스,5810,2011/12,581445901.0,5518.0,21.79,17.89,82.11,-43.01,19695472.0,0.0,0.0,57630084.0,29819279.0,0.9,0.47,B이하,B,B이하,C,2011,서비스업
하나금융지주,86790,2011/12,178228882000.0,72309.0,1102.55,91.68,8.32,-1.76,-6382434000.0,0.0,0.0,4118735000.0,1732446000.0,0.95,0.53,B+,A+,B+,B이하,2011,기타금융
하이스틸,71090,2011/12,257771024.0,204.0,111.85,52.8,47.2,57.78,-20241864.0,0.0,0.0,7628702.0,7649803.0,0.71,0.17,B이하,B,B이하,C,2011,철강금속
하이트진로,80,2011/12,3573282814.0,84718.0,151.06,60.17,39.83,28.81,234454128.0,0.0,92356728.0,136770007.0,124992188.0,2.22,1.2,C,B,C,B+,2011,음식료품
한국가스공사,36460,2011/12,36010498709.0,55183.0,347.67,77.66,22.34,25.3,-469872718.0,39833000.0,10529000.0,1018202986.0,1023175688.0,0.54,0.3,A,A,A,B+,2011,전기가스업
한국공항,5430,2011/12,395898225.0,1529.0,43.12,30.13,69.87,9.27,31620486.0,0.0,0.0,27482786.0,27482786.0,0.68,0.39,B이하,C,B이하,B이하,2011,운수창고업
한국내화,10040,2011/12,189906757.0,1599.0,159.27,61.43,38.57,17.23,43242001.0,2251750.0,0.0,21300087.0,22361835.0,0.87,0.57,B이하,B,B이하,C,2011,비금속광물
한국쉘석유,2960,2011/12,119139746.0,19500.0,54.16,35.13,64.87,14.89,13351670.0,0.0,0.0,33946708.0,31929327.0,5.65,4.3,B이하,B,B이하,C,2011,화학
한국전자홀딩스,6200,2011/12,277755785.0,0.0,70.6,41.38,58.62,-8.44,-6896793.0,0.0,0.0,-426378.0,-3299537.0,0.34,0.14,B이하,B,B이하,C,2011,서비스업
한국주강,25890,2011/12,83528606.0,0.0,13.18,11.65,88.35,9.03,3011211.0,0.0,0.0,1569421.0,1569421.0,0.69,0.42,C,B,C,C,2011,기계
한국철강,104700,2011/12,1015150137.0,8286.0,50.61,33.6,66.4,8.51,47145804.0,0.0,415737.0,-42714956.0,3339765.0,0.52,0.28,B+,B+,B+,C,2011,철강금속
한국카본,17960,2011/12,276531776.0,2187.0,49.03,32.9,67.1,-8.32,-12247504.0,0.0,0.0,5321416.0,5361405.0,1.27,0.59,B이하,B,B이하,B이하,2011,기계
한국화장품제조,3350,2011/12,43611977.0,0.0,28.44,22.14,77.86,-38.67,-2697619.0,0.0,0.0,-2937519.0,-3000248.0,0.92,0.38,B이하,C,B이하,C,2011,화학
한농화성,11500,2011/12,120129408.0,1529.0,78.07,43.84,56.16,11.99,2852810.0,0.0,0.0,12127361.0,11920633.0,0.99,0.7,B이하,B,B이하,B이하,2011,화학
한미반도체,42700,2011/12,204374193.0,2491.0,20.37,16.92,83.08,-20.78,-7043540.0,0.0,0.0,17585402.0,17014408.0,1.51,0.73,B이하,B+,B이하,C,2011,기계
한샘,9240,2011/12,394729625.0,11265.0,95.0,48.72,51.28,13.69,76856397.0,0.0,0.0,51559703.0,45550172.0,3.11,1.5,B+,B,B+,B이하,2011,유통업
한섬,20000,2011/12,794253533.0,10326.0,12.79,11.34,88.66,11.96,57395955.0,0.0,7367631.0,115615408.0,107966114.0,1.33,0.71,B이하,B,B이하,C,2011,섬유의복
한성기업,3680,2011/12,165670477.0,931.0,166.77,62.51,37.49,0.0,-1499531.0,0.0,0.0,9400965.0,9400965.0,1.48,0.77,B이하,C,B이하,C,2011,음식료품
한세실업,105630,2011/12,513994136.0,4000.0,172.43,63.29,36.71,14.75,108990204.0,0.0,582580.0,66955373.0,73027818.0,1.77,1.13,B이하,B,B이하,C,2011,섬유의복
한세예스24홀딩스,16450,2011/12,693150743.0,2540.0,144.78,59.15,40.85,12.38,119188229.0,0.0,5722788.0,71747111.0,76750744.0,2.67,0.72,C,B,C,C,2011,서비스업
한솔케미칼,14680,2011/12,321824251.0,5044.0,111.37,52.69,47.31,21.64,11366357.0,0.0,0.0,20592113.0,24198582.0,1.86,1.07,B이하,B,B이하,B+,2011,화학
한솔테크닉스,4710,2011/12,486477959.0,0.0,160.39,61.6,38.4,-46.46,-20687538.0,0.0,0.0,-25642697.0,-29274476.0,3.27,0.85,B이하,B,B이하,C,2011,전기전자
한솔홈데코,25750,2011/12,262213173.0,0.0,161.3,61.73,38.27,21.88,3667562.0,0.0,1341976.0,9684332.0,3541925.0,0.77,0.39,C,C,C,B이하,2011,종이목재
한신공영,4960,2011/12,1290922344.0,1414.0,301.74,75.11,24.89,-17.01,-33018781.0,0.0,0.0,28515599.0,27806308.0,0.45,0.2,C,B,C,B이하,2011,건설업
한양증권,1750,2011/03,733994802.0,9925.0,181.72,64.5,35.5,14.42,-133908320.0,0.0,0.0,0.0,19005231.0,0.56,0.44,B+,B+,B+,B이하,2011,증권
한올바이오파마,9420,2011/12,105455816.0,0.0,107.99,51.92,48.08,-17.96,7413981.0,0.0,0.0,-10018172.0,-6604168.0,14.47,7.36,B+,B,B+,C,2011,의약품
한익스프레스,14130,2011/12,83431553.0,0.0,390.54,79.61,20.39,0.0,93743.0,0.0,0.0,8268253.0,8171361.0,2.57,1.6,B이하,B,B이하,B이하,2011,운수창고업
한일철강,2220,2011/12,377986500.0,0.0,113.79,53.22,46.78,13.49,10293189.0,0.0,0.0,6156020.0,6156020.0,0.24,0.16,C,C,C,B이하,2011,철강금속
한진,2320,2011/12,1793121990.0,4721.0,133.73,57.22,42.78,9.99,72285399.0,0.0,0.0,34957044.0,34593708.0,0.59,0.31,B이하,B,B이하,C,2011,운수창고업
한진중공업홀딩스,3480,2011/12,1980735000.0,6522.0,52.21,34.3,65.7,0.1,-48809000.0,0.0,0.0,34820000.0,29598000.0,0.46,0.18,B이하,B+,B이하,C,2011,서비스업
한창,5110,2011/12,32875105.0,0.0,61.15,37.95,62.05,0.0,3297570.0,0.0,0.0,-787616.0,-787616.0,1.47,0.45,B이하,C,B이하,C,2011,유통업
한창제지,9460,2011/12,154596738.0,0.0,255.98,71.91,28.09,6.0,11445997.0,0.0,0.0,3310034.0,3539984.0,0.78,0.56,B이하,B,B이하,C,2011,종이목재
한화,880,2011/12,15029730755.0,31325.0,197.1,66.34,33.66,-15.8,661080178.0,16357000.0,0.0,313591615.0,305129783.0,1.8,0.94,B이하,A,B이하,B+,2011,화학
한화손해보험,370,2011/03,5244988326.0,0.0,1418.02,93.41,6.59,0.0,-24460399.0,0.0,0.0,,29351379.0,1.9,1.46,B이하,B+,B이하,B이하,2011,보험
현대건설,720,2011/12,11871889261.0,55732.0,172.07,63.25,36.75,4.77,-155752180.0,0.0,0.0,754006973.0,735596196.0,2.44,1.3,A,B+,A,A,2011,건설업
현대글로비스,86280,2011/12,3826579602.0,56250.0,156.52,61.02,38.98,30.83,274407004.0,0.0,0.0,464318029.0,460963958.0,6.66,3.48,B+,B,B+,B이하,2011,운수창고업
현대모비스,12330,2011/12,22575648000.0,167236.0,63.66,38.9,61.1,18.75,2159413000.0,0.0,53228000.0,2674887000.0,2637831000.0,3.69,2.17,A,B+,A,B+,2011,운수장비
현대미포조선,10620,2011/12,7824563657.0,39181.0,129.55,56.44,43.56,11.74,-580645175.0,0.0,0.0,377849406.0,377849406.0,1.47,0.57,B+,B,B이하,C,2011,운수장비
현대백화점,69960,2011/12,4720062645.0,14973.0,63.19,38.72,61.28,13.26,346923214.0,0.0,48820441.0,450155249.0,436616875.0,2.21,1.32,B+,B+,B+,C,2011,유통업
현대비앤지스틸,4560,2011/12,622203431.0,0.0,142.53,58.77,41.23,0.0,19642505.0,0.0,0.0,31890936.0,29788304.0,1.85,0.66,B이하,B,B이하,B이하,2011,철강금속
현대제철,4020,2011/12,21776708194.0,42143.0,138.81,58.13,41.87,49.09,801651915.0,0.0,0.0,1304160558.0,1274505847.0,1.43,0.71,A,B+,A,B+,2011,철강금속
혜인,3010,2011/12,199424354.0,1315.0,78.6,44.01,55.99,0.0,2874508.0,0.0,0.0,4542653.0,7579073.0,1.2,0.4,B이하,C,B이하,C,2011,유통업
호텔신라,8770,2011/12,1385303349.0,11831.0,130.33,56.58,43.42,23.06,20966828.0,0.0,0.0,97523146.0,97523146.0,2.91,1.54,B이하,B,B이하,B이하,2011,유통업
화성산업,2460,2011/12,486925661.0,0.0,135.18,57.48,42.52,2.16,47925689.0,0.0,0.0,-90378633.0,-80781707.0,0.3,0.12,B+,B+,B+,C,2011,건설업
화신,10690,2011/12,887893456.0,3492.0,144.45,59.09,40.91,7.21,67576773.0,1680171.0,0.0,74768440.0,71367642.0,2.69,1.39,B이하,C,B이하,C,2011,운수장비
화천기계,10660,2011/12,194379195.0,1980.0,85.39,46.06,53.94,32.84,6884350.0,0.0,0.0,19574168.0,17085051.0,0.92,0.42,B이하,B,B이하,B이하,2011,기계
화천기공,850,2011/12,312696483.0,2750.0,49.46,33.09,66.91,52.12,8795175.0,0.0,0.0,25627593.0,22616568.0,0.86,0.4,B이하,B,B이하,C,2011,기계
환인제약,16580,2011/12,166109686.0,3817.0,10.85,9.79,90.21,4.13,15115300.0,0.0,0.0,20090311.0,20090311.0,1.26,0.73,B이하,B,B이하,C,2011,의약품
황금에스티,32560,2011/12,257748613.0,1800.0,62.19,38.35,61.65,15.22,1703334.0,0.0,0.0,12660169.0,12660169.0,0.73,0.34,B이하,B,B이하,C,2011,철강금속
효성,4800,2011/12,13623189543.0,33269.0,360.19,78.27,21.73,11.78,-547234116.0,0.0,0.0,288837595.0,274720435.0,1.37,0.62,B이하,B+,B이하,B+,2011,화학
후성,93370,2011/12,308040011.0,0.0,140.7,58.45,41.55,26.01,22153140.0,2903597.0,0.0,25399430.0,25760872.0,6.99,2.63,B이하,C,B이하,B이하,2011,화학
휴스틸,5010,2011/12,536914288.0,6919.0,40.52,28.84,71.16,11.36,53222896.0,0.0,0.0,40871311.0,39884224.0,0.47,0.3,C,B,C,B이하,2011,철강금속
흥아해운,3280,2011/12,530943511.0,487.0,368.79,78.67,21.33,12.78,-5779353.0,0.0,0.0,-5474467.0,-6565956.0,1.0,0.41,B이하,B,B이하,C,2011,운수창고업
