,종목명,2014_E,2014_S,2014_G,2015_E,2015_S,2015_G,Diff_E,Diff_S,Diff_G,업종명,2014_종가,2015_종가,등락률,연도
0,AK홀딩스,1.0,1.5,1.5,1.0,1.5,1.5,0.0,0.0,0.0,기타금융,71200,86000,0.20786516853932585,"14,15년"
1,BYC,1.0,1.5,1.5,1.0,1.5,1.5,0.0,0.0,0.0,섬유의복,283500,399000,0.4074074074074074,"14,15년"
2,CJ,2.0,4.0,3.0,2.0,4.0,3.0,0.0,0.0,0.0,기타금융,174000,240000,0.3793103448275862,"14,15년"
3,CJ CGV,1.0,3.0,1.5,2.0,1.5,1.5,1.0,-1.5,0.0,서비스업,52400,104000,0.9847328244274809,"14,15년"
4,CJ대한통운,3.0,4.0,3.0,3.0,3.0,3.0,0.0,-1.0,0.0,운수창고업,193000,195000,0.010362694300518135,"14,15년"
5,CJ씨푸드,2.0,1.5,1.5,2.0,1.5,3.0,0.0,0.0,1.5,음식료품,2560,3655,0.427734375,"14,15년"
6,CJ제일제당,2.0,4.0,4.0,2.0,3.0,4.0,0.0,-1.0,0.0,음식료품,391000,350000,-0.10485933503836317,"14,15년"
7,CS홀딩스,1.0,1.5,1.5,2.0,1.5,1.5,1.0,0.0,0.0,기타금융,74300,79900,0.07537012113055182,"14,15년"
8,DGB금융지주,4.0,4.0,4.0,5.0,3.0,4.0,1.0,-1.0,0.0,기타금융,15250,10600,-0.30491803278688523,"14,15년"
9,DRB동일,1.0,1.5,1.5,1.0,1.5,1.5,0.0,0.0,0.0,화학,16400,14650,-0.10670731707317073,"14,15년"
10,DSR제강,1.0,1.5,1.5,1.0,1.5,1.5,0.0,0.0,0.0,철강금속,3450,4085,0.18405797101449275,"14,15년"
11,E1,3.0,1.5,1.5,2.0,3.0,1.5,-1.0,1.5,0.0,유통업,71700,69000,-0.03765690376569038,"14,15년"
12,F&F,2.0,1.5,1.5,2.0,1.5,1.5,0.0,0.0,0.0,섬유의복,14850,19900,0.3400673400673401,"14,15년"
13,GKL,2.0,1.5,1.5,3.0,3.0,1.5,1.0,1.5,0.0,서비스업,38250,31800,-0.16862745098039217,"14,15년"
14,GS,3.0,1.5,1.5,2.0,1.5,1.5,-1.0,0.0,0.0,기타금융,41450,50200,0.21109770808202655,"14,15년"
15,GS건설,3.0,4.0,4.0,2.0,4.0,4.0,-1.0,0.0,0.0,건설업,28100,23300,-0.1708185053380783,"14,15년"
16,GS글로벌,2.0,1.5,1.5,2.0,1.5,1.5,0.0,0.0,0.0,유통업,8870,6200,-0.30101465614430667,"14,15년"
17,GS리테일,3.0,1.5,3.0,2.0,1.5,1.5,-1.0,0.0,-1.5,유통업,24900,57600,1.3132530120481927,"14,15년"
18,JW중외제약,1.0,1.5,1.5,1.0,1.5,1.5,0.0,0.0,0.0,의약품,14800,34900,1.3581081081081081,"14,15년"
19,JW홀딩스,2.0,1.5,1.5,2.0,1.5,1.5,0.0,0.0,0.0,기타금융,2395,8580,2.5824634655532357,"14,15년"
20,KB금융,4.0,3.0,4.0,4.0,3.0,3.0,0.0,0.0,-1.0,기타금융,42000,36150,-0.1392857142857143,"14,15년"
21,KC그린홀딩스,2.0,1.5,1.5,2.0,1.5,1.5,0.0,0.0,0.0,기타금융,10350,9690,-0.06376811594202898,"14,15년"
22,KC코트렐,2.0,1.5,3.0,2.0,1.5,1.5,0.0,0.0,-1.5,기계,5820,7900,0.35738831615120276,"14,15년"
23,KEC,2.0,1.5,3.0,1.0,1.5,3.0,-1.0,0.0,0.0,전기전자,1810,1140,-0.3701657458563536,"14,15년"
24,KG케미칼,1.0,1.5,1.5,2.0,1.5,1.5,1.0,0.0,0.0,화학,16550,16100,-0.027190332326283987,"14,15년"
25,KISCO홀딩스,2.0,1.5,1.5,3.0,1.5,1.5,1.0,0.0,0.0,철강금속,51500,59500,0.1553398058252427,"14,15년"
26,KPX케미칼,2.0,1.5,1.5,2.0,1.5,1.5,0.0,0.0,0.0,화학,59600,56900,-0.04530201342281879,"14,15년"
27,KPX홀딩스,2.0,1.5,1.5,2.0,1.5,1.5,0.0,0.0,0.0,화학,81800,69500,-0.15036674816625917,"14,15년"
28,KR모터스,2.0,1.5,1.5,1.0,1.5,1.5,-1.0,0.0,0.0,운수장비,912,1050,0.1513157894736842,"14,15년"
29,KSS해운,3.0,1.5,1.5,2.0,1.5,1.5,-1.0,0.0,0.0,운수창고업,14300,17700,0.23776223776223776,"14,15년"
30,KTcs,2.0,1.5,1.5,3.0,1.5,1.5,1.0,0.0,0.0,서비스업,2965,3600,0.21416526138279932,"14,15년"
31,LF,2.0,1.5,1.5,2.0,1.5,1.5,0.0,0.0,0.0,섬유의복,33650,31650,-0.05943536404160475,"14,15년"
32,LG,4.0,3.0,1.5,4.0,3.0,1.5,0.0,0.0,0.0,기타금융,63600,66000,0.03773584905660377,"14,15년"
33,LG디스플레이,3.0,4.0,4.0,3.0,3.0,4.0,0.0,-1.0,0.0,전기전자,31350,21600,-0.31100478468899523,"14,15년"
34,LG생활건강,3.0,4.0,4.0,3.0,5.0,4.0,0.0,1.0,0.0,화학,623000,947000,0.5200642054574639,"14,15년"
35,LG유플러스,4.0,3.0,4.0,3.0,3.0,4.0,-1.0,0.0,0.0,통신업,11000,10950,-0.004545454545454545,"14,15년"
36,LG이노텍,4.0,4.0,4.0,4.0,4.0,4.0,0.0,0.0,0.0,전기전자,84500,92700,0.0970414201183432,"14,15년"
37,LG전자,3.0,4.0,5.0,1.0,4.0,4.0,-2.0,0.0,-1.0,전기전자,65300,49100,-0.24808575803981622,"14,15년"
38,LG화학,4.0,4.0,3.0,3.0,3.0,3.0,-1.0,-1.0,0.0,화학,200000,304500,0.5225,"14,15년"
39,LS,3.0,1.5,1.5,2.0,1.5,1.5,-1.0,0.0,0.0,기타금융,59900,38700,-0.35392320534223703,"14,15년"
40,LS네트웍스,2.0,1.5,1.5,,1.5,1.5,,0.0,0.0,유통업,4695,3960,-0.15654952076677317,"14,15년"
41,MH에탄올,2.0,1.5,1.5,2.0,1.5,1.5,0.0,0.0,0.0,음식료품,8900,10200,0.14606741573033707,"14,15년"
42,NAVER,4.0,3.0,1.5,3.0,1.5,1.5,-1.0,-1.5,0.0,서비스업,754000,600000,-0.20424403183023873,"14,15년"
43,NICE,2.0,1.5,1.5,3.0,1.5,1.5,1.0,0.0,0.0,서비스업,17700,25450,0.4378531073446328,"14,15년"
44,NI스틸,1.0,1.5,1.5,1.0,1.5,1.5,0.0,0.0,0.0,철강금속,2110,2695,0.2772511848341232,"14,15년"
45,OCI,3.0,4.0,3.0,2.0,4.0,1.5,-1.0,0.0,-1.5,화학,92000,82200,-0.10652173913043478,"14,15년"
46,S-Oil,5.0,4.0,5.0,4.0,5.0,4.0,-1.0,1.0,-1.0,화학,40650,68300,0.6801968019680197,"14,15년"
47,SBS,3.0,1.5,1.5,3.0,1.5,1.5,0.0,0.0,0.0,서비스업,27100,38500,0.42066420664206644,"14,15년"
48,SG세계물산,1.0,1.5,1.5,1.0,1.5,1.5,0.0,0.0,0.0,유통업,615,1280,1.08130081300813,"14,15년"
49,SH에너지화학,1.0,1.5,1.5,2.0,1.5,1.5,1.0,0.0,0.0,화학,1085,1595,0.4700460829493088,"14,15년"
50,SIMPAC,2.0,1.5,1.5,2.0,1.5,1.5,0.0,0.0,0.0,철강금속,5900,6440,0.09152542372881356,"14,15년"
51,SK,2.0,4.0,5.0,4.0,4.0,4.0,2.0,0.0,-1.0,기타금융,167000,267000,0.5988023952095808,"14,15년"
52,SKC,3.0,4.0,4.0,3.0,4.0,4.0,0.0,0.0,0.0,화학,27500,38450,0.3981818181818182,"14,15년"
53,SK가스,3.0,3.0,1.5,3.0,1.5,1.5,0.0,-1.5,0.0,유통업,139500,85200,-0.38924731182795697,"14,15년"
54,SK네트웍스,3.0,4.0,1.5,3.0,3.0,1.5,0.0,-1.0,0.0,유통업,10950,7090,-0.35251141552511417,"14,15년"
55,SK이노베이션,2.0,4.0,4.0,3.0,4.0,4.0,1.0,0.0,0.0,화학,87500,118500,0.35428571428571426,"14,15년"
56,SK증권,3.0,3.0,1.5,3.0,3.0,1.5,0.0,0.0,0.0,증권,932,1175,0.2607296137339056,"14,15년"
57,SK텔레콤,5.0,3.0,4.0,4.0,4.0,4.0,-1.0,1.0,0.0,통신업,267000,241000,-0.09737827715355805,"14,15년"
58,SK하이닉스,2.0,4.0,3.0,3.0,3.0,3.0,1.0,-1.0,0.0,전기전자,47450,30700,-0.3530031612223393,"14,15년"
59,WISCOM,2.0,1.5,1.5,2.0,1.5,1.5,0.0,0.0,0.0,화학,5840,5260,-0.09931506849315068,"14,15년"
60,가온전선,2.0,3.0,1.5,3.0,1.5,1.5,1.0,-1.5,0.0,전기전자,26300,20950,-0.20342205323193915,"14,15년"
61,강원랜드,3.0,4.0,3.0,4.0,3.0,3.0,1.0,-1.0,0.0,서비스업,35000,42300,0.20857142857142857,"14,15년"
62,경농,1.0,1.5,1.5,1.0,1.5,1.5,0.0,0.0,0.0,화학,4895,5170,0.056179775280898875,"14,15년"
63,경동나비엔,1.0,1.5,1.5,1.0,1.5,1.5,0.0,0.0,0.0,전기전자,29050,37800,0.30120481927710846,"14,15년"
64,경방,2.0,1.5,1.5,2.0,1.5,1.5,0.0,0.0,0.0,유통업,191000,192000,0.005235602094240838,"14,15년"
65,경인양행,2.0,1.5,1.5,2.0,1.5,1.5,0.0,0.0,0.0,화학,5100,3980,-0.2196078431372549,"14,15년"
66,경인전자,2.0,1.5,1.5,2.0,1.5,1.5,0.0,0.0,0.0,전기전자,20250,19600,-0.03209876543209877,"14,15년"
67,계양전기,2.0,1.5,1.5,2.0,1.5,1.5,0.0,0.0,0.0,기계,3960,4855,0.22601010101010102,"14,15년"
68,고려산업,2.0,1.5,1.5,2.0,1.5,1.5,0.0,0.0,0.0,음식료품,2380,2140,-0.10084033613445378,"14,15년"
69,고려아연,3.0,1.5,3.0,2.0,3.0,3.0,-1.0,1.5,0.0,철강금속,402500,474000,0.17763975155279504,"14,15년"
70,고려제강,2.0,1.5,1.5,2.0,1.5,3.0,0.0,0.0,1.5,철강금속,52100,41250,-0.20825335892514396,"14,15년"
71,광동제약,1.0,1.5,1.5,2.0,1.5,1.5,1.0,0.0,0.0,의약품,10350,11650,0.12560386473429952,"14,15년"
72,광명전기,1.0,1.5,1.5,2.0,1.5,1.5,1.0,0.0,0.0,전기전자,2395,2495,0.04175365344467641,"14,15년"
73,광전자,2.0,1.5,1.5,2.0,1.5,1.5,0.0,0.0,0.0,전기전자,1605,2430,0.514018691588785,"14,15년"
74,광주신세계,2.0,3.0,1.5,3.0,1.5,1.5,1.0,-1.5,0.0,유통업,308000,298500,-0.030844155844155844,"14,15년"
75,교보증권,2.0,1.5,1.5,4.0,3.0,1.5,2.0,1.5,0.0,증권,13450,9850,-0.26765799256505574,"14,15년"
76,국도화학,1.0,1.5,3.0,1.0,1.5,3.0,0.0,0.0,0.0,화학,41450,61400,0.4813027744270205,"14,15년"
77,국동,2.0,1.5,1.5,2.0,1.5,1.5,0.0,0.0,0.0,유통업,11500,9600,-0.16521739130434782,"14,15년"
78,국보,1.0,1.5,1.5,1.0,1.5,1.5,0.0,0.0,0.0,운수창고업,11900,17950,0.5084033613445378,"14,15년"
79,국제약품,2.0,1.5,1.5,2.0,1.5,1.5,0.0,0.0,0.0,의약품,2440,4340,0.7786885245901639,"14,15년"
80,극동유화,1.0,1.5,1.5,2.0,1.5,1.5,1.0,0.0,0.0,화학,23850,31000,0.29979035639413,"14,15년"
81,금강공업,2.0,1.5,1.5,1.0,1.5,1.5,-1.0,0.0,0.0,철강금속,60200,62500,0.03820598006644518,"14,15년"
82,금비,1.0,1.5,1.5,1.0,1.5,1.5,0.0,0.0,0.0,비금속광물,34000,70500,1.0735294117647058,"14,15년"
83,금양,2.0,1.5,1.5,1.0,1.5,1.5,-1.0,0.0,0.0,화학,1485,1875,0.26262626262626265,"14,15년"
84,금호전기,2.0,1.5,1.5,1.0,1.5,1.5,-1.0,0.0,0.0,전기전자,17050,17550,0.02932551319648094,"14,15년"
85,금호타이어,3.0,3.0,4.0,1.0,3.0,3.0,-2.0,0.0,-1.0,화학,10700,6900,-0.35514018691588783,"14,15년"
86,기신정기,3.0,1.5,1.5,2.0,1.5,1.5,-1.0,0.0,0.0,기계,7430,7530,0.013458950201884253,"14,15년"
87,기업은행,3.0,3.0,3.0,4.0,3.0,1.5,1.0,0.0,-1.5,은행,15650,14000,-0.10543130990415335,"14,15년"
88,깨끗한나라,2.0,1.5,3.0,2.0,1.5,3.0,0.0,0.0,0.0,종이목재,5030,6600,0.3121272365805169,"14,15년"
89,남선알미늄,1.0,1.5,1.5,1.0,3.0,1.5,0.0,1.5,0.0,철강금속,1150,1195,0.0391304347826087,"14,15년"
90,남성,1.0,1.5,1.5,1.0,1.5,1.5,0.0,0.0,0.0,유통업,12000,2140,-0.8216666666666667,"14,15년"
91,남양유업,1.0,1.5,1.5,1.0,1.5,1.5,0.0,0.0,0.0,음식료품,686000,841000,0.2259475218658892,"14,15년"
92,남해화학,2.0,1.5,3.0,1.0,1.5,3.0,-1.0,0.0,0.0,화학,8440,10050,0.19075829383886256,"14,15년"
93,넥센,2.0,1.5,1.5,2.0,1.5,1.5,0.0,0.0,0.0,화학,87000,84600,-0.027586206896551724,"14,15년"
94,넥센타이어,2.0,1.5,3.0,1.0,1.5,3.0,-1.0,0.0,0.0,화학,13100,13200,0.007633587786259542,"14,15년"
95,노루페인트,2.0,1.5,3.0,2.0,1.5,1.5,0.0,0.0,-1.5,화학,7060,10900,0.5439093484419264,"14,15년"
96,노루홀딩스,2.0,1.5,1.5,2.0,1.5,1.5,0.0,0.0,0.0,기타금융,25400,28750,0.13188976377952755,"14,15년"
97,녹십자,2.0,1.5,1.5,2.0,3.0,1.5,0.0,1.5,0.0,의약품,137000,181500,0.3248175182481752,"14,15년"
98,녹십자홀딩스,2.0,1.5,1.5,1.0,3.0,1.5,-1.0,1.5,0.0,서비스업,22450,41050,0.8285077951002228,"14,15년"
99,농심,2.0,1.5,3.0,1.0,1.5,3.0,-1.0,0.0,0.0,음식료품,267000,369000,0.38202247191011235,"14,15년"
100,농심홀딩스,1.0,1.5,1.5,2.0,1.5,1.5,1.0,0.0,0.0,기타금융,125500,150000,0.1952191235059761,"14,15년"
101,다우기술,1.0,1.5,1.5,2.0,1.5,1.5,1.0,0.0,0.0,서비스업,11100,24850,1.2387387387387387,"14,15년"
102,대교,5.0,1.5,1.5,4.0,1.5,1.5,-1.0,0.0,0.0,서비스업,7450,9150,0.22818791946308725,"14,15년"
103,대구백화점,2.0,1.5,1.5,2.0,1.5,1.5,0.0,0.0,0.0,유통업,15250,14200,-0.06885245901639345,"14,15년"
104,대덕전자,2.0,3.0,3.0,2.0,1.5,1.5,0.0,-1.5,-1.5,전기전자,9050,7350,-0.1878453038674033,"14,15년"
105,대동전자,1.0,1.5,1.5,1.0,1.5,1.5,0.0,0.0,0.0,전기전자,4465,5190,0.1623740201567749,"14,15년"
106,대림통상,2.0,1.5,1.5,1.0,1.5,1.5,-1.0,0.0,0.0,기계,4300,6820,0.586046511627907,"14,15년"
107,대상,1.0,1.5,1.5,1.0,1.5,1.5,0.0,0.0,0.0,음식료품,41550,31100,-0.25150421179302046,"14,15년"
108,대상홀딩스,2.0,1.5,1.5,1.0,1.5,1.5,-1.0,0.0,0.0,기타금융,20800,21350,0.026442307692307692,"14,15년"
109,대성산업,2.0,1.5,3.0,2.0,1.5,3.0,0.0,0.0,0.0,유통업,2490,4030,0.6184738955823293,"14,15년"
110,대성에너지,2.0,1.5,1.5,1.0,1.5,1.5,-1.0,0.0,0.0,전기가스업,6350,6630,0.04409448818897638,"14,15년"
111,대성홀딩스,2.0,1.5,1.5,2.0,1.5,1.5,0.0,0.0,0.0,서비스업,12300,11900,-0.032520325203252036,"14,15년"
112,대신증권,3.0,1.5,1.5,4.0,1.5,1.5,1.0,0.0,0.0,증권,10250,10500,0.024390243902439025,"14,15년"
113,대양금속,1.0,1.5,1.5,1.0,1.5,1.5,0.0,0.0,0.0,철강금속,610,601,-0.014754098360655738,"14,15년"
114,대영포장,1.0,1.5,1.5,1.0,1.5,1.5,0.0,0.0,0.0,종이목재,890,1135,0.2752808988764045,"14,15년"
115,대우건설,,4.0,4.0,,3.0,4.0,,-1.0,0.0,건설업,6550,6510,-0.0061068702290076335,"14,15년"
116,대우부품,1.0,1.5,1.5,1.0,1.5,1.5,0.0,0.0,0.0,운수장비,830,1200,0.4457831325301205,"14,15년"
117,대우조선해양,3.0,1.5,3.0,2.0,1.5,4.0,-1.0,0.0,1.0,운수장비,18300,6940,-0.6207650273224044,"14,15년"
118,대웅,1.0,1.5,1.5,1.0,1.5,1.5,0.0,0.0,0.0,의약품,51300,63700,0.24171539961013644,"14,15년"
119,대웅제약,2.0,1.5,1.5,1.0,3.0,1.5,-1.0,1.5,0.0,의약품,69700,76200,0.09325681492109039,"14,15년"
120,대원강업,2.0,1.5,3.0,1.0,1.5,3.0,-1.0,0.0,0.0,운수장비,6420,4955,-0.22819314641744548,"14,15년"
121,대원전선,1.0,1.5,1.5,1.0,1.5,1.5,0.0,0.0,0.0,전기전자,904,1990,1.2013274336283186,"14,15년"
122,대원제약,3.0,1.5,1.5,3.0,1.5,1.5,0.0,0.0,0.0,의약품,16550,20800,0.256797583081571,"14,15년"
123,대원화성,2.0,1.5,3.0,2.0,1.5,3.0,0.0,0.0,0.0,화학,2270,3530,0.5550660792951542,"14,15년"
124,대유에이텍,1.0,1.5,1.5,1.0,1.5,1.5,0.0,0.0,0.0,운수장비,1885,2580,0.3687002652519894,"14,15년"
125,대창,1.0,1.5,3.0,1.0,1.5,3.0,0.0,0.0,0.0,철강금속,801,947,0.1822721598002497,"14,15년"
126,대창단조,2.0,1.5,1.5,2.0,1.5,3.0,0.0,0.0,1.5,운수장비,46450,49800,0.0721205597416577,"14,15년"
127,대한방직,2.0,1.5,1.5,2.0,1.5,1.5,0.0,0.0,0.0,섬유의복,26250,68200,1.598095238095238,"14,15년"
128,대한유화,1.0,1.5,3.0,1.0,1.5,3.0,0.0,0.0,0.0,화학,78200,177000,1.2634271099744245,"14,15년"
129,대한전선,1.0,1.5,3.0,,1.5,3.0,,0.0,0.0,전기전자,1960,6000,2.061224489795918,"14,15년"
130,대한제강,2.0,1.5,3.0,2.0,1.5,3.0,0.0,0.0,0.0,철강금속,6210,9650,0.5539452495974235,"14,15년"
131,대한제당,2.0,1.5,1.5,3.0,1.5,1.5,1.0,0.0,0.0,음식료품,32150,22500,-0.3001555209953344,"14,15년"
132,대한제분,1.0,1.5,1.5,1.0,1.5,3.0,0.0,0.0,1.5,음식료품,198000,194500,-0.017676767676767676,"14,15년"
133,대한항공,3.0,4.0,3.0,,3.0,4.0,,-1.0,1.0,운수창고업,37950,30850,-0.18708827404479578,"14,15년"
134,대한해운,,1.5,1.5,1.0,1.5,1.5,,0.0,0.0,운수창고업,29800,20200,-0.3221476510067114,"14,15년"
135,대한화섬,2.0,1.5,1.5,2.0,1.5,3.0,0.0,0.0,1.5,화학,84300,111000,0.3167259786476868,"14,15년"
136,대현,3.0,1.5,1.5,2.0,1.5,1.5,-1.0,0.0,0.0,섬유의복,3060,3685,0.2042483660130719,"14,15년"
137,대호에이엘,1.0,1.5,3.0,1.0,1.5,3.0,0.0,0.0,0.0,철강금속,1210,1470,0.21487603305785125,"14,15년"
138,더존비즈온,1.0,1.5,1.5,2.0,1.5,1.5,1.0,0.0,0.0,서비스업,7040,21500,2.053977272727273,"14,15년"
139,덕성,1.0,1.5,1.5,1.0,1.5,1.5,0.0,0.0,0.0,화학,2570,10550,3.105058365758755,"14,15년"
140,덕양산업,1.0,1.5,1.5,2.0,1.5,1.5,1.0,0.0,0.0,운수장비,3770,2020,-0.46419098143236076,"14,15년"
141,도화엔지니어링,2.0,1.5,1.5,2.0,1.5,1.5,0.0,0.0,0.0,서비스업,4305,4055,-0.05807200929152149,"14,15년"
142,동국제강,3.0,1.5,3.0,1.0,1.5,3.0,-2.0,0.0,0.0,철강금속,6360,6840,0.07547169811320754,"14,15년"
143,동남합성,1.0,1.5,1.5,1.0,1.5,1.5,0.0,0.0,0.0,화학,34500,40650,0.1782608695652174,"14,15년"
144,동방,1.0,1.5,1.5,2.0,1.5,1.5,1.0,0.0,0.0,운수창고업,1880,3050,0.6223404255319149,"14,15년"
145,동방아그로,2.0,1.5,1.5,2.0,1.5,1.5,0.0,0.0,0.0,화학,6410,6560,0.0234009360374415,"14,15년"
146,동성제약,1.0,1.5,1.5,2.0,1.5,1.5,1.0,0.0,0.0,의약품,5250,5020,-0.04380952380952381,"14,15년"
147,동아쏘시오홀딩스,2.0,1.5,1.5,2.0,1.5,1.5,0.0,0.0,0.0,기타금융,147000,162500,0.1054421768707483,"14,15년"
148,동아지질,2.0,1.5,1.5,1.0,1.5,1.5,-1.0,0.0,0.0,건설업,7910,7960,0.006321112515802781,"14,15년"
149,동양고속,2.0,1.5,1.5,1.0,1.5,1.5,-1.0,0.0,0.0,운수창고업,34400,37150,0.07994186046511628,"14,15년"
150,동양생명,3.0,1.5,1.5,4.0,3.0,1.5,1.0,1.5,0.0,보험,11600,13950,0.2025862068965517,"14,15년"
151,동양철관,1.0,1.5,1.5,1.0,1.5,1.5,0.0,0.0,0.0,철강금속,1200,1365,0.1375,"14,15년"
152,동원F&B,1.0,1.5,1.5,1.0,1.5,1.5,0.0,0.0,0.0,음식료품,350500,376500,0.07417974322396577,"14,15년"
153,동원금속,1.0,1.5,1.5,2.0,1.5,1.5,1.0,0.0,0.0,운수장비,1870,2110,0.12834224598930483,"14,15년"
154,동원산업,2.0,1.5,1.5,2.0,3.0,1.5,0.0,1.5,0.0,기타금융,328000,320000,-0.024390243902439025,"14,15년"
155,동원수산,1.0,1.5,1.5,2.0,1.5,1.5,1.0,0.0,0.0,"농업, 임업 및 어업",7180,9900,0.3788300835654596,"14,15년"
156,동원시스템즈,1.0,1.5,1.5,1.0,1.5,1.5,0.0,0.0,0.0,화학,27800,79500,1.8597122302158273,"14,15년"
157,동일고무벨트,1.0,1.5,1.5,1.0,1.5,1.5,0.0,0.0,0.0,화학,9740,14500,0.4887063655030801,"14,15년"
158,동일산업,2.0,1.5,3.0,2.0,1.5,3.0,0.0,0.0,0.0,철강금속,63200,57400,-0.09177215189873418,"14,15년"
159,동화약품,2.0,1.5,1.5,1.0,1.5,1.5,-1.0,0.0,0.0,의약품,6100,6920,0.13442622950819672,"14,15년"
160,두산,4.0,4.0,4.0,4.0,4.0,4.0,0.0,0.0,0.0,기타금융,111000,110500,-0.0045045045045045045,"14,15년"
161,디씨엠,2.0,1.5,1.5,1.0,1.5,1.5,-1.0,0.0,0.0,철강금속,15650,11200,-0.28434504792332266,"14,15년"
162,디아이,1.0,1.5,1.5,2.0,1.5,1.5,1.0,0.0,0.0,의료정밀,7680,8910,0.16015625,"14,15년"
163,디아이씨,2.0,1.5,1.5,2.0,1.5,1.5,0.0,0.0,0.0,운수장비,6540,8730,0.3348623853211009,"14,15년"
164,락앤락,3.0,1.5,1.5,3.0,1.5,1.5,0.0,0.0,0.0,화학,11400,12250,0.07456140350877193,"14,15년"
165,롯데관광개발,2.0,1.5,1.5,1.0,1.5,1.5,-1.0,0.0,0.0,서비스업,13900,15750,0.13309352517985612,"14,15년"
166,롯데손해보험,3.0,4.0,1.5,3.0,4.0,1.5,0.0,0.0,0.0,보험,2915,2830,-0.029159519725557463,"14,15년"
167,롯데쇼핑,4.0,4.0,4.0,1.0,1.5,4.0,-3.0,-2.5,0.0,유통업,296500,232000,-0.2175379426644182,"14,15년"
168,롯데케미칼,3.0,4.0,5.0,2.0,5.0,5.0,-1.0,1.0,0.0,화학,145000,240500,0.6586206896551724,"14,15년"
169,롯데하이마트,4.0,3.0,1.5,3.0,3.0,1.5,-1.0,0.0,0.0,유통업,66100,58200,-0.11951588502269289,"14,15년"
170,마니커,1.0,1.5,1.5,1.0,1.5,1.5,0.0,0.0,0.0,음식료품,576,757,0.3142361111111111,"14,15년"
171,만호제강,2.0,1.5,1.5,2.0,1.5,1.5,0.0,0.0,0.0,철강금속,19350,18550,-0.041343669250646,"14,15년"
172,메리츠금융지주,3.0,1.5,1.5,4.0,1.5,1.5,1.0,0.0,0.0,기타금융,9430,14650,0.5535524920466596,"14,15년"
173,명문제약,2.0,1.5,1.5,2.0,1.5,1.5,0.0,0.0,0.0,의약품,2655,3090,0.1638418079096045,"14,15년"
174,모나리자,1.0,1.5,1.5,1.0,1.5,1.5,0.0,0.0,0.0,종이목재,3170,5220,0.6466876971608833,"14,15년"
175,모나미,2.0,1.5,1.5,1.0,1.5,1.5,-1.0,0.0,0.0,유통업,3715,4565,0.2288021534320323,"14,15년"
176,모토닉,2.0,1.5,1.5,2.0,1.5,1.5,0.0,0.0,0.0,운수장비,13000,12550,-0.03461538461538462,"14,15년"
177,무림P&P,1.0,1.5,3.0,1.0,1.5,3.0,0.0,0.0,0.0,종이목재,4930,5380,0.09127789046653144,"14,15년"
178,무림페이퍼,1.0,1.5,3.0,2.0,1.5,3.0,1.0,0.0,0.0,종이목재,2340,3545,0.5149572649572649,"14,15년"
179,무학,3.0,1.5,1.5,1.0,1.5,1.5,-2.0,0.0,0.0,음식료품,33800,48000,0.42011834319526625,"14,15년"
180,문배철강,1.0,1.5,1.5,2.0,1.5,1.5,1.0,0.0,0.0,철강금속,1995,2920,0.46365914786967416,"14,15년"
181,미래산업,2.0,1.5,1.5,2.0,1.5,1.5,0.0,0.0,0.0,의료정밀,157,623,2.968152866242038,"14,15년"
182,미래에셋증권,3.0,3.0,1.5,3.0,3.0,1.5,0.0,0.0,0.0,증권,45950,25550,-0.4439608269858542,"14,15년"
183,미원상사,1.0,1.5,1.5,1.0,1.5,1.5,0.0,0.0,0.0,화학,166500,186000,0.11711711711711711,"14,15년"
184,미원화학,1.0,1.5,1.5,1.0,1.5,1.5,0.0,0.0,0.0,화학,36250,47400,0.30758620689655175,"14,15년"
185,방림,2.0,1.5,1.5,1.0,1.5,1.5,-1.0,0.0,0.0,섬유의복,22700,27850,0.22687224669603523,"14,15년"
186,백광산업,2.0,1.5,3.0,2.0,1.5,3.0,0.0,0.0,0.0,화학,2925,2575,-0.11965811965811966,"14,15년"
187,백산,1.0,1.5,1.5,2.0,1.5,1.5,1.0,0.0,0.0,화학,4550,4515,-0.007692307692307693,"14,15년"
188,벽산,2.0,1.5,1.5,,1.5,1.5,,0.0,0.0,비금속광물,6340,9440,0.4889589905362776,"14,15년"
189,보락,2.0,1.5,1.5,2.0,1.5,1.5,0.0,0.0,0.0,화학,3100,4400,0.41935483870967744,"14,15년"
190,보해양조,1.0,1.5,1.5,1.0,1.5,1.5,0.0,0.0,0.0,음식료품,1390,1815,0.3057553956834532,"14,15년"
191,부광약품,3.0,1.5,1.5,2.0,1.5,1.5,-1.0,0.0,0.0,의약품,19950,25150,0.2606516290726817,"14,15년"
192,부국증권,2.0,1.5,1.5,2.0,1.5,1.5,0.0,0.0,0.0,증권,14850,17200,0.15824915824915825,"14,15년"
193,부국철강,1.0,1.5,1.5,1.0,1.5,1.5,0.0,0.0,0.0,철강금속,2290,2950,0.28820960698689957,"14,15년"
194,부산산업,2.0,1.5,1.5,2.0,1.5,1.5,0.0,0.0,0.0,비금속광물,22550,32600,0.44567627494456763,"14,15년"
195,부산주공,2.0,1.5,3.0,3.0,1.5,3.0,1.0,0.0,0.0,운수장비,2390,2045,-0.14435146443514643,"14,15년"
196,비상교육,2.0,1.5,1.5,1.0,1.5,1.5,-1.0,0.0,0.0,서비스업,8100,8800,0.08641975308641975,"14,15년"
197,빙그레,2.0,3.0,1.5,2.0,1.5,1.5,0.0,-1.5,0.0,음식료품,82700,68300,-0.17412333736396615,"14,15년"
198,사조대림,1.0,1.5,1.5,1.0,1.5,1.5,0.0,0.0,0.0,음식료품,14000,18000,0.2857142857142857,"14,15년"
199,사조산업,1.0,1.5,1.5,2.0,1.5,1.5,1.0,0.0,0.0,"농업, 임업 및 어업",37550,68500,0.8242343541944075,"14,15년"
200,사조씨푸드,1.0,1.5,1.5,2.0,1.5,1.5,1.0,0.0,0.0,음식료품,6230,7330,0.17656500802568217,"14,15년"
201,사조오양,1.0,1.5,1.5,1.0,1.5,1.5,0.0,0.0,0.0,음식료품,8900,12350,0.38764044943820225,"14,15년"
202,삼부토건,2.0,1.5,1.5,1.0,1.5,1.5,-1.0,0.0,0.0,건설업,5020,5290,0.053784860557768925,"14,15년"
203,삼성SDI,3.0,4.0,4.0,3.0,4.0,5.0,0.0,0.0,1.0,전기전자,126000,106500,-0.15476190476190477,"14,15년"
204,삼성공조,2.0,1.5,1.5,3.0,1.5,1.5,1.0,0.0,0.0,운수장비,11600,10450,-0.09913793103448276,"14,15년"
205,삼성물산,2.0,4.0,4.0,2.0,3.0,4.0,0.0,-1.0,0.0,유통업,72300,155000,1.1438450899031811,"14,15년"
206,삼성생명,4.0,5.0,4.0,4.0,4.0,5.0,0.0,-1.0,1.0,보험,116500,109000,-0.06437768240343347,"14,15년"
207,삼성엔지니어링,3.0,4.0,4.0,3.0,4.0,4.0,0.0,0.0,0.0,서비스업,61600,18200,-0.7045454545454546,"14,15년"
208,삼성전기,4.0,5.0,5.0,4.0,4.0,4.0,0.0,-1.0,-1.0,전기전자,48700,65200,0.33880903490759756,"14,15년"
209,삼성전자,4.0,5.0,4.0,3.0,3.0,5.0,-1.0,-2.0,1.0,전기전자,1244000,1372000,0.10289389067524116,"14,15년"
210,삼성제약,2.0,1.5,1.5,,1.5,1.5,,0.0,0.0,의약품,2915,12950,3.4425385934819897,"14,15년"
211,삼성중공업,2.0,4.0,4.0,3.0,3.0,3.0,1.0,-1.0,-1.0,운수장비,26050,13300,-0.4894433781190019,"14,15년"
212,삼성증권,4.0,4.0,1.5,5.0,3.0,1.5,1.0,-1.0,0.0,증권,47800,48300,0.010460251046025104,"14,15년"
213,삼성출판사,2.0,1.5,1.5,2.0,1.5,1.5,0.0,0.0,0.0,서비스업,7200,12700,0.7638888888888888,"14,15년"
214,삼성카드,3.0,3.0,1.5,4.0,1.5,1.5,1.0,-1.5,0.0,기타금융,46000,38600,-0.1608695652173913,"14,15년"
215,삼아알미늄,2.0,1.5,1.5,2.0,1.5,1.5,0.0,0.0,0.0,철강금속,2820,3125,0.10815602836879433,"14,15년"
216,삼양사,2.0,3.0,3.0,1.0,3.0,3.0,-1.0,0.0,0.0,음식료품,69400,103500,0.49135446685878964,"14,15년"
217,삼양식품,1.0,1.5,1.5,1.0,1.5,1.5,0.0,0.0,0.0,음식료품,21950,22950,0.04555808656036447,"14,15년"
218,삼양통상,2.0,1.5,1.5,2.0,1.5,1.5,0.0,0.0,0.0,기타제조업,82200,50800,-0.3819951338199513,"14,15년"
219,삼양홀딩스,1.0,1.5,1.5,1.0,1.5,1.5,0.0,0.0,0.0,기타금융,89000,160500,0.8033707865168539,"14,15년"
220,삼영무역,2.0,1.5,1.5,2.0,1.5,1.5,0.0,0.0,0.0,유통업,23900,23050,-0.03556485355648536,"14,15년"
221,삼원강재,1.0,1.5,3.0,1.0,1.5,3.0,0.0,0.0,0.0,운수장비,4480,3630,-0.18973214285714285,"14,15년"
222,삼익THK,1.0,1.5,1.5,2.0,1.5,1.5,1.0,0.0,0.0,기계,9030,8550,-0.053156146179401995,"14,15년"
223,삼익악기,1.0,1.5,1.5,1.0,1.5,1.5,0.0,0.0,0.0,기타제조업,4075,4060,-0.0036809815950920245,"14,15년"
224,삼일제약,2.0,1.5,1.5,2.0,1.5,1.5,0.0,0.0,0.0,의약품,5900,6970,0.18135593220338983,"14,15년"
225,삼정펄프,2.0,1.5,1.5,2.0,1.5,1.5,0.0,0.0,0.0,종이목재,42150,37300,-0.11506524317912219,"14,15년"
226,삼진제약,2.0,1.5,1.5,2.0,1.5,1.5,0.0,0.0,0.0,의약품,25350,24450,-0.03550295857988166,"14,15년"
227,삼천리,3.0,3.0,3.0,1.0,3.0,3.0,-2.0,0.0,0.0,전기가스업,151000,102500,-0.3211920529801324,"14,15년"
228,삼호개발,2.0,1.5,1.5,1.0,1.5,1.5,-1.0,0.0,0.0,건설업,3330,3410,0.024024024024024024,"14,15년"
229,삼화왕관,1.0,1.5,1.5,1.0,1.5,1.5,0.0,0.0,0.0,기계,36600,43500,0.1885245901639344,"14,15년"
230,삼화전기,2.0,1.5,3.0,2.0,1.5,1.5,0.0,0.0,-1.5,전기전자,4245,4715,0.11071849234393404,"14,15년"
231,상신브레이크,2.0,1.5,1.5,2.0,1.5,1.5,0.0,0.0,0.0,운수장비,6840,7080,0.03508771929824561,"14,15년"
232,새론오토모티브,1.0,3.0,3.0,1.0,1.5,3.0,0.0,-1.5,0.0,운수장비,10850,8770,-0.19170506912442398,"14,15년"
233,서연,2.0,1.5,1.5,1.0,1.5,1.5,-1.0,0.0,0.0,기타금융,15300,12250,-0.19934640522875818,"14,15년"
234,서원,2.0,1.5,1.5,2.0,1.5,1.5,0.0,0.0,0.0,철강금속,1495,1275,-0.14715719063545152,"14,15년"
235,서흥,2.0,1.5,1.5,2.0,1.5,1.5,0.0,0.0,0.0,화학,59400,49900,-0.15993265993265993,"14,15년"
236,선도전기,2.0,1.5,1.5,2.0,1.5,1.5,0.0,0.0,0.0,전기전자,2470,2435,-0.01417004048582996,"14,15년"
237,선진,1.0,1.5,1.5,2.0,1.5,1.5,1.0,0.0,0.0,음식료품,38000,27900,-0.2657894736842105,"14,15년"
238,성문전자,1.0,1.5,1.5,2.0,1.5,1.5,1.0,0.0,0.0,전기전자,1185,1915,0.6160337552742616,"14,15년"
239,성보화학,2.0,1.5,1.5,1.0,1.5,1.5,-1.0,0.0,0.0,화학,44200,59800,0.35294117647058826,"14,15년"
240,성신양회,3.0,1.5,3.0,2.0,1.5,3.0,-1.0,0.0,0.0,비금속광물,8210,11400,0.38855054811205847,"14,15년"
241,성안,1.0,1.5,1.5,1.0,1.5,1.5,0.0,0.0,0.0,섬유의복,772,1095,0.4183937823834197,"14,15년"
242,성창기업지주,1.0,1.5,1.5,,1.5,1.5,,0.0,0.0,서비스업,20950,29450,0.40572792362768495,"14,15년"
243,세기상사,2.0,1.5,1.5,2.0,1.5,1.5,0.0,0.0,0.0,유통업,30600,54000,0.7647058823529411,"14,15년"
244,세방,3.0,1.5,1.5,3.0,1.5,1.5,0.0,0.0,0.0,운수창고업,19350,17950,-0.07235142118863049,"14,15년"
245,세방전지,2.0,1.5,3.0,1.0,3.0,3.0,-1.0,1.5,0.0,전기전자,37150,40800,0.09825033647375504,"14,15년"
246,세아제강,2.0,1.5,3.0,1.0,1.5,3.0,-1.0,0.0,0.0,철강금속,82800,63900,-0.22826086956521738,"14,15년"
247,세아특수강,2.0,1.5,3.0,2.0,1.5,3.0,0.0,0.0,0.0,철강금속,24400,17750,-0.2725409836065574,"14,15년"
248,세아홀딩스,2.0,1.5,1.5,1.0,1.5,1.5,-1.0,0.0,0.0,철강금속,179500,175000,-0.025069637883008356,"14,15년"
249,세우글로벌,1.0,1.5,1.5,1.0,1.5,1.5,0.0,0.0,0.0,유통업,1190,2075,0.7436974789915967,"14,15년"
250,세원정공,2.0,1.5,1.5,2.0,1.5,1.5,0.0,0.0,0.0,운수장비,31400,24350,-0.22452229299363058,"14,15년"
251,세이브존I&C,1.0,1.5,1.5,2.0,1.5,1.5,1.0,0.0,0.0,유통업,7080,6020,-0.1497175141242938,"14,15년"
252,세종공업,2.0,1.5,1.5,2.0,1.5,1.5,0.0,0.0,0.0,운수장비,15000,11050,-0.2633333333333333,"14,15년"
253,세하,2.0,1.5,1.5,1.0,1.5,3.0,-1.0,0.0,1.5,종이목재,360,1860,4.166666666666667,"14,15년"
254,송원산업,2.0,1.5,3.0,1.0,1.5,3.0,-1.0,0.0,0.0,화학,6210,11000,0.7713365539452496,"14,15년"
255,수산중공업,1.0,1.5,1.5,1.0,1.5,1.5,0.0,0.0,0.0,기계,1400,2070,0.4785714285714286,"14,15년"
256,신대양제지,1.0,1.5,1.5,2.0,1.5,1.5,1.0,0.0,0.0,종이목재,38600,27200,-0.29533678756476683,"14,15년"
257,신도리코,3.0,1.5,1.5,3.0,1.5,3.0,0.0,0.0,1.5,전기전자,70700,60900,-0.13861386138613863,"14,15년"
258,신라교역,2.0,1.5,1.5,1.0,1.5,1.5,-1.0,0.0,0.0,"농업, 임업 및 어업",19900,17350,-0.12814070351758794,"14,15년"
259,신성이엔지,1.0,1.5,1.5,,1.5,1.5,,0.0,0.0,전기전자,1420,1580,0.11267605633802817,"14,15년"
260,신성통상,1.0,1.5,1.5,1.0,1.5,1.5,0.0,0.0,0.0,유통업,1245,1915,0.5381526104417671,"14,15년"
261,신세계,3.0,3.0,3.0,1.0,4.0,3.0,-2.0,1.0,0.0,유통업,198500,232500,0.1712846347607053,"14,15년"
262,신세계건설,1.0,4.0,1.5,2.0,3.0,1.5,1.0,-1.0,0.0,건설업,21300,49500,1.323943661971831,"14,15년"
263,신세계인터내셔날,2.0,3.0,3.0,3.0,3.0,3.0,1.0,0.0,0.0,유통업,125000,111000,-0.112,"14,15년"
264,신세계푸드,1.0,3.0,3.0,2.0,3.0,1.5,1.0,0.0,-1.5,서비스업,93500,172000,0.839572192513369,"14,15년"
265,신영와코루,1.0,1.5,1.5,1.0,1.5,1.5,0.0,0.0,0.0,섬유의복,124000,163000,0.31451612903225806,"14,15년"
266,신영증권,2.0,1.5,1.5,3.0,1.5,1.5,1.0,0.0,0.0,증권,60400,55200,-0.08609271523178808,"14,15년"
267,신원,2.0,1.5,1.5,1.0,1.5,1.5,-1.0,0.0,0.0,섬유의복,2850,1890,-0.3368421052631579,"14,15년"
268,신풍제약,2.0,1.5,1.5,2.0,1.5,1.5,0.0,0.0,0.0,의약품,4230,4155,-0.01773049645390071,"14,15년"
269,신한지주,5.0,4.0,4.0,5.0,5.0,4.0,0.0,1.0,0.0,기타금융,50300,43550,-0.1341948310139165,"14,15년"
270,신흥,2.0,1.5,1.5,3.0,1.5,1.5,1.0,0.0,0.0,유통업,9680,10900,0.12603305785123967,"14,15년"
271,쌍방울,1.0,1.5,1.5,,1.5,1.5,,0.0,0.0,섬유의복,1080,3265,2.0231481481481484,"14,15년"
272,써니전자,2.0,1.5,1.5,1.0,1.5,1.5,-1.0,0.0,0.0,전기전자,2195,2250,0.025056947608200455,"14,15년"
273,아남전자,1.0,1.5,1.5,1.0,1.5,1.5,0.0,0.0,0.0,전기전자,767,1410,0.8383311603650587,"14,15년"
274,아모레퍼시픽,3.0,4.0,3.0,2.0,4.0,3.0,-1.0,0.0,0.0,화학,2300000,377500,-0.8358695652173913,"14,15년"
275,아세아,1.0,3.0,3.0,1.0,1.5,1.5,0.0,-1.5,-1.5,서비스업,148500,117000,-0.21212121212121213,"14,15년"
276,아세아제지,1.0,1.5,1.5,1.0,1.5,1.5,0.0,0.0,0.0,종이목재,29550,19500,-0.3401015228426396,"14,15년"
277,아시아나항공,1.0,4.0,3.0,1.0,3.0,4.0,0.0,-1.0,1.0,운수창고업,4015,4845,0.20672478206724781,"14,15년"
278,아이마켓코리아,2.0,1.5,1.5,2.0,1.5,1.5,0.0,0.0,0.0,유통업,26350,29700,0.127134724857685,"14,15년"
279,아이에스동서,2.0,1.5,1.5,1.0,1.5,1.5,-1.0,0.0,0.0,비금속광물,45750,42700,-0.06666666666666667,"14,15년"
280,에넥스,2.0,1.5,1.5,2.0,1.5,1.5,0.0,0.0,0.0,기타제조업,1820,4850,1.664835164835165,"14,15년"
281,에스엘,2.0,1.5,1.5,2.0,3.0,1.5,0.0,1.5,0.0,운수장비,19700,17000,-0.13705583756345177,"14,15년"
282,에스원,2.0,3.0,1.5,1.0,1.5,1.5,-1.0,-1.5,0.0,서비스업,74400,99000,0.33064516129032256,"14,15년"
283,에쓰씨엔지니어링,1.0,1.5,1.5,1.0,1.5,1.5,0.0,0.0,0.0,건설업,1690,6080,2.5976331360946747,"14,15년"
284,에이블씨엔씨,2.0,1.5,1.5,2.0,1.5,1.5,0.0,0.0,0.0,화학,22900,24700,0.07860262008733625,"14,15년"
285,에이엔피,1.0,1.5,1.5,1.0,1.5,1.5,0.0,0.0,0.0,전기전자,1055,1260,0.1943127962085308,"14,15년"
286,엔씨소프트,3.0,1.5,1.5,4.0,1.5,1.5,1.0,0.0,0.0,서비스업,147000,189500,0.2891156462585034,"14,15년"
287,엔케이,2.0,1.5,1.5,2.0,1.5,1.5,0.0,0.0,0.0,기계,4685,5810,0.240128068303095,"14,15년"
288,영보화학,1.0,1.5,1.5,1.0,1.5,1.5,0.0,0.0,0.0,화학,4185,4520,0.08004778972520908,"14,15년"
289,영원무역,2.0,1.5,1.5,2.0,1.5,1.5,0.0,0.0,0.0,유통업,63900,47900,-0.25039123630672927,"14,15년"
290,영원무역홀딩스,1.0,1.5,1.5,2.0,1.5,1.5,1.0,0.0,0.0,기타금융,105500,72000,-0.3175355450236967,"14,15년"
291,영진약품,2.0,1.5,1.5,2.0,1.5,1.5,0.0,0.0,0.0,의약품,1425,2280,0.6,"14,15년"
292,영풍,1.0,1.5,3.0,1.0,1.5,3.0,0.0,0.0,0.0,철강금속,1191000,1252000,0.051217464315701094,"14,15년"
293,영풍제지,1.0,1.5,1.5,2.0,1.5,1.5,1.0,0.0,0.0,종이목재,20400,2835,-0.8610294117647059,"14,15년"
294,영화금속,1.0,1.5,1.5,2.0,1.5,1.5,1.0,0.0,0.0,운수장비,1055,1490,0.41232227488151657,"14,15년"
295,오뚜기,1.0,1.5,3.0,1.0,1.5,1.5,0.0,0.0,-1.5,음식료품,567000,1049000,0.8500881834215167,"14,15년"
296,오리엔트바이오,1.0,1.5,1.5,1.0,1.5,1.5,0.0,0.0,0.0,의약품,818,1275,0.558679706601467,"14,15년"
297,우리종금,1.0,1.5,1.5,2.0,1.5,1.5,1.0,0.0,0.0,기타금융,470,611,0.3,"14,15년"
298,우신시스템,1.0,1.5,1.5,1.0,1.5,1.5,0.0,0.0,0.0,기계,2935,3900,0.3287904599659284,"14,15년"
299,우진,2.0,1.5,1.5,3.0,1.5,1.5,1.0,0.0,0.0,의료정밀,8990,7100,-0.21023359288097887,"14,15년"
300,우진플라임,2.0,1.5,1.5,1.0,1.5,1.5,-1.0,0.0,0.0,기계,4445,3720,-0.16310461192350956,"14,15년"
301,웅진씽크빅,2.0,3.0,1.5,2.0,1.5,1.5,0.0,-1.5,0.0,서비스업,7240,8180,0.1298342541436464,"14,15년"
302,원림,1.0,1.5,1.5,1.0,1.5,1.5,0.0,0.0,0.0,섬유의복,19100,25650,0.34293193717277487,"14,15년"
303,윌비스,2.0,1.5,1.5,2.0,1.5,1.5,0.0,0.0,0.0,유통업,1235,2325,0.8825910931174089,"14,15년"
304,유니드,2.0,1.5,1.5,1.0,1.5,3.0,-1.0,0.0,1.5,화학,59500,51100,-0.1411764705882353,"14,15년"
305,유니온,2.0,1.5,1.5,2.0,1.5,1.5,0.0,0.0,0.0,비금속광물,3780,4195,0.10978835978835978,"14,15년"
306,유니퀘스트,2.0,1.5,1.5,3.0,1.5,1.5,1.0,0.0,0.0,유통업,8240,4135,-0.4981796116504854,"14,15년"
307,유성기업,1.0,1.5,1.5,2.0,1.5,1.5,1.0,0.0,0.0,운수장비,6610,4190,-0.3661119515885023,"14,15년"
308,유안타증권,1.0,1.5,1.5,2.0,1.5,1.5,1.0,0.0,0.0,증권,3055,3995,0.3076923076923077,"14,15년"
309,유엔젤,1.0,1.5,1.5,2.0,1.5,1.5,1.0,0.0,0.0,서비스업,2965,5710,0.9258010118043845,"14,15년"
310,유유제약,2.0,1.5,1.5,1.0,1.5,1.5,-1.0,0.0,0.0,의약품,8020,11850,0.4775561097256858,"14,15년"
311,유한양행,2.0,3.0,3.0,3.0,1.5,3.0,1.0,-1.5,0.0,의약품,176500,283000,0.603399433427762,"14,15년"
312,유화증권,1.0,1.5,1.5,3.0,1.5,1.5,2.0,0.0,0.0,증권,14550,14700,0.010309278350515464,"14,15년"
313,율촌화학,2.0,1.5,1.5,1.0,1.5,1.5,-1.0,0.0,0.0,화학,13550,12350,-0.08856088560885608,"14,15년"
314,이건산업,2.0,1.5,1.5,2.0,1.5,1.5,0.0,0.0,0.0,종이목재,16350,17000,0.039755351681957186,"14,15년"
315,이구산업,2.0,1.5,3.0,3.0,1.5,3.0,1.0,0.0,0.0,철강금속,1150,1265,0.1,"14,15년"
316,이마트,3.0,3.0,5.0,1.0,1.5,4.0,-2.0,-1.5,-1.0,유통업,198000,212500,0.07323232323232323,"14,15년"
317,이수페타시스,1.0,1.5,3.0,1.0,1.5,3.0,0.0,0.0,0.0,전기전자,4300,5050,0.1744186046511628,"14,15년"
318,이수화학,1.0,1.5,3.0,1.0,3.0,1.5,0.0,1.5,-1.5,화학,10300,10300,0.0,"14,15년"
319,이스타코,1.0,1.5,1.5,1.0,1.5,1.5,0.0,0.0,0.0,서비스업,3080,2835,-0.07954545454545454,"14,15년"
320,이연제약,2.0,1.5,1.5,2.0,1.5,1.5,0.0,0.0,0.0,의약품,23900,36200,0.5146443514644351,"14,15년"
321,이월드,1.0,1.5,1.5,1.0,1.5,1.5,0.0,0.0,0.0,기타제조업,2175,2880,0.32413793103448274,"14,15년"
322,이화산업,1.0,1.5,1.5,1.0,1.5,1.5,0.0,0.0,0.0,유통업,18600,20050,0.07795698924731183,"14,15년"
323,인디에프,2.0,1.5,1.5,1.0,1.5,1.5,-1.0,0.0,0.0,섬유의복,1280,2670,1.0859375,"14,15년"
324,인지컨트롤스,1.0,1.5,1.5,1.0,1.5,1.5,0.0,0.0,0.0,운수장비,5060,5120,0.011857707509881422,"14,15년"
325,인천도시가스,2.0,1.5,1.5,2.0,1.5,1.5,0.0,0.0,0.0,전기가스업,36600,34650,-0.05327868852459016,"14,15년"
326,인터지스,1.0,1.5,1.5,2.0,1.5,1.5,1.0,0.0,0.0,운수창고업,8140,3590,-0.558968058968059,"14,15년"
327,인팩,1.0,1.5,1.5,2.0,1.5,1.5,1.0,0.0,0.0,운수장비,7690,6240,-0.18855656697009102,"14,15년"
328,일성건설,1.0,1.5,1.5,1.0,1.5,1.5,0.0,0.0,0.0,건설업,6450,11400,0.7674418604651163,"14,15년"
329,일성신약,2.0,1.5,1.5,2.0,1.5,1.5,0.0,0.0,0.0,의약품,90000,104500,0.16111111111111112,"14,15년"
330,일신방직,3.0,1.5,1.5,3.0,1.5,1.5,0.0,0.0,0.0,섬유의복,195000,158000,-0.18974358974358974,"14,15년"
331,일신석재,1.0,1.5,1.5,1.0,1.5,1.5,0.0,0.0,0.0,유통업,1245,1375,0.10441767068273092,"14,15년"
332,일양약품,2.0,1.5,1.5,2.0,1.5,1.5,0.0,0.0,0.0,의약품,27000,56100,1.0777777777777777,"14,15년"
333,일정실업,2.0,1.5,1.5,1.0,1.5,1.5,-1.0,0.0,0.0,섬유의복,24750,27000,0.09090909090909091,"14,15년"
334,일진다이아,1.0,1.5,1.5,1.0,1.5,1.5,0.0,0.0,0.0,화학,5810,10250,0.7641996557659209,"14,15년"
335,일진디스플,1.0,1.5,1.5,2.0,1.5,1.5,1.0,0.0,0.0,전기전자,7150,6860,-0.04055944055944056,"14,15년"
336,일진전기,1.0,1.5,1.5,2.0,1.5,1.5,1.0,0.0,0.0,전기전자,7970,5700,-0.2848180677540778,"14,15년"
337,일진홀딩스,1.0,1.5,1.5,1.0,1.5,1.5,0.0,0.0,0.0,기타금융,7500,12050,0.6066666666666667,"14,15년"
338,자화전자,2.0,1.5,3.0,2.0,1.5,1.5,0.0,0.0,-1.5,전기전자,11200,11250,0.004464285714285714,"14,15년"
339,전방,2.0,1.5,1.5,1.0,1.5,1.5,-1.0,0.0,0.0,섬유의복,37550,51500,0.3715046604527297,"14,15년"
340,제일기획,2.0,1.5,1.5,1.0,3.0,3.0,-1.0,1.5,1.5,서비스업,16700,20000,0.19760479041916168,"14,15년"
341,제일연마,2.0,1.5,1.5,1.0,1.5,1.5,-1.0,0.0,0.0,비금속광물,7980,7650,-0.041353383458646614,"14,15년"
342,제주은행,4.0,1.5,1.5,4.0,1.5,1.5,0.0,0.0,0.0,은행,7850,9950,0.267515923566879,"14,15년"
343,조광페인트,1.0,1.5,1.5,,1.5,1.5,,0.0,0.0,화학,8600,15450,0.7965116279069767,"14,15년"
344,조광피혁,2.0,1.5,1.5,2.0,1.5,1.5,0.0,0.0,0.0,기타제조업,136500,49850,-0.6347985347985348,"14,15년"
345,조비,1.0,1.5,1.5,1.0,1.5,1.5,0.0,0.0,0.0,화학,11200,12300,0.09821428571428571,"14,15년"
346,조선내화,2.0,1.5,1.5,1.0,1.5,1.5,-1.0,0.0,0.0,비금속광물,133000,94500,-0.2894736842105263,"14,15년"
347,조선선재,1.0,1.5,1.5,1.0,1.5,1.5,0.0,0.0,0.0,기계,65000,68900,0.06,"14,15년"
348,조일알미늄,2.0,1.5,1.5,2.0,1.5,3.0,0.0,0.0,1.5,철강금속,1085,1540,0.41935483870967744,"14,15년"
349,조흥,2.0,1.5,1.5,2.0,1.5,1.5,0.0,0.0,0.0,음식료품,103500,154000,0.48792270531400966,"14,15년"
350,종근당바이오,1.0,1.5,1.5,2.0,1.5,1.5,1.0,0.0,0.0,의약품,23800,19750,-0.17016806722689076,"14,15년"
351,종근당홀딩스,2.0,1.5,1.5,1.0,1.5,1.5,-1.0,0.0,0.0,의약품,78600,79800,0.015267175572519083,"14,15년"
352,주연테크,1.0,1.5,1.5,1.0,1.5,1.5,0.0,0.0,0.0,전기전자,563,1000,0.7761989342806395,"14,15년"
353,지엠비코리아,3.0,1.5,1.5,3.0,1.5,1.5,0.0,0.0,0.0,운수장비,6400,5630,-0.1203125,"14,15년"
354,지역난방공사,4.0,3.0,3.0,4.0,3.0,3.0,0.0,0.0,0.0,전기가스업,60000,62100,0.035,"14,15년"
355,진도,1.0,1.5,1.5,1.0,1.5,1.5,0.0,0.0,0.0,유통업,3390,6560,0.9351032448377581,"14,15년"
356,진양산업,1.0,1.5,1.5,2.0,1.5,1.5,1.0,0.0,0.0,화학,2975,3090,0.03865546218487395,"14,15년"
357,진양홀딩스,2.0,1.5,1.5,2.0,1.5,1.5,0.0,0.0,0.0,화학,4810,4095,-0.14864864864864866,"14,15년"
358,진양화학,2.0,1.5,1.5,2.0,1.5,1.5,0.0,0.0,0.0,화학,4295,3600,-0.16181606519208383,"14,15년"
359,진원생명과학,1.0,1.5,1.5,1.0,1.5,1.5,0.0,0.0,0.0,의약품,1825,13800,6.561643835616438,"14,15년"
360,진흥기업,,1.5,3.0,1.0,1.5,3.0,,0.0,0.0,건설업,1375,2240,0.6290909090909091,"14,15년"
361,참엔지니어링,2.0,1.5,1.5,1.0,1.5,1.5,-1.0,0.0,0.0,기계,1360,1430,0.051470588235294115,"14,15년"
362,천일고속,1.0,1.5,1.5,2.0,1.5,1.5,1.0,0.0,0.0,운수창고업,55700,77100,0.38420107719928187,"14,15년"
363,체시스,1.0,1.5,1.5,2.0,1.5,1.5,1.0,0.0,0.0,운수장비,896,1900,1.1205357142857142,"14,15년"
364,카프로,1.0,1.5,3.0,1.0,1.5,3.0,0.0,0.0,0.0,화학,2815,2815,0.0,"14,15년"
365,코리아써키트,2.0,1.5,3.0,2.0,1.5,3.0,0.0,0.0,0.0,전기전자,7920,11050,0.3952020202020202,"14,15년"
366,코리안리,4.0,1.5,1.5,4.0,1.5,1.5,0.0,0.0,0.0,보험,11400,13600,0.19298245614035087,"14,15년"
367,코스맥스비티아이,2.0,1.5,1.5,2.0,1.5,1.5,0.0,0.0,0.0,기타금융,51000,71300,0.3980392156862745,"14,15년"
368,코스모신소재,2.0,3.0,3.0,1.0,3.0,3.0,-1.0,0.0,0.0,화학,3285,2965,-0.0974124809741248,"14,15년"
369,코스모화학,2.0,1.5,3.0,1.0,1.5,3.0,-1.0,0.0,0.0,화학,5090,5530,0.08644400785854617,"14,15년"
370,코아스,2.0,1.5,1.5,2.0,1.5,1.5,0.0,0.0,0.0,기타제조업,1695,2440,0.43952802359882004,"14,15년"
371,코오롱,2.0,1.5,1.5,2.0,1.5,1.5,0.0,0.0,0.0,기타금융,25750,64100,1.4893203883495145,"14,15년"
372,코오롱글로벌,2.0,1.5,1.5,2.0,1.5,1.5,0.0,0.0,0.0,건설업,7420,17000,1.2911051212938005,"14,15년"
373,코오롱인더,3.0,1.5,3.0,2.0,3.0,3.0,-1.0,1.5,0.0,화학,54500,62100,0.13944954128440368,"14,15년"
374,코오롱플라스틱,3.0,3.0,3.0,3.0,3.0,3.0,0.0,0.0,0.0,화학,5780,7750,0.3408304498269896,"14,15년"
375,코웨이,2.0,4.0,4.0,2.0,4.0,4.0,0.0,0.0,0.0,서비스업,81600,85200,0.04411764705882353,"14,15년"
376,콤텍시스템,1.0,1.5,1.5,1.0,1.5,1.5,0.0,0.0,0.0,서비스업,1300,1570,0.2076923076923077,"14,15년"
377,키움증권,3.0,1.5,1.5,4.0,1.5,1.5,1.0,0.0,0.0,증권,45350,58700,0.29437706725468576,"14,15년"
378,태경산업,1.0,1.5,1.5,2.0,1.5,1.5,1.0,0.0,0.0,화학,5780,6130,0.06055363321799308,"14,15년"
379,태광산업,1.0,1.5,1.5,1.0,1.5,1.5,0.0,0.0,0.0,화학,1250000,1110000,-0.112,"14,15년"
380,태림포장,1.0,1.5,1.5,1.0,1.5,1.5,0.0,0.0,0.0,종이목재,2445,3200,0.30879345603271985,"14,15년"
381,태영건설,3.0,3.0,3.0,3.0,1.5,3.0,0.0,-1.5,0.0,건설업,4245,5890,0.3875147232037691,"14,15년"
382,태원물산,1.0,1.5,1.5,1.0,1.5,1.5,0.0,0.0,0.0,운수장비,2340,3190,0.36324786324786323,"14,15년"
383,태평양물산,2.0,1.5,1.5,2.0,1.5,1.5,0.0,0.0,0.0,섬유의복,6480,4265,-0.341820987654321,"14,15년"
384,텔코웨어,2.0,1.5,1.5,2.0,1.5,1.5,0.0,0.0,0.0,서비스업,13450,14550,0.08178438661710037,"14,15년"
385,티에이치엔,1.0,1.5,1.5,1.0,1.5,1.5,0.0,0.0,0.0,전기전자,1500,1605,0.07,"14,15년"
386,티웨이홀딩스,1.0,1.5,1.5,,1.5,1.5,,0.0,0.0,비금속광물,4885,9120,0.8669396110542477,"14,15년"
387,파미셀,2.0,1.5,1.5,2.0,1.5,1.5,0.0,0.0,0.0,의약품,4790,4905,0.024008350730688934,"14,15년"
388,팜스코,1.0,1.5,1.5,2.0,1.5,1.5,1.0,0.0,0.0,음식료품,16750,15450,-0.07761194029850746,"14,15년"
389,퍼스텍,2.0,1.5,1.5,2.0,1.5,1.5,0.0,0.0,0.0,기계,2005,5860,1.9226932668329177,"14,15년"
390,퍼시스,2.0,1.5,3.0,2.0,1.5,1.5,0.0,0.0,-1.5,기타제조업,32150,34700,0.07931570762052877,"14,15년"
391,페이퍼코리아,1.0,1.5,1.5,1.0,1.5,1.5,0.0,0.0,0.0,종이목재,759,1005,0.3241106719367589,"14,15년"
392,평화산업,2.0,1.5,1.5,3.0,1.5,1.5,1.0,0.0,0.0,운수장비,1240,1600,0.2903225806451613,"14,15년"
393,평화홀딩스,2.0,1.5,1.5,2.0,1.5,1.5,0.0,0.0,0.0,운수장비,2960,3430,0.15878378378378377,"14,15년"
394,풀무원,4.0,4.0,1.5,3.0,3.0,3.0,-1.0,-1.0,1.5,음식료품,144000,185500,0.2881944444444444,"14,15년"
395,풍산,3.0,1.5,3.0,3.0,1.5,3.0,0.0,0.0,0.0,철강금속,26450,25750,-0.026465028355387523,"14,15년"
396,풍산홀딩스,2.0,1.5,1.5,2.0,1.5,1.5,0.0,0.0,0.0,기타금융,46100,40150,-0.12906724511930587,"14,15년"
397,하나금융지주,5.0,3.0,1.5,5.0,3.0,1.5,0.0,0.0,0.0,기타금융,37050,27800,-0.2496626180836707,"14,15년"
398,하나투어,2.0,1.5,1.5,2.0,1.5,1.5,0.0,0.0,0.0,서비스업,67100,126000,0.8777943368107303,"14,15년"
399,하이스틸,2.0,1.5,1.5,2.0,1.5,1.5,0.0,0.0,0.0,철강금속,16550,22000,0.3293051359516616,"14,15년"
400,하이트진로,3.0,1.5,3.0,2.0,1.5,3.0,-1.0,0.0,0.0,음식료품,26450,22900,-0.1342155009451796,"14,15년"
401,하이트진로홀딩스,2.0,1.5,1.5,2.0,1.5,1.5,0.0,0.0,0.0,기타금융,12500,13650,0.092,"14,15년"
402,한국가스공사,4.0,4.0,4.0,3.0,3.0,4.0,-1.0,-1.0,0.0,전기가스업,50100,42600,-0.1497005988023952,"14,15년"
403,한국공항,1.0,3.0,1.5,,1.5,1.5,,-1.5,0.0,운수창고업,33250,30300,-0.0887218045112782,"14,15년"
404,한국금융지주,4.0,1.5,1.5,4.0,1.5,1.5,0.0,0.0,0.0,기타금융,54100,61000,0.12754158964879853,"14,15년"
405,한국내화,1.0,1.5,1.5,2.0,1.5,1.5,1.0,0.0,0.0,비금속광물,3175,3200,0.007874015748031496,"14,15년"
406,한국쉘석유,3.0,3.0,3.0,3.0,3.0,1.5,0.0,0.0,-1.5,화학,489000,507000,0.03680981595092025,"14,15년"
407,한국전자홀딩스,1.0,1.5,1.5,2.0,1.5,1.5,1.0,0.0,0.0,기타금융,1555,1105,-0.28938906752411575,"14,15년"
408,한국종합기술,2.0,1.5,1.5,2.0,1.5,1.5,0.0,0.0,0.0,서비스업,4930,5040,0.02231237322515213,"14,15년"
409,한국주강,1.0,1.5,1.5,1.0,1.5,1.5,0.0,0.0,0.0,기계,2975,3005,0.010084033613445379,"14,15년"
410,한국철강,3.0,1.5,3.0,2.0,1.5,3.0,-1.0,0.0,0.0,철강금속,33150,48350,0.45852187028657615,"14,15년"
411,한국카본,2.0,1.5,1.5,1.0,1.5,1.5,-1.0,0.0,0.0,기계,6140,5950,-0.030944625407166124,"14,15년"
412,한국콜마,1.0,1.5,1.5,1.0,1.5,1.5,0.0,0.0,0.0,화학,52000,89800,0.7269230769230769,"14,15년"
413,한국콜마홀딩스,1.0,1.5,1.5,2.0,1.5,1.5,1.0,0.0,0.0,기타금융,50100,66200,0.3213572854291417,"14,15년"
414,한국항공우주,3.0,1.5,3.0,2.0,1.5,3.0,-1.0,0.0,0.0,운수장비,41300,90000,1.179176755447942,"14,15년"
415,한국화장품,1.0,1.5,1.5,1.0,1.5,1.5,0.0,0.0,0.0,유통업,4945,11150,1.2548028311425683,"14,15년"
416,한국화장품제조,2.0,1.5,1.5,2.0,1.5,1.5,0.0,0.0,0.0,화학,8530,28200,2.305978898007034,"14,15년"
417,한농화성,2.0,1.5,1.5,2.0,1.5,1.5,0.0,0.0,0.0,화학,3760,3910,0.0398936170212766,"14,15년"
418,한독,3.0,1.5,3.0,2.0,3.0,1.5,-1.0,1.5,-1.5,의약품,23850,24950,0.04612159329140461,"14,15년"
419,한미글로벌,2.0,1.5,1.5,2.0,1.5,1.5,0.0,0.0,0.0,서비스업,8500,12350,0.45294117647058824,"14,15년"
420,한미반도체,2.0,1.5,1.5,1.0,1.5,1.5,-1.0,0.0,0.0,기계,15900,10800,-0.32075471698113206,"14,15년"
421,한미사이언스,2.0,1.5,1.5,2.0,1.5,1.5,0.0,0.0,0.0,기타금융,14600,131500,8.006849315068493,"14,15년"
422,한미약품,3.0,3.0,3.0,1.0,3.0,3.0,-2.0,0.0,0.0,의약품,85000,517000,5.08235294117647,"14,15년"
423,한샘,3.0,1.5,1.5,3.0,1.5,1.5,0.0,0.0,0.0,유통업,127500,233500,0.8313725490196079,"14,15년"
424,한섬,2.0,1.5,1.5,2.0,1.5,1.5,0.0,0.0,0.0,섬유의복,32100,38850,0.2102803738317757,"14,15년"
425,한성기업,1.0,1.5,1.5,1.0,1.5,1.5,0.0,0.0,0.0,음식료품,6850,7450,0.08759124087591241,"14,15년"
426,한세실업,3.0,1.5,1.5,3.0,1.5,1.5,0.0,0.0,0.0,섬유의복,36600,56200,0.5355191256830601,"14,15년"
427,한세예스24홀딩스,2.0,1.5,1.5,2.0,1.5,1.5,0.0,0.0,0.0,섬유의복,14400,21300,0.4791666666666667,"14,15년"
428,한솔로지스틱스,1.0,1.5,1.5,1.0,1.5,1.5,0.0,0.0,0.0,운수창고업,2335,4200,0.7987152034261242,"14,15년"
429,한솔케미칼,3.0,1.5,3.0,3.0,1.5,3.0,0.0,0.0,0.0,화학,34300,67000,0.9533527696793003,"14,15년"
430,한솔테크닉스,2.0,1.5,1.5,1.0,1.5,1.5,-1.0,0.0,0.0,전기전자,11750,25100,1.1361702127659574,"14,15년"
431,한솔홈데코,1.0,1.5,3.0,1.0,3.0,3.0,0.0,1.5,0.0,종이목재,2005,1540,-0.23192019950124687,"14,15년"
432,한신공영,2.0,1.5,1.5,2.0,1.5,1.5,0.0,0.0,0.0,건설업,12150,18800,0.5473251028806584,"14,15년"
433,한양증권,2.0,1.5,1.5,3.0,1.5,1.5,1.0,0.0,0.0,증권,6850,8500,0.24087591240875914,"14,15년"
434,한올바이오파마,2.0,1.5,1.5,2.0,1.5,1.5,0.0,0.0,0.0,의약품,3960,11500,1.904040404040404,"14,15년"
435,한익스프레스,2.0,1.5,1.5,2.0,1.5,1.5,0.0,0.0,0.0,운수창고업,31550,88300,1.7987321711568938,"14,15년"
436,한일시멘트,2.0,1.5,3.0,2.0,3.0,3.0,0.0,1.5,0.0,비금속광물,137500,117500,-0.14545454545454545,"14,15년"
437,한일철강,1.0,1.5,1.5,1.0,1.5,1.5,0.0,0.0,0.0,철강금속,17500,20950,0.19714285714285715,"14,15년"
438,한전KPS,2.0,3.0,3.0,2.0,3.0,3.0,0.0,0.0,0.0,건설업,87700,104000,0.18586088939566706,"14,15년"
439,한전기술,2.0,1.5,3.0,2.0,1.5,3.0,0.0,0.0,0.0,서비스업,65000,34200,-0.47384615384615386,"14,15년"
440,한전산업,2.0,1.5,1.5,2.0,1.5,1.5,0.0,0.0,0.0,서비스업,6550,4690,-0.28396946564885495,"14,15년"
441,한진,1.0,1.5,1.5,1.0,1.5,1.5,0.0,0.0,0.0,운수창고업,53600,44450,-0.1707089552238806,"14,15년"
442,한진중공업홀딩스,3.0,1.5,1.5,2.0,1.5,1.5,-1.0,0.0,0.0,전기가스업,9000,6590,-0.2677777777777778,"14,15년"
443,한창,,1.5,1.5,,1.5,1.5,,0.0,0.0,유통업,1170,2720,1.3247863247863247,"14,15년"
444,한창제지,2.0,1.5,1.5,1.0,1.5,1.5,-1.0,0.0,0.0,종이목재,688,894,0.29941860465116277,"14,15년"
445,한화,3.0,4.0,3.0,3.0,3.0,4.0,0.0,-1.0,1.0,화학,27400,37550,0.3704379562043796,"14,15년"
446,한화생명,4.0,1.5,1.5,4.0,4.0,1.5,0.0,2.5,0.0,보험,8210,8490,0.0341047503045067,"14,15년"
447,한화손해보험,3.0,1.5,1.5,2.0,3.0,1.5,-1.0,1.5,0.0,보험,5390,7530,0.3970315398886827,"14,15년"
448,한화투자증권,2.0,1.5,1.5,2.0,1.5,1.5,0.0,0.0,0.0,증권,3750,4490,0.19733333333333333,"14,15년"
449,현대건설,3.0,3.0,4.0,2.0,3.0,4.0,-1.0,0.0,0.0,건설업,48550,34600,-0.28733264675592174,"14,15년"
450,현대그린푸드,3.0,1.5,1.5,3.0,1.5,1.5,0.0,0.0,0.0,유통업,18150,23850,0.3140495867768595,"14,15년"
451,현대글로비스,3.0,1.5,1.5,2.0,1.5,3.0,-1.0,0.0,1.5,운수창고업,266000,196500,-0.26127819548872183,"14,15년"
452,현대리바트,2.0,1.5,1.5,3.0,1.5,1.5,1.0,0.0,0.0,기타제조업,45250,50300,0.11160220994475138,"14,15년"
453,현대모비스,3.0,4.0,4.0,1.0,3.0,3.0,-2.0,-1.0,-1.0,운수장비,250000,240000,-0.04,"14,15년"
454,현대미포조선,3.0,4.0,4.0,3.0,3.0,4.0,0.0,-1.0,0.0,운수장비,75900,71800,-0.05401844532279315,"14,15년"
455,현대백화점,3.0,3.0,1.5,3.0,3.0,1.5,0.0,0.0,0.0,유통업,135500,125500,-0.07380073800738007,"14,15년"
456,현대비앤지스틸,1.0,1.5,3.0,2.0,1.5,3.0,1.0,0.0,0.0,철강금속,17350,10350,-0.4034582132564842,"14,15년"
457,현대약품,3.0,1.5,3.0,3.0,1.5,1.5,0.0,0.0,-1.5,의약품,2525,3790,0.500990099009901,"14,15년"
458,현대위아,2.0,3.0,3.0,3.0,3.0,3.0,1.0,0.0,0.0,운수장비,184500,133500,-0.2764227642276423,"14,15년"
459,현대제철,3.0,4.0,3.0,2.0,3.0,3.0,-1.0,-1.0,0.0,철강금속,68100,52100,-0.23494860499265785,"14,15년"
460,현대해상,4.0,4.0,3.0,4.0,4.0,1.5,0.0,0.0,-1.5,보험,28250,33950,0.20176991150442478,"14,15년"
461,현대홈쇼핑,3.0,1.5,1.5,4.0,1.5,1.5,1.0,0.0,0.0,유통업,136000,122000,-0.10294117647058823,"14,15년"
462,혜인,2.0,1.5,1.5,1.0,1.5,1.5,-1.0,0.0,0.0,유통업,3580,3540,-0.0111731843575419,"14,15년"
463,호텔신라,1.0,1.5,1.5,2.0,1.5,3.0,1.0,0.0,1.5,유통업,100500,110000,0.0945273631840796,"14,15년"
464,화성산업,3.0,1.5,1.5,3.0,3.0,1.5,0.0,1.5,0.0,건설업,11950,17200,0.4393305439330544,"14,15년"
465,화승알앤에이,1.0,1.5,3.0,1.0,1.5,3.0,0.0,0.0,0.0,운수장비,31100,40950,0.3167202572347267,"14,15년"
466,화신,2.0,1.5,1.5,1.0,1.5,1.5,-1.0,0.0,0.0,운수장비,8680,5880,-0.3225806451612903,"14,15년"
467,화천기계,2.0,1.5,1.5,1.0,1.5,1.5,-1.0,0.0,0.0,기계,32750,30000,-0.08396946564885496,"14,15년"
468,화천기공,2.0,1.5,1.5,2.0,1.5,1.5,0.0,0.0,0.0,기계,68800,62200,-0.09593023255813954,"14,15년"
469,환인제약,3.0,1.5,1.5,2.0,1.5,1.5,-1.0,0.0,0.0,의약품,24600,20700,-0.15853658536585366,"14,15년"
470,황금에스티,2.0,1.5,1.5,2.0,1.5,1.5,0.0,0.0,0.0,철강금속,5120,5920,0.15625,"14,15년"
471,효성,2.0,3.0,1.5,1.0,3.0,3.0,-1.0,0.0,1.5,기타금융,63500,117000,0.84251968503937,"14,15년"
472,후성,1.0,1.5,1.5,1.0,1.5,3.0,0.0,0.0,1.5,화학,2495,4175,0.6733466933867736,"14,15년"
473,휴비스,1.0,1.5,1.5,1.0,1.5,1.5,0.0,0.0,0.0,화학,12300,8490,-0.3097560975609756,"14,15년"
474,휴스틸,2.0,1.5,3.0,2.0,1.5,3.0,0.0,0.0,0.0,철강금속,16650,17900,0.07507507507507508,"14,15년"
475,흥국화재,2.0,1.5,1.5,3.0,1.5,1.5,1.0,0.0,0.0,보험,3860,4010,0.038860103626943004,"14,15년"
476,흥아해운,2.0,1.5,1.5,2.0,1.5,1.5,0.0,0.0,0.0,운수창고업,2190,1935,-0.11643835616438356,"14,15년"
