회사명,거래소코드,회계년도,자산(*)(IFRS)(천원),부채비율(IFRS),타인자본구성비율(IFRS),자기자본구성비율(IFRS),매출액증가율(IFRS),영업활동으로 인한 현금흐름(간접법)(*)(IFRS)(천원),경상연구개발비(IFRS)(천원),광고 및 판매촉진비(IFRS)(천원),* (정상)영업손익(보고서기재)(IFRS)(천원),* (정상)영업손익(계산수치)(IFRS)(천원)
(주)BNK금융지주,138930,2021/12,6825305648,29.96,23.06,76.94,-10.1,205631955,0,0,0,207266355
(주)DB하이텍,000990,2021/12,1548223597,39.99,28.57,71.43,29.78,391303244,0,0,398950429,398950429
(주)HJ중공업,097230,2021/12,2381044000,450.92,81.85,18.15,0.66,-111432000,8940000,0,-109186000,-109186000
(주)JB금융지주,175330,2021/12,2800542000,34.39,25.59,74.41,-5.56,196719000,0,0,0,128408000
(주)KB금융지주,105560,2021/12,28871379000,28.24,22.02,77.98,3.53,1346081000,0,0,0,1435420000
(주)MH에탄올,023150,2021/12,98740736,70.07,41.2,58.8,-10.5,2030480,0,0,3675428,3675428
(주)SH에너지화학,002360,2021/12,118423520,29.78,22.95,77.05,52.47,-2312274,0,0,721605,721605
(주)SIMPAC,009160,2021/12,796759604,62.24,38.36,61.64,80.4,45876785,0,0,80178305,80178305
(주)SNT에너지,100840,2021/12,322124195,31.22,23.79,76.21,-28.06,27963345,0,0,13710198,13710198
(주)SNT홀딩스,036530,2021/12,425705145,0.16,0.16,99.84,-25.34,16763142,0,0,16501190,16501190
(주)STX,011810,2021/12,389174000,547.76,84.56,15.44,-17.84,-6179000,0,0,7736000,7736000
(주)TCC스틸,002710,2021/12,308992347,142.17,58.71,41.29,26.1,6479414,0,0,23158320,23158320
(주)강원랜드,035250,2021/12,3817618525,17.49,14.89,85.11,64.9,215114775,0,0,-52800541,-52800541
(주)갤럭시아에스엠,011420,2021/12,40900713,23.75,19.19,80.81,47.9,1611959,0,0,3452415,3452415
(주)경농,002100,2021/12,312930580,46.13,31.57,68.43,5.5,21191387,1921882,0,14712953,14712953
(주)경동나비엔,009450,2021/12,667507445,84.94,45.93,54.07,27.44,68019725,13032947,28927166,46249999,46249999
(주)경동도시가스,267290,2021/12,901837037,141.35,58.57,41.43,34.1,138294611,0,0,26830709,26830709
(주)경동인베스트,012320,2021/12,306026123,0.39,0.39,99.61,15.14,823547,0,0,617584,617584
(주)경방,000050,2021/12,1214189554,58.36,36.85,63.15,20.2,-6107441,0,1945735,28677974,28677974
(주)경보제약,214390,2021/12,236979153,62.65,38.52,61.48,-20.73,17967903,0,4233663,-6624844,-6624844
(주)경인양행,012610,2021/12,462114130,121.84,54.92,45.08,28.85,1344530,0,0,16094740,16094740
(주)광명전기,017040,2021/12,150647821,46.27,31.63,68.37,9.08,-2088861,0,0,2324391,2324391
(주)광주신세계,037710,2021/12,852280199,14.28,12.49,87.51,15.23,77532153,0,0,60594384,60594384
(주)국동,005320,2021/12,108310948,36.63,26.81,73.19,-33.14,-24301785,0,0,-2404364,-2404364
(주)국보,001140,2021/12,80664677,135.58,57.55,42.45,0.24,1413296,0,0,-8722757,-8722757
(주)금비,008870,2021/09,162948184,92.75,48.12,51.88,3.7,13988569,0,287369,1482969,1482969
(주)금양,001570,2021/12,233730825,295.42,74.71,25.29,45.14,-41422728,0,0,7235825,7235825
(주)금호에이치티,214330,2021/12,419500176,26.15,20.73,79.27,8.91,-1903428,0,0,-5801459,-5801459
(주)까뮤이앤씨,013700,2021/12,195058433,97.4,49.34,50.66,1.21,-2668352,0,0,-3010986,-3010986
(주)나이스홀딩스,034310,2021/12,467714548,44.9,30.99,69.01,10.96,21259315,0,0,21844330,21844330
(주)남선알미늄,008350,2021/12,275681346,63.01,38.65,61.35,-14.2,12183877,1532964,0,-6778063,-6778063
(주)남성,004270,2021/12,241617650,103.51,50.86,49.14,22.63,-4316846,0,0,5138256,5138256
(주)넥센,005720,2021/12,724981151,19.64,16.42,83.58,43.6,8649798,0,0,26175811,26175811
(주)노루페인트,090350,2021/12,600505458,92.47,48.04,51.96,16.57,18815693,1018189,2440803,15632511,15632511
(주)노루홀딩스,000320,2021/12,365514372,20.61,17.09,82.91,14.03,9118374,118485,251604,8168218,8168218
(주)녹십자,006280,2021/12,1925626161,57.14,36.36,63.64,-4.68,117703259,0,44901000,60178108,60178108
(주)녹십자홀딩스,005250,2021/12,1066673355,63.09,38.69,61.31,-6.16,35383454,0,0,35601569,35601569
(주)농심,004370,2021/12,2544772941,25.05,20.03,79.97,-0.15,138295967,0,60706321,62341126,62341126
(주)농심홀딩스,072710,2021/12,564715220,0.78,0.78,99.22,0,12074113,0,0,13171382,13171382
(주)다우기술,023590,2021/12,1052107489,76.34,43.29,56.71,10.86,70324122,0,2431290,46219840,46219840
(주)다이나믹디자인,145210,2021/12,98713688,140.24,58.37,41.63,-35.27,-5885,0,0,-15655496,-15655496
(주)대교,019680,2021/12,736567687,40.52,28.84,71.16,1.11,46598127,0,22724000,-18647036,-18647036
(주)대구백화점,006370,2021/12,407470404,42.27,29.71,70.29,-10.8,-19044835,0,10057663,-19392833,-19392833
(주)대덕,008060,2021/12,540933464,0.31,0.31,99.69,139.42,9352667,0,0,7498814,7498814
(주)대동,000490,2021/12,812118607,210.89,67.83,32.17,39,14558081,0,0,15973312,15973312
(주)대양금속,009190,2021/12,157542367,58.21,36.79,63.21,44.79,-5352047,0,0,15188009,15188009
(주)대우건설,047040,2021/12,9192699187,237.4,70.36,29.64,5.87,1479793183,15480000,33167000,572905327,572905327
(주)대웅,003090,2021/12,415669425,5.03,4.79,95.21,9.85,49360417,0,1551123,50919470,50919470
(주)대웅제약,069620,2021/12,1259655414,105.07,51.24,48.76,11.69,47950163,0,56002517,95499948,95499948
(주)대유에이텍,002880,2021/12,452254167,292.97,74.55,25.45,13.09,10053815,0,0,13707585,13707585
(주)대유플러스,000300,2021/12,318803266,181.26,64.45,35.55,54.07,4705143,0,0,2934603,2934603
(주)대창,012800,2021/12,570884442,155.1,60.8,39.2,41.14,-37229167,2282723,0,33516263,33516263
(주)대한항공,003490,2021/12,26193031955,275.36,73.36,26.64,18.21,3498373266,0,0,1464438013,1464438013
(주)대현,016090,2021/12,280081122,26.72,21.08,78.92,13.7,30688796,0,0,22414774,22414774
(주)대호에이엘,069460,2021/12,145025262,110.1,52.4,47.6,18.1,-3831573,0,0,1819871,1819871
(주)더메디팜,118000,2021/12,171997948,45.15,31.1,68.9,141.77,-1074071,0,6667,-2141114,-2141114
(주)더블유게임즈,192080,2021/12,999668738,15.75,13.61,86.39,-10.68,68445399,16076022,40656408,75472028,75472028
(주)더존비즈온,012510,2021/12,892107531,81.89,45.02,54.98,3.49,66316362,0,0,70088546,70088546
(주)덕성,004830,2021/12,119614500,46.33,31.66,68.34,-0.6,6781883,0,13681,4500408,4500408
(주)덴티움,145720,2021/12,526730985,98.78,49.69,50.31,25.94,59785313,0,14296600,52922985,52922985
(주)도화엔지니어링,002150,2021/12,472293545,72.37,41.98,58.02,-4.04,28761752,0,136697,22182985,22182985
(주)동남합성,023450,2021/12,90602982,95.85,48.94,51.06,28.31,12545411,0,0,14906407,14906407
(주)동방,004140,2021/12,498183527,343.69,77.46,22.54,2.74,22501179,0,0,22816080,22816080
(주)동방아그로,007590,2021/12,203440049,39.24,28.18,71.82,3.47,14836631,0,3168293,8164570,8164570
(주)동서,026960,2021/12,1561312544,8.91,8.18,91.82,12.62,81364107,0,1401776,33112243,33112243
(주)동성케미컬,102260,2021/12,464533998,38.39,27.74,72.26,76.67,4598642,1724702,0,6823288,6823288
(주)동아지질,028100,2021/12,350354940,71.21,41.59,58.41,-8,31382070,0,0,4084737,4084737
(주)동양,001520,2021/12,970047655,22.31,18.24,81.76,18.66,25565712,0,0,12384924,12384924
(주)동양고속,084670,2021/12,168368992,100.11,50.03,49.97,-2.86,-12519941,0,0,-21830817,-21830817
(주)동원에프앤비,049770,2021/12,1330982099,101.01,50.25,49.75,-0.59,101563649,0,57211253,87026214,87026214
(주)두산,000150,2021/12,5308286887,74.25,42.61,57.39,-37.56,-273229596,0,0,66616593,66616593
(주)두올,016740,2021/12,267050839,66.25,39.85,60.15,-4.51,15410676,0,0,17034965,17034965
(주)드림텍,192650,2021/12,358749911,69.29,40.93,59.07,37.92,43581220,0,0,29393096,29393096
(주)디비아이엔씨,012030,2021/12,610429798,34.31,25.55,74.45,23.8,18219174,0,12929409,12412814,12412814
(주)디아이,003160,2021/12,201363821,60.37,37.65,62.35,82.46,-2415223,0,0,15668096,15668096
(주)디아이씨,092200,2021/12,391800990,697.66,87.46,12.54,16.49,34522344,0,0,24818845,24818845
(주)디알비동일,004840,2021/12,304795259,50.81,33.69,66.31,-12,-26021735,0,62330,-285008,-285008
(주)디엔오토모티브,007340,2021/12,1251893183,90.64,47.54,52.46,40.14,216435566,0,651427,28714748,28714748
(주)디지비금융지주,139130,2021/12,3974995291,23.91,19.3,80.7,7.89,86560543,0,0,0,143825727
(주)락앤락,115390,2021/12,612977028,14.44,12.62,87.38,14.22,11192238,0,0,-658804,-658804
(주)마니커,027740,2021/12,192796025,307.23,75.44,24.56,17.61,-8468857,0,0,-12653997,-12653997
(주)메리츠금융지주,138040,2021/12,2327968272,45.36,31.21,68.79,56.37,21758345,0,0,0,228129652
(주)메타랩스,090370,2021/12,73043250,31.47,23.94,76.06,-32.54,42466,0,850003,-3053617,-3053617
(주)모나리자,012690,2021/12,93955501,24.89,19.93,80.07,-9.16,10925776,0,0,3433504,3433504
(주)모나미,005360,2021/12,155140257,89.6,47.26,52.74,4.62,202864,565077,1936081,2023078,2023078
(주)모토닉,009680,2021/12,450511036,6.92,6.47,93.53,9.82,22743996,1233491,0,14707506,14707506
(주)무학,033920,2021/12,637795276,29.22,22.61,77.39,-10.39,47018358,0,17941266,-371445,-371445
(주)미래아이앤지,007120,2021/12,99668333,40.22,28.68,71.32,35.26,2019891,0,0,899375,899375
(주)바이오노트,377740,2021/12,995141900,13.9,12.2,87.8,-1.78,536692800,0,1067539,471364335,471364335
(주)방림,003610,2021/09,236351098,18.76,15.79,84.21,9.11,20162589,0,0,5085274,5085274
(주)백산,035150,2021/12,255196526,66.29,39.86,60.14,-0.13,22717744,0,0,27772747,27772747
(주)벽산,007210,2021/12,384957990,78.91,44.11,55.89,9.71,6876716,0,0,5016648,5016648
(주)보락,002760,2021/12,56317969,23.66,19.13,80.87,3.84,1177597,0,0,1692124,1692124
(주)보령,003850,2021/12,808103829,75.06,42.88,57.12,9.78,71459765,0,17211253,50122504,50122504
(주)비비안,002070,2021/12,191314974,89.98,47.36,52.64,2.51,-1267810,0,3279639,3124046,3124046
(주)비상교육,100220,2021/12,277125936,25.68,20.43,79.57,17.47,30967212,21010301,4414709,14312515,14312515
(주)비와이씨,001460,2021/12,672836981,41,29.08,70.92,1.48,34043648,0,0,26735240,26735240
(주)비지에프,027410,2021/12,1556972755,3.57,3.45,96.55,-18.02,20221999,0,2594000,19097995,19097995
(주)비지에프리테일,282330,2021/12,2522959711,222.57,69,31,9.64,525360402,3441000,10284000,197158691,197158691
(주)빙그레,005180,2021/12,726485691,28.52,22.19,77.81,8.43,46494317,0,0,31253101,31253101
(주)사조대림,003960,2021/12,681576251,79.12,44.17,55.83,7.35,29757576,0,7571522,78186399,78186399
(주)사조오양,006090,2021/12,315948483,60.62,37.74,62.26,0.38,20241471,0,0,20393330,20393330
(주)삼성출판사,068290,2021/12,210488928,22.98,18.68,81.32,-0.95,5848721,961459,1474307,1146481,1146481
(주)삼양사,145990,2021/12,2188296389,85.62,46.13,53.87,17.03,-62218619,0,0,19471215,19471215
(주)삼양패키징,272550,2021/12,612486514,90.66,47.55,52.45,6.63,56247247,0,0,46146456,46146456
(주)삼양홀딩스,000070,2021/12,2090165036,20.29,16.87,83.13,208.52,21196409,8960000,0,242469499,242469499
(주)삼영,003720,2021/12,80976263,66.15,39.82,60.18,11.19,7471485,0,0,2613988,2613988
(주)삼원강재,023000,2021/12,270679644,23.75,19.19,80.81,21.94,6737740,0,0,9549370,9549370
(주)삼익악기,002450,2021/12,348589340,76.46,43.33,56.67,40.47,-8452552,0,190351,11223677,11223677
(주)삼일씨엔에스,004440,2021/12,345935541,26.06,20.67,79.33,20.42,-11525831,0,0,13453460,13453460
(주)삼천리,004690,2021/12,3097379762,132.77,57.04,42.96,9.52,262900494,104189,0,30267876,30267876
(주)상상인증권,001290,2021/12,585045704,196.24,66.24,33.76,23.97,-84586740,0,0,0,14449598
(주)서연,007860,2021/12,308307217,1.13,1.12,98.88,19.9,3971205,0,309700,2172806,2172806
(주)서연이화,200880,2021/12,1118832703,68.18,40.54,59.46,5.29,117260815,0,0,47154997,47154997
(주)서원,021050,2021/12,222922979,156.56,61.02,38.98,34.39,-14707815,0,0,15126656,15126656
(주)서흥,008490,2021/12,485995042,61.44,38.06,61.94,7.14,36361660,0,0,44639262,44639262
(주)선앤엘,002820,2021/12,460607389,108.9,52.13,47.87,64.99,1746653,0,0,13535120,13535120
(주)선진,136490,2021/12,818686440,104.87,51.19,48.81,25.78,31101810,0,0,29625789,29625789
(주)성안,011300,2021/12,114372802,290.03,74.36,25.64,5.01,-528339,300393,0,-6271056,-6271056
(주)세아베스틸지주,001430,2021/12,2579116663,65.46,39.56,60.44,54.44,83027935,0,0,142663181,142663181
(주)세아제강,306200,2021/12,1228191226,80.72,44.67,55.33,30.15,22030620,0,0,131945674,131945674
(주)세아제강지주,003030,2021/12,746908093,11.89,10.63,89.37,0.72,4948238,0,794000,4058314,4058314
(주)세아특수강,019440,2021/12,488152167,50.26,33.45,66.55,34.51,-27395235,0,0,26940814,26940814
(주)세아홀딩스,058650,2021/12,1048150272,13.69,12.04,87.96,-25.59,40455840,0,870789,38688852,38688852
(주)세우글로벌,013000,2021/12,49475179,9.82,8.95,91.05,18,1466448,0,0,2626139,2626139
(주)세원정공,021820,2021/06,289366967,12.31,10.96,89.04,15.53,16822659,0,0,7618717,7618717
(주)세이브존아이앤씨,067830,2021/12,564254721,23.22,18.84,81.16,-9.32,14027855,0,2981195,11023053,11023053
(주)세진중공업,075580,2021/12,444397560,177.3,63.94,36.06,-17.07,-1065919,0,0,1169498,1169498
(주)셀트리온,068270,2021/12,5315369384,32.89,24.75,75.25,-4.38,802547349,22767559,0,717162653,717162653
(주)솔루엠,248070,2021/12,336635050,53.77,34.97,65.03,-16.66,-51821673,10412385,0,7905512,7905512
(주)수산인더스트리,126720,2021/12,311175333,14.95,13.01,86.99,16.11,19326097,0,0,35242803,35242803
(주)수산중공업,017550,2021/12,169136119,60.85,37.83,62.17,84.46,-1952355,1306584,0,6215481,6215481
(주)시디즈,134790,2021/12,84805501,38.01,27.54,72.46,10.75,-7169348,0,0,12698998,12698998
(주)신도리코,029530,2021/12,1010678253,7.79,7.23,92.77,-4.17,30513898,3829981,995148,5643760,5643760
(주)신성이엔지,011930,2021/12,403271856,122.16,54.99,45.01,-10.2,-24193422,0,0,-5390425,-5390425
(주)신세계,004170,2021/12,7721030612,105.3,51.29,48.71,14.51,585699617,0,70383000,261518611,261518611
(주)신세계아이앤씨,035510,2021/12,354134942,28.17,21.98,78.02,9.53,31880470,0,879548,35527094,35527094
(주)신세계인터내셔날,031430,2021/12,1053099871,67.47,40.29,59.71,9.34,133126101,0,48619936,80678058,80678058
(주)신세계푸드,031440,2021/12,871652860,206.08,67.33,32.67,7.87,71952997,0,0,31138056,31138056
(주)신영와코루,005800,2021/12,372654678,18.01,15.26,84.74,6.4,9599741,0,6624816,3585268,3585268
(주)신원,009270,2021/12,512570594,140.17,58.36,41.64,26.07,-5090661,0,0,28306889,28306889
(주)신풍,002870,2021/12,91177831,3.9,3.75,96.25,-26.11,-5984123,0,0,-2892549,-2892549
(주)신한금융지주회사,055550,2021/12,36815893000,39.43,28.28,71.72,5.06,2013696000,0,0,0,1424182000
(주)신화다이나믹스,001770,2021/12,71036421,74.96,42.85,57.15,35.49,-770578,0,0,5712546,5712546
(주)신흥,004080,2021/12,130169357,31.59,24.01,75.99,8.8,6581860,0,1544421,12001339,12001339
(주)쌍방울,102280,2021/12,388192805,72.05,41.88,58.12,2.66,-2975163,0,0,-1505538,-1505538
(주)쎌마테라퓨틱스,015540,2021/12,27008561,91.32,47.73,52.27,-0.62,-7542447,811273,0,-4590769,-4590769
(주)쏘카,403550,2021/12,419878674,180.09,64.3,35.7,0,14668790,0,8149962,-8423142,-8423142
(주)씨아이테크,004920,2021/12,52389816,45.55,31.29,68.71,2.63,-3383571,1790567,0,-1678443,-1678443
(주)씨티알모빌리티,308170,2021/12,232428519,175.06,63.64,36.36,18.99,1945168,0,0,-902373,-902373
(주)아모레퍼시픽,090430,2021/12,5291052656,11.96,10.68,89.32,15.19,490711600,0,256621000,340130607,340130607
(주)아모레퍼시픽그룹,002790,2021/12,2115979028,4.08,3.92,96.08,-31.11,24278873,0,5000,11242167,11242167
(주)아센디오,012170,2021/12,67529072,50.27,33.45,66.55,43.7,-8347175,0,179905,-3324656,-3324656
(주)아이마켓코리아,122900,2021/12,782490914,108.85,52.12,47.88,13.16,36997348,0,0,29043362,29043362
(주)아이에이치큐,003560,2021/12,232934030,96.12,49.01,50.99,-26.03,17041209,0,7355599,-9251913,-9251913
(주)알루코,001780,2021/12,456060104,111.89,52.81,47.19,18.41,-17287419,0,0,2345590,2345590
(주)에넥스,011090,2021/12,132118154,100.67,50.17,49.83,-13.39,-19219031,0,0,-11917763,-11917763
(주)에스비에스,034120,2021/12,1195935566,101.23,50.31,49.69,20.22,94468310,2663964,63236509,140759732,140759732
(주)에스엠벡셀,010580,2021/12,47837811,47.84,32.36,67.64,3.35,-3239766,0,0,-8181785,-8181785
(주)에스원,012750,2021/12,1899472792,34.8,25.81,74.19,4.02,318867723,0,23709468,165457513,165457513
(주)에스제이엠,123700,2021/12,163036392,16.03,13.82,86.18,13.73,-1328601,0,0,-6683542,-6683542
(주)에스제이엠홀딩스,025530,2021/12,164815800,9.21,8.43,91.57,43.86,5073413,0,0,2947987,2947987
(주)에스지글로벌,001380,2021/12,180340624,50.91,33.74,66.26,-29.5,-516288,0,0,575051,575051
(주)에스지세계물산,004060,2021/12,308118590,24.81,19.88,80.12,-20.02,8926828,0,801712,-2676422,-2676422
(주)에스피씨삼립,005610,2021/12,953617805,186.95,65.15,34.85,8.21,88523269,0,0,65027276,65027276
(주)에이블씨엔씨,078520,2021/12,172712604,44.97,31.02,68.98,-11.58,5598648,0,13682191,-13144418,-13144418
(주)에이엔피,015260,2021/12,82030111,173.69,63.46,36.54,-15.59,-8847576,0,0,-11966559,-11966559
(주)에이프로젠,007460,2021/12,574287577,64.24,39.11,60.89,11.78,-2121352,224835,0,295276,295276
(주)에이프로젠바이오로직스,003060,2021/12,495499165,2.13,2.08,97.92,6.97,5684997,2404894,132,-2212743,-2212743
(주)에이플러스에셋어드바이저,244920,2021/12,163625949,68.7,40.72,59.28,-10.52,11350604,0,1977335,9095661,9095661
(주)에프앤에프,383220,2021/12,1073133609,,,,,297333286,0,19733773,368305263,368305263
(주)에프앤에프홀딩스,007700,2021/12,1923684641,0.93,0.93,99.07,-99.64,81957482,0,8476870,934592,934592
(주)엔씨소프트,036570,2021/12,4489052528,42.46,29.81,70.19,-5.04,374750389,423495145,289874843,339112326,339112326
(주)엔아이스틸,008260,2021/12,341056807,140.43,58.41,41.59,28.89,28000901,0,0,31201432,31201432
(주)엔케이,085310,2021/12,127002550,27.98,21.86,78.14,-0.53,13952173,0,0,1993194,1993194
(주)엘에스,006260,2021/12,4028895000,13.6,11.97,88.03,110.58,86667000,0,4751000,303406000,303406000
(주)엘에스네트웍스,000680,2021/12,1257845020,140.92,58.49,41.51,24.85,16719272,0,0,5985720,5985720
(주)엘에프,093050,2021/12,1838417505,32.73,24.66,75.34,2.65,100203046,0,36879000,78023474,78023474
(주)엘엑스세미콘,108320,2021/12,1169534024,46.73,31.85,68.15,63.43,419948902,68735379,0,368629567,368629567
(주)엘엑스인터내셔널,001120,2021/12,3019044208,67.23,40.2,59.8,27.55,-5635131,0,0,12330723,12330723
(주)엘엑스하우시스,108670,2021/12,2079719000,164.39,62.18,37.82,13.88,96569000,0,45718000,59592000,59592000
(주)엘엑스홀딩스,383800,2021/12,1442547000,,,,,-22742000,0,0,147184000,147184000
(주)엘지,003550,2021/12,9708699000,3.17,3.07,96.93,-2.6,690665000,0,80920000,740373000,740373000
(주)엘지생활건강,051900,2021/12,5112381322,21.11,17.43,82.57,12.17,682857210,0,0,980044257,980044257
(주)엘지에너지솔루션,373220,2021/12,13709636000,92.17,47.96,52.04,0,335873000,0,11859000,-354339000,-354339000
(주)엘지유플러스,032640,2021/12,18231505000,137.49,57.89,42.11,3.65,3345665000,0,216326000,937941000,937941000
(주)엘지헬로비전,037560,2021/12,1479167290,126.6,55.87,44.13,2.29,67381835,0,23310389,44349309,44349309
(주)엘지화학,051910,2021/12,30929152000,64.65,39.26,60.74,-1.72,4041768000,0,22436000,3019160000,3019160000
(주)엠씨넥스,097520,2021/12,493961155,51.98,34.2,65.8,-29.82,66689662,21696426,0,17943573,17943573
(주)영원무역,111770,2021/12,1871208774,37.15,27.09,72.91,25.61,100937376,0,29000,155520717,155520717
(주)영원무역홀딩스,009970,2021/12,571992707,5.5,5.21,94.79,29.93,9020226,0,0,23465912,23465912
(주)영풍,000670,2021/12,2559877502,40.87,29.01,70.99,8.2,-70751083,0,782891,-72816349,-72816349
(주)영흥,012160,2021/12,345749393,100.72,50.18,49.82,12.81,7426259,0,0,2155754,2155754
(주)예스코홀딩스,015360,2021/12,599654878,29.99,23.07,76.93,9.35,13157334,0,0,174887,174887
(주)오뚜기,007310,2021/12,2175601165,57.92,36.68,63.32,4.74,123797701,0,0,133099561,133099561
(주)오리엔트바이오,002630,2021/03,62354132,51.28,33.9,66.1,-17.35,2561518,0,0,-5194598,-5194598
(주)오리온,271560,2021/12,1268634936,45.99,31.5,68.5,4.96,144113434,0,10996306,130936069,130936069
(주)오리온홀딩스,001800,2021/12,1943949718,3.27,3.17,96.83,5.77,23930091,0,0,14974703,14974703
(주)와이지플러스,037270,2021/12,161099277,36.66,26.82,73.18,70.89,4798288,0,191387,5360355,5360355
(주)와이투솔루션,011690,2021/12,117767520,34.5,25.65,74.35,-5.62,-5770763,0,0,-3223969,-3223969
(주)용평리조트,070960,2021/12,841487728,117.77,54.08,45.92,85.71,-11535329,0,846787,30954609,30954609
(주)우리금융지주,316140,2021/12,23524982000,8.59,7.91,92.09,0.81,608227000,0,0,0,590550000
(주)우성,006980,2021/12,181382778,15.62,13.51,86.49,-5.08,-26856170,0,0,3077164,3077164
(주)우신시스템,017370,2021/12,196552121,122.59,55.07,44.93,16.32,26817907,1628661,0,5267480,5267480
(주)우진,105840,2021/12,179818234,39.55,28.34,71.66,31.53,2396366,1799707,10127,3572483,3572483
(주)우진아이엔에스,010400,2021/12,114655999,18.09,15.32,84.68,-36.29,-5397232,0,0,-6691355,-6691355
(주)우진플라임,049800,2021/12,277646160,239.43,70.54,29.46,16.32,21042937,6698198,0,17035922,17035922
(주)웅진,016880,2021/12,429101941,66.87,40.07,59.93,-11.39,14798139,0,0,24369537,24369537
(주)웅진씽크빅,095720,2021/12,664043439,64.77,39.31,60.69,8.53,96696291,0,0,30723579,30723579
(주)원림,005820,2021/12,112661232,26,20.64,79.36,26.76,-2318198,0,0,-147170,-147170
(주)위스컴,024070,2021/12,133476185,10.76,9.72,90.28,12.85,-147012,0,0,845425,845425
(주)윌비스,008600,2021/12,272836115,88.78,47.03,52.97,24.71,3932978,0,1596541,167353,167353
(주)유니드,014830,2021/12,1002743918,37.38,27.21,72.79,19.53,24223808,0,0,60267183,60267183
(주)유니온,000910,2021/12,199850659,62.49,38.46,61.54,2.07,6589066,0,0,3180957,3180957
(주)유니켐,011330,2021/12,207752158,107.63,51.84,48.16,-3.78,21234072,0,0,8803115,8803115
(주)유수홀딩스,000700,2021/12,245802764,4.17,4,96,-54.64,-34105876,0,17578,-4235835,-4235835
(주)유유제약,000220,2021/12,170242024,44.37,30.73,69.27,12.39,1834974,0,6138938,-1609938,-1609938
(주)유한양행,000100,2021/12,2201518256,18.94,15.92,84.08,3.58,106030640,0,0,61170450,61170450
(주)이노션,214320,2021/12,934428241,52.79,34.55,65.45,37.17,43510742,0,0,26830442,26830442
(주)이마트,139480,2021/12,19141750840,102.59,50.64,49.36,5.91,424319472,0,103845000,265917891,265917891
(주)이수페타시스,007660,2021/12,365548145,116.14,53.73,46.27,8.49,4133583,0,0,43695758,43695758
(주)이수화학,005950,2021/12,986684654,91.59,47.81,52.19,39.77,68513035,0,0,77626725,77626725
(주)이스타코,015020,2021/12,82087857,63.11,38.69,61.31,19.82,-9957042,0,4628,-329700,-329700
(주)이아이디,093230,2021/12,445671968,66.19,39.83,60.17,56.85,-1601794,0,0,-4155671,-4155671
(주)이엔플러스,074610,2021/12,101654763,38.69,27.89,72.11,104.51,-24531072,1383972,0,-4307825,-4307825
(주)이원,017940,2021/12,3316578367,125.11,55.58,44.42,32.81,44195647,0,6777160,-1692573,-1692573
(주)이월드,084680,2021/12,433174726,81.36,44.86,55.14,-4.34,19034375,0,1954487,1934269,1934269
(주)인디에프,014990,2021/12,125070080,231.42,69.83,30.17,-2.66,-4139410,0,4288199,-22116900,-22116900
(주)인바이오젠,101140,2021/12,274474964,54.18,35.14,64.86,2.58,-7069140,0,0,-7932253,-7932253
(주)인스코비,006490,2021/12,96759051,55.81,35.82,64.18,26.22,-7008999,0,0,-6469084,-6469084
(주)인팩,023810,2021/12,215443826,126.39,55.83,44.17,16.85,19527327,0,0,7280598,7280598
(주)일신석재,007110,2021/12,91890080,75.86,43.14,56.86,27.24,-3508574,0,1209926,826387,826387
(주)잇츠한불,226320,2021/12,409203365,2.54,2.48,97.52,-24.8,-8771491,2758350,5056132,-18549769,-18549769
(주)제이에스코퍼레이션,194370,2021/12,276844894,64.33,39.15,60.85,47.41,-15509465,4984649,0,9310502,9310502
(주)제일기획,030000,2021/12,1289135278,74.65,42.74,57.26,16.81,95799552,0,1442176,78101553,78101553
(주)제주은행,006220,2021/12,6933433000,1243.83,92.56,7.44,-4.74,155932000,0,0,0,22602000
(주)제주항공,089590,2021/12,1253522783,586.67,85.44,14.56,-27.61,-83079708,0,0,-314525241,-314525241
(주)조비,001550,2021/12,103778713,94.86,48.68,51.32,14.86,-7973100,0,0,3077406,3077406
(주)조흥,002600,2021/12,267558823,83.59,45.53,54.47,12.69,31987517,0,0,19072641,19072641
(주)종근당,185750,2021/12,1017135388,81.71,44.97,55.03,2.57,15281393,150675331,51147967,94085136,94085136
(주)종근당바이오,063160,2021/12,296707047,85.46,46.08,53.92,14.26,-3290658,0,0,-8819234,-8819234
(주)종근당홀딩스,001630,2021/12,434209664,19.89,16.59,83.41,49.56,23051487,0,321475,24599740,24599740
(주)주연테크,044380,2021/12,59553004,31.75,24.1,75.9,40.84,-14675469,0,502749,-539318,-539318
(주)지누스,013890,2021/12,628644784,72.5,42.03,57.97,63.56,78601503,0,4785978,22898576,22898576
(주)지에스,078930,2021/12,6330030000,19.42,16.26,83.74,-24.72,138064000,0,6883000,159551000,159551000
(주)지에스글로벌,001250,2021/12,1058806545,278.69,73.59,26.41,48.81,-322348631,0,430200,46702049,46702049
(주)지에스리테일,007070,2021/12,7678930255,86.78,46.46,53.54,8.94,644884562,0,128542000,223952770,223952770
(주)지투알,035000,2021/12,96433589,18.57,15.66,84.34,-39.39,-795860,0,0,1018776,1018776
(주)진도,088790,2021/12,136198148,34.77,25.8,74.2,8.17,10692474,0,420337,3854820,3854820
(주)진양홀딩스,100250,2021/12,259008726,12.12,10.81,89.19,69.86,21164080,0,0,17678429,17678429
(주)진에어,272450,2021/12,601593802,248.25,71.28,28.72,-9.04,-73672544,0,0,-185250424,-185250424
(주)천일고속,000650,2021/12,62706050,74.53,42.7,57.3,-5.83,-5213402,0,0,-9844065,-9844065
(주)청호ICT,012600,2021/12,31859902,47.18,32.06,67.94,-36.72,-7708931,0,0,-5269457,-5269457
(주)체시스,033250,2021/06,73002449,121.67,54.89,45.11,-3.07,5523588,0,0,185390,185390
(주)카카오,035720,2021/12,10024652294,52.95,34.62,65.38,19.88,815195397,0,24638912,402025255,402025255
(주)카카오뱅크,323410,2021/12,36040068000,552.74,84.68,15.32,32.43,-295508000,0,0,0,256936000
(주)카카오페이,377300,2021/12,2704763817,55.33,35.62,64.38,64.29,283877104,0,53722005,-401328,-401328
(주)카프로,006380,2021/12,395298176,213.71,68.12,31.88,128.65,-37211878,0,0,3603080,3603080
(주)케이씨,029460,2021/12,671756918,17.83,15.13,84.87,5.58,79976,0,0,37245575,37245575
(주)케이씨씨,002380,2021/12,8810372412,74.34,42.64,57.36,10.36,105571093,0,15989949,79887633,79887633
(주)케이씨씨글라스,344820,2021/12,1863136955,34.13,25.45,74.55,0,228412841,0,5340509,160818564,160818564
(주)케이씨텍,281820,2021/12,453025638,17.62,14.98,85.02,7.71,41084413,0,0,52101773,52101773
(주)케이씨티시,009070,2021/12,421347219,119.91,54.53,45.47,31.91,21548077,0,0,20676218,20676218
(주)케이에스에스해운,044450,2021/12,1429256003,316.44,75.99,24.01,41.79,97630439,0,0,58233553,58233553
(주)케이에이치필룩스,033180,2021/12,476611904,23.38,18.95,81.05,-8.09,-1582183,0,0,-12557800,-12557800
(주)케이이씨,092220,2021/12,443389969,62.28,38.38,61.62,34,17029208,0,198540,20296228,20296228
(주)케이티,030200,2021/12,29362369000,111.77,52.78,47.22,2.84,4959328000,172746000,2705024000,1068273000,1068273000
(주)케이티스카이라이프,053210,2021/12,1147037882,47.57,32.23,67.77,-0.76,66267966,0,37674138,57421668,57421668
(주)케이티씨에스,058850,2021/12,294267974,81.67,44.95,55.05,7.17,20839541,30336,25420083,15196258,15196258
(주)케이티아이에스,058860,2021/12,369360806,92.63,48.09,51.91,3.17,49011157,0,18067144,14405202,14405202
(주)케이티앤지,033780,2021/12,9781651431,22.27,18.21,81.79,1.6,1103678445,0,100676000,1083423988,1083423988
(주)코리아써키트,007810,2021/12,573847894,43.66,30.39,69.61,14.94,40660737,0,28985,58913893,58913893
(주)코아스,071950,2021/12,78166477,318.24,76.09,23.91,12.02,1978823,0,0,-4877442,-4877442
(주)코오롱,002020,2021/12,1226421434,139.57,58.26,41.74,17.24,14935761,0,4086609,34622648,34622648
(주)콘텐트리중앙,036420,2021/12,566080690,68.43,40.63,59.37,-52.72,-2387462,0,0,-1455095,-1455095
(주)콤텍시스템,031820,2021/12,200855603,42.43,29.79,70.21,4.1,2803465,0,0,5954496,5954495
(주)큐로,015590,2021/12,165866104,69.22,40.9,59.1,-35.41,979288,0,0,-14968118,-14968118
(주)크라운제과,264900,2021/12,324569692,102.16,50.53,49.47,-0.09,34483559,0,0,15876289,15876289
(주)크라운해태홀딩스,005740,2021/12,355741119,18.99,15.96,84.04,-0.5,5605250,0,3069515,4704128,4704128
(주)크래프톤,259960,2021/12,5481054422,19.36,16.22,83.78,1815.79,676815507,0,57124175,696375446,696375446
(주)키다리스튜디오,020120,2021/12,266357574,18.06,15.3,84.7,33.57,4278737,0,0,4378562,4378562
(주)태경비케이,014580,2021/12,208951711,54.66,35.34,64.66,19.28,23207215,0,0,7435740,7435740
(주)태영건설,009410,2021/12,2745084307,230.03,69.7,30.3,13.48,212352559,49859249,0,191847570,191847570
(주)테이팩스,055490,2021/12,115185008,57.01,36.31,63.69,29.28,9629149,0,0,19622812,19622812
(주)토니모리,214420,2021/12,181680485,49.72,33.21,66.79,-8.32,4267552,0,9077965,-6747441,-6747441
(주)티비에이치글로벌,084870,2021/12,117022490,113.96,53.26,46.74,8.63,19764603,0,4938036,5337806,5337806
(주)티에이치엔,019180,2021/12,300981024,206.04,67.32,32.68,17.44,47413742,0,0,25547736,25547736
(주)티와이홀딩스,363280,2021/12,974191199,16.27,13.99,86.01,0,11013512,0,0,11136832,11136832
(주)티웨이항공,091810,2021/12,734508382,1494.59,93.73,6.27,-20.36,35344222,0,0,-148126030,-148126030
(주)티웨이홀딩스,004870,2021/12,93964105,45.28,31.17,68.83,60.59,-2772789,0,0,191758,191758
(주)팜스코,036580,2021/12,855524538,175.76,63.74,36.26,13.82,1215645,0,0,30332309,30332309
(주)퍼시스,016800,2021/12,575484571,15.67,13.55,86.45,13.82,56099747,0,0,28653227,28653227
(주)포스코인터내셔널,047050,2021/12,9144514594,190.97,65.63,34.37,58.79,-635107954,0,0,365563651,365563651
(주)포스코퓨처엠,003670,2021/12,3761333048,61.34,38.02,61.98,27.25,91226650,0,0,120612067,120612067
(주)풀무원,017810,2021/12,672083867,33.8,25.26,74.74,7.31,32010719,2557342,8480565,24397934,24397934
(주)풍산,103140,2021/12,2809432645,66.88,40.08,59.92,31.45,-34607646,0,0,233826825,233826825
(주)풍산홀딩스,005810,2021/12,477183128,11.83,10.58,89.42,23.9,487017,0,0,9097066,9097066
(주)플레이그램,009810,2021/12,133170051,139.13,58.18,41.82,43.96,-4241295,0,0,-1511144,-1511144
(주)하나금융지주,086790,2021/12,23768470000,33.2,24.93,75.07,154.11,1144920000,0,0,1203453000,1152931000
(주)하나투어,039130,2021/12,214812670,78.21,43.89,56.11,-85.42,-80629064,0,10188489,-97545683,-97545683
(주)하이브,352820,2021/12,3990363071,50.29,33.46,66.54,18.37,24607079,0,0,29917861,29917861
(주)하이스틸,071090,2021/12,271523942,90.44,47.49,52.51,52.43,875804,0,0,20326681,20326681
(주)하이트론씨스템즈,019490,2021/12,47438063,129,56.33,43.67,0.74,-17408253,0,0,-14950614,-14950614
(주)한국전자홀딩스,006200,2021/12,135117848,2.3,2.25,97.75,137.59,759257,0,0,7262745,7262745
(주)한국종합기술,023350,2021/12,339419339,138.52,58.08,41.92,-6.93,14839628,0,0,7156140,7156140
(주)한국카본,017960,2021/12,492538101,21.77,17.88,82.12,-11.77,29038314,0,0,32050461,32050461
(주)한국토지신탁,034830,2021/12,1452266768,68.32,40.59,59.41,-1.93,265227652,0,0,,88245937
(주)한국특강,007280,2021/12,458713983,223.06,69.05,30.95,66.51,3898186,0,0,40011466,40011466
(주)한국화장품제조,003350,2021/12,76545671,78.06,43.84,56.16,9.39,12582952,0,0,-771314,-771314
(주)한농화성,011500,2021/12,216969691,46.89,31.92,68.08,29.07,-941841,0,0,19543793,19543793
(주)한독,002390,2021/12,828222311,114.91,53.47,46.53,2.8,35860277,2048928,11689963,28929668,28929668
(주)한미글로벌건축사사무소,053690,2021/12,175659721,55.77,35.8,64.2,19.64,12724980,0,0,10634243,10634243
(주)한샘,009240,2021/12,1079912025,81.21,44.82,55.18,2.87,18548149,11703171,89847612,63938356,63938356
(주)한섬,020000,2021/12,1556094735,25.04,20.03,79.97,15.9,180350765,0,31653241,159662714,159662714
(주)한솔케미칼,014680,2021/12,947517041,55.51,35.7,64.3,24.65,118553237,0,1268183,166022884,166022884
(주)한솔홈데코,025750,2021/12,297476112,79.6,44.32,55.68,3.78,3890657,0,3000335,10099994,10099994
(주)한익스프레스,014130,2021/12,354782569,466.74,82.36,17.64,17.74,17105844,0,0,405829,405829
(주)한진,002320,2021/12,2812743955,110.96,52.6,47.4,11.8,58037613,0,0,24532731,24532731
(주)한진중공업홀딩스,003480,2021/12,368859000,23.82,19.24,80.76,2.94,5485000,0,0,6878000,6878000
(주)한진칼,180640,2021/12,3113888377,59.1,37.15,62.85,-19.77,22162465,0,0,16910464,16910464
(주)한창,005110,2021/12,64858706,285.86,74.08,25.92,91.28,-7211911,0,0,-5393571,-5393571
(주)한창제지,009460,2021/12,248597574,129.03,56.34,43.66,6.26,13911220,0,0,17762578,17762578
(주)한컴라이프케어,372910,2021/12,202661295,84.03,45.66,54.34,-15.53,32258276,0,836581,11839583,11839583
(주)한화,000880,2021/12,8129051078,126.6,55.87,44.13,-1.63,296427176,57887538,0,228931991,228931991
(주)현대리바트,079430,2021/12,853832893,75.77,43.11,56.89,1.72,-22226851,0,0,19473558,19473558
(주)현대미포조선,010620,2021/12,3857973375,78.92,44.11,55.89,2.77,45961565,0,0,-226552324,-226552324
(주)현대백화점,069960,2021/12,6661268373,66.25,39.85,60.15,21.44,409047057,0,77126932,186253613,186253613
(주)현대지에프홀딩스,005440,2021/12,1771645852,21.21,17.5,82.5,10.49,87455783,0,0,43248182,43248182
(주)현대퓨처넷,126560,2021/12,907556752,16.01,13.8,86.2,-85.07,-10872429,0,1073427,-2320399,-2320399
(주)현대홈쇼핑,057050,2021/12,1748035645,16.56,14.21,85.79,-0.42,89592106,0,338198419,133934122,133934122
(주)형지엘리트,093240,2021/06,99541576,66.82,40.05,59.95,-5.86,10909338,0,447446,1969242,1969242
(주)혜인,003010,2021/12,194652483,81.86,45.01,54.99,-5.14,23904490,0,0,9391730,9391730
(주)호텔신라,008770,2021/12,2220067706,278.48,73.58,26.42,20.06,-23830611,0,6536667,90568267,90568267
(주)화승알앤에이,378850,2021/12,370304708,,,,,11061263,0,0,5197126,5197126
(주)화승엔터프라이즈,241590,2021/12,386893606,8.84,8.12,91.88,22.64,3874707,0,0,1773096,1773096
(주)화승인더스트리,006060,2021/12,394326155,102.23,50.55,49.45,-10.24,16558016,0,0,18032970,18032970
(주)화승코퍼레이션,013520,2021/12,291165998,91.71,47.84,52.16,-87.62,-21846917,0,0,-44592730,-44592730
(주)화신,010690,2021/12,679468578,105.7,51.38,48.62,2.28,18522636,3668497,0,-7150864,-7150864
(주)화인베스틸,133820,2021/12,183238936,130.5,56.62,43.38,25.78,11174822,0,0,5534588,5534588
(주)황금에스티,032560,2021/12,265600353,16.14,13.9,86.1,15.98,40489692,0,0,31435806,31435806
(주)효성,004800,2021/12,3114280899,17.3,14.75,85.25,256.38,169200112,0,24747000,442577612,442577612
(주)후성,093370,2021/12,429789300,54.32,35.2,64.8,28.67,56935140,0,0,56182275,56182275
(주)휠라홀딩스,081660,2021/12,774385254,57.94,36.69,63.31,28139.38,67024954,0,0,95414767,95414767
(주)휴니드테크놀러지스,005870,2021/12,267340262,100.73,50.18,49.82,14.96,-18270879,0,0,13294092,13294092
(주)휴비스,079980,2021/12,741560184,78,43.82,56.18,20.65,-2375209,0,377708,2363867,2363867
(주)휴스틸,005010,2021/12,864753852,42.58,29.86,70.14,63.96,-3836807,0,0,47556089,47556089
AJ네트웍스(주),095570,2021/12,1198209312,221.42,68.89,31.11,7.05,-3552719,0,592285,56473577,56473577
CS홀딩스(주),000590,2021/12,176178626,4.88,4.65,95.35,9.73,2069587,0,0,1321408,1321408
DB금융투자(주),016610,2021/12,7260100609,757.46,88.34,11.66,-10.84,-21520129,0,0,0,134789750
DB손해보험(주),005830,2021/12,51188047572,719.19,87.79,12.21,5.08,1732950316,0,0,,1060639490
HD현대(주),267250,2021/12,8113257344,43.78,30.45,69.55,-32.5,32092203,0,0,234373280,234373280
KG스틸(주),016380,2021/12,2693634952,139.96,58.33,41.67,52.87,-43496731,0,0,289648782,289648782
KISCO홀딩스(주),001940,2021/12,558112174,0.23,0.23,99.77,2.78,10628153,0,0,11701841,11701841
LG이노텍(주),011070,2021/12,6989346974,141.24,58.55,41.45,57.1,899768500,0,0,1106099812,1106099811
LS일렉트릭(주),010120,2021/12,2479393760,76.35,43.29,56.71,1.23,135707107,0,0,114654515,114654515
OCI(주),010060,2021/12,3523644465,40.26,28.7,71.3,27.86,147566106,0,0,205456986,205456986
SK이노베이션(주),096770,2021/12,18467371516,19.39,16.24,83.76,4.67,1048345897,0,0,679056388,679056388
SNT다이내믹스(주),003570,2021/12,862694071,32.62,24.6,75.4,13.68,1213885,0,0,22031644,22031644
SNT모티브(주),064960,2021/12,1136568771,33.73,25.22,74.78,2.53,61800157,0,0,93870483,93870483
STX엔진(주),077970,2021/12,823074240,199.21,66.58,33.42,-17.84,18351486,2529703,0,237203,237203
STX중공업(주),071970,2021/12,395553795,163.44,62.04,37.96,-41.06,15555794,23958,0,-8013558,-8013558
가온전선(주),000500,2021/12,604022609,126.04,55.76,44.24,17.45,-3805452,0,0,13688939,13688939
강남제비스코(주),000860,2021/12,425745704,38.76,27.94,72.06,14.21,-10836978,0,1995000,-26554851,-26554851
경인전자(주),009140,2021/12,57237990,9.24,8.46,91.54,46.29,-711399,0,0,1096585,1096585
계룡건설산업(주),013580,2021/12,1722670383,162.72,61.94,38.06,19.06,133322211,0,0,203621424,203621424
계양전기(주),012200,2021/12,267376649,47.12,32.03,67.97,3.59,-8209661,0,0,2375364,2375364
고려산업(주),002140,2021/12,221301230,130.84,56.68,43.32,10.64,15489675,0,0,3348438,3348437
고려아연(주),010130,2021/12,8321229495,16.21,13.95,86.05,26.72,753958441,0,0,924590389,924590389
고려제강(주),002240,2021/12,1398329842,22.39,18.29,81.71,13.67,30395449,0,0,36735973,36735973
광동제약(주),009290,2021/12,716918498,47.59,32.24,67.76,7.97,38260011,0,0,41581403,41581403
광전자(주),017900,2021/12,237010707,13.01,11.51,88.49,11.15,645806,6165259,0,8366390,8366390
교보증권(주),030610,2021/12,10989004086,686.78,87.29,12.71,27.04,-972275165,0,0,0,185009452
교촌에프앤비(주),339770,2021/12,217293174,37.49,27.27,72.73,13.22,24492984,0,5899725,27958764,27958764
국도화학(주),007690,2021/12,1210605326,66.09,39.79,60.21,77.58,-53590535,0,0,220856623,220856623
국제약품(주),002720,2021/12,138137899,104.65,51.13,48.87,-8.51,9463120,0,0,-1747038,-1747038
그랜드코리아레저(주),114090,2021/12,526147368,37.92,27.5,72.5,-53.87,-131495307,0,0,-147004722,-147004722
그린케미칼(주),083420,2021/12,211689251,71.56,41.71,58.29,18.08,15654812,0,0,20850252,20850252
극동유화(주),014530,2021/12,295977178,69.53,41.01,58.99,54.88,-12242340,0,0,20500344,20500344
금강공업(주),014280,2021/12,585743675,107.74,51.86,48.14,18.89,-20503879,0,0,23263613,23263613
금호건설(주),002990,2021/12,1740624183,162.11,61.85,38.15,12.87,179188030,0,0,111269187,111269187
금호석유화학(주),011780,2021/12,4648774193,51.01,33.78,66.22,57.64,1144956598,0,0,1342782403,1342782403
금호전기(주),001210,2021/12,77525463,418.34,80.71,19.29,-6.82,-8802848,0,0,-8539039,-8539039
금호타이어(주),073240,2021/12,2553456371,283.95,73.96,26.04,20.53,-30907429,0,21619000,-63369575,-63369575
기신정기(주),092440,2021/03,266957630,7.62,7.08,92.92,3.22,13853440,0,0,11810674,11810674
기아(주),000270,2021/12,45188766000,76.68,43.4,56.6,19.26,4358394000,0,0,2819212000,2819212000
깨끗한나라(주),004540,2021/12,583504193,166.13,62.42,37.58,-2.29,27131168,0,19909674,11431714,11431714
남광토건(주),001260,2021/12,273842120,212.09,67.96,32.04,49.92,-10811766,0,0,20804648,20804648
남양유업(주),003920,2021/12,999213819,24.26,19.52,80.48,0.39,38499037,0,40711436,-73454600,-73454600
남해화학(주),025860,2021/12,714905509,52.95,34.62,65.38,43.77,-118070471,0,0,20490699,20490699
네이버(주),035420,2021/12,12962420566,38.9,28,72,21.62,1365965765,0,579450942,1558728780,1558728780
넥센타이어(주),002350,2021/12,2826255916,80.07,44.47,55.53,17.08,127890680,0,40189742,-44860478,-44860478
넷마블(주),251270,2021/12,9115218197,60.67,37.76,62.24,-4.27,562220023,82282,161915639,45379656,45379656
다스코(주),058730,2021/12,271523507,127.12,55.97,44.03,30.3,-17074963,0,0,-1991507,-1991507
다올투자증권(주),030210,2021/12,4683397881,606.44,85.84,14.16,59.25,-344854588,0,0,0,105446892
대덕전자(주),353200,2021/12,946516026,37.27,27.15,72.85,0,201374395,0,0,74438125,74438125
대동전자(주),008110,2021/03,167956124,23.01,18.71,81.29,13.49,3346893,0,0,2201191,2201191
대림비앤코(주),005750,2021/12,326208504,107.28,51.76,48.24,12.69,-1737841,0,3177368,3261698,3261698
대림통상(주),006570,2021/12,155564413,83.93,45.63,54.37,-7.61,-4997786,331684,0,387177,387177
대상(주),001680,2021/12,2627406794,117.27,53.97,46.03,10.38,49069719,0,26925000,129061946,129061946
대상홀딩스(주),084690,2021/12,489025555,31.3,23.84,76.16,7.16,10547214,0,0,11859996,11859996
대성산업(주),128820,2021/12,903391133,97.58,49.39,50.61,10.89,-19867865,0,0,8658504,8658504
대성에너지(주),117580,2021/12,743488952,133,57.08,42.92,3.7,54464250,0,647200,14795378,14795378
대성홀딩스(주),016710,2021/12,373572629,50.33,33.48,66.52,-48.14,3512386,0,127683,8622368,8622368
대신증권(주),003540,2021/12,15138810188,647.12,86.62,13.38,6.23,143066240,0,0,0,281812111
대영포장(주),014160,2021/12,246069404,47.14,32.04,67.96,23.74,10048392,0,0,12217569,12217569
대우전자부품(주),009320,2021/12,94393900,169.98,62.96,37.04,30.59,4167236,2793587,0,1078204,1078204
대우조선해양(주),042660,2021/12,10440796983,390.72,79.62,20.38,-36.3,476343187,0,0,-1736267020,-1736267020
대원강업(주),000430,2021/12,645824081,54.25,35.17,64.83,2.77,13411386,0,0,8532045,8532045
대원전선(주),006340,2021/12,221689139,151.07,60.17,39.83,29.35,-12049810,0,0,2216624,2216624
대원제약(주),003220,2021/12,399113228,84.85,45.9,54.1,10.68,22462757,5477432,12509291,20698483,20698483
대원화성(주),024890,2021/12,130201789,84.71,45.86,54.14,4.64,-4320826,0,0,-11435204,-11435204
대창단조(주),015230,2021/12,201583382,16.24,13.97,86.03,46.61,-21619349,0,0,18312012,18312012
대한방직(주),001070,2021/12,229703997,67.39,40.26,59.74,14.3,-8700782,0,0,5059470,5059470
대한유화(주),006650,2021/12,2316879619,19.2,16.11,83.89,33.58,302907066,0,0,177487314,177487314
대한전선(주),001440,2021/12,1367623894,249.05,71.35,28.65,28.51,-14707013,0,0,34097216,34097216
대한제강(주),084010,2021/12,824574681,54.93,35.46,64.54,48.79,115972450,0,0,120022718,120022718
대한제당(주),001790,2021/12,1032018133,107.08,51.71,48.29,4.05,-22968000,0,0,31927987,31927987
대한제분(주),001130,2021/12,892599472,20.67,17.13,82.87,11.55,11771978,0,2911410,16554747,16554747
대한해운(주),005880,2021/12,2221276794,137.25,57.85,42.15,-4.75,227480935,0,0,105033199,105033199
대한화섬(주),003830,2021/12,907819642,22.34,18.26,81.74,35.05,-3186446,0,0,3156867,3156867
덕양산업(주),024900,2021/12,436866725,785.86,88.71,11.29,6.5,22140666,0,0,12846099,12846099
동국제강(주),001230,2021/12,5952755754,118.39,54.21,45.79,48.73,33781297,0,0,785116373,785116373
동부건설(주),005960,2021/12,1010132311,86.03,46.24,53.76,-6.83,937819,0,0,57703357,57703357
동성제약(주),002210,2021/12,104581874,125.2,55.59,44.41,-3.86,-2751533,0,0,-5299049,-5299049
동아쏘시오홀딩스(주),000640,2021/12,985709393,51.53,34,66,6.14,37952794,12515,691211,31393077,31393077
동아에스티(주),170900,2021/12,1115282177,69.03,40.84,59.16,0.6,48426080,35748295,16634813,15492239,15492239
동아타이어공업(주),282690,2021/12,408960082,10.43,9.44,90.56,24.49,7950422,0,44961,14417376,14417376
동양생명보험(주),082640,2021/12,37103488801,1118.87,91.8,8.2,-8.66,1015237391,0,0,,332299545
동양철관(주),008970,2021/12,169432262,101.39,50.35,49.65,-2.38,-32827211,0,0,-4083102,-4083102
동양피스톤(주),092780,2021/12,287022421,175.76,63.74,36.26,10.79,16264670,6411294,0,6140320,6140320
동원금속(주),018500,2021/03,263248980,1088.57,91.59,8.41,-20.78,14334170,1062334,0,-2452017,-2452017
동원산업(주),006040,2021/12,1635436303,100.03,50.01,49.99,1.13,102786476,0,0,71703339,71703339
동원수산(주),030720,2021/12,91576488,59.41,37.27,62.73,4.04,8541447,0,0,6002089,6002089
동원시스템즈(주),014820,2021/12,1367773225,108.78,52.1,47.9,34.93,48609688,0,0,60770566,60770566
동일고무벨트(주),163560,2021/12,303794263,51.51,34,66,14.29,-13921298,0,86758,1769672,1769672
동일산업(주),004890,2021/12,446084341,13.26,11.71,88.29,43.78,18610014,0,0,39677251,39677251
동일제강(주),002690,2021/12,180512781,17.56,14.94,85.06,48.26,-8161282,0,0,7872984,7872984
동화약품(주),000020,2021/12,416267867,20.92,17.3,82.7,1.79,30534128,0,22538165,18748534,18748534
두산밥캣(주),241560,2021/12,3901017457,27.02,21.27,78.73,-85.37,-27885593,0,7286374,-13531865,-13531865
두산에너빌리티(주),034020,2021/12,14031871119,146.1,59.37,40.63,4.1,561060480,0,0,135285070,135285070
두산퓨얼셀(주),336260,2021/12,698854941,34.87,25.85,74.15,-17.41,-140056687,0,0,17990182,17990182
디씨엠(주),024090,2021/12,286895606,21.8,17.9,82.1,51.67,15806801,0,0,34887867,34887867
디아이동일(주),001530,2021/12,753016816,57.52,36.52,63.48,28.31,-6165935,0,0,10541178,10541178
디에스알(주),155660,2021/12,237956938,43.13,30.13,69.87,18.87,9164444,0,0,12534502,12534502
디에스알제강(주),069730,2021/12,241710739,57.12,36.36,63.64,17.56,-13140395,0,0,4291637,4291637
디엘(주),000210,2021/12,3710068299,24.1,19.42,80.58,-94.63,13416921,0,0,-14342196,-14342196
디엘건설(주),001880,2021/12,1669601207,74.3,42.63,57.37,15.89,80350190,0,0,229634333,229634333
디엘이앤씨(주),375500,2021/12,6870763336,,,,,490152533,0,0,679718390,679718390
디와이(주),013570,2021/12,213513655,1.05,1.04,98.96,-72.49,4418348,0,0,2658495,2658495
디와이파워(주),210540,2021/12,230609631,28.83,22.38,77.62,59.44,-2819510,0,0,11733565,11733565
롯데관광개발(주),032350,2021/12,1323666491,1271.78,92.71,7.29,573.08,-58621310,0,3528550,-115450486,-115450486
롯데렌탈(주),089860,2021/12,5362632095,408.43,80.33,19.67,7.71,-11068567,0,10479143,217707508,217707508
롯데손해보험(주),000400,2021/12,18911189698,1787.3,94.7,5.3,-13.93,126911302,0,0,,129404176
롯데쇼핑(주),023530,2021/12,24226350269,148.33,59.73,40.27,-3.44,1449494027,0,156740354,86093963,86093963
롯데에너지머티리얼즈(주),020150,2021/12,864404422,39.49,28.31,71.69,20.96,23962224,3498306,0,33042635,33042635
롯데웰푸드(주),280360,2021/12,2330671016,86.79,46.46,53.54,0.99,149396315,0,58102000,82693406,82693406
롯데정밀화학(주),004000,2021/12,2091577817,18.27,15.45,84.55,41.11,305678235,0,0,246372618,246372618
롯데정보통신(주),286940,2021/12,743992851,72.07,41.88,58.12,9.18,88795533,0,2711861,40841648,40841648
롯데지주(주),004990,2021/12,8304048991,68.47,40.64,59.36,-13.47,118927753,0,40730000,112072328,112072328
롯데칠성음료(주),005300,2021/12,3458542832,143.57,58.94,41.06,8.47,303460841,0,121533000,174560402,174560402
롯데케미칼(주),011170,2021/12,17427438054,41.24,29.2,70.8,49.81,789326312,0,0,976101130,976101130
롯데하이마트(주),071840,2021/12,2943544893,61.08,37.92,62.08,-4.49,146498542,0,46073905,106834726,106834726
만호제강(주),001080,2021/06,255940838,10.68,9.65,90.35,-0.24,11335283,0,0,1755444,1755444
명문제약(주),017180,2021/12,176210206,119.53,54.45,45.55,2.27,-802348,2636488,329576,-7357140,-7357140
명신산업(주),009900,2021/12,225143675,31.24,23.8,76.2,7.77,8307236,0,0,10554674,10554674
무림페이퍼(주),009200,2021/12,895778644,208.11,67.54,32.46,12.62,-54106930,0,0,-18404330,-18404330
무림피앤피(주),009580,2021/12,1155920292,95.93,48.96,51.04,17.26,39418400,0,0,15382134,15382134
문배철강(주),008420,2021/12,209839262,46.75,31.86,68.14,34.19,2463125,0,0,20783115,20783115
미래산업(주),025560,2021/12,116402899,38.99,28.05,71.95,20.59,5018472,0,0,7616584,7616584
미래에셋생명보험(주),085620,2021/12,41964487719,2087.54,95.43,4.57,-2.6,-151321974,0,0,,126483984
미래에셋증권(주),006800,2021/12,84024164448,776.93,88.6,11.4,-22.27,-2348888248,0,0,0,1558737189
미원상사(주),002840,2021/12,350704697,24.61,19.75,80.25,22.08,55289753,0,0,56643282,56643282
미원스페셜티케미칼(주),268280,2021/12,419060152,27.76,21.73,78.27,43.77,33626015,0,15532,96790903,96790903
미원홀딩스(주),107590,2021/12,266252888,48.39,32.61,67.39,-6.1,9005697,0,0,7486515,7486515
미원화학(주),134380,2021/12,133843310,11.58,10.38,89.62,23.24,9379773,0,0,12772108,12772108
미창석유공업(주),003650,2021/12,333234803,14.96,13.01,86.99,46.37,15305425,0,0,35520718,35520718
백광산업(주),001340,2021/12,359556437,89.19,47.14,52.86,11.58,35695275,0,0,18647528,18647528
범양건영(주),002410,2021/12,141630457,70.13,41.22,58.78,-27.53,14357938,0,0,3014768,3014768
보해양조(주),000890,2021/12,153016689,81.36,44.86,55.14,6.6,12448212,0,3159369,1131464,1131464
부광약품(주),003000,2021/12,406936094,30.81,23.55,76.45,9.32,32461765,0,6577327,13163431,13163431
부국증권(주),001270,2021/12,1589524381,153.61,60.57,39.43,-14.67,43756649,0,0,0,92305049
부국철강(주),026940,2021/12,150684043,25.13,20.08,79.92,40.89,-3091737,0,0,8055575,8055575
부산산업(주),011390,2021/12,43936225,20.35,16.91,83.09,16.23,282189,0,0,-19962,-19962
부산주공(주),005030,2021/12,239665282,934.45,90.33,9.67,22.33,-1361085,0,0,-9346942,-9346942
비케이탑스(주),030790,2021/12,93232064,920.51,90.2,9.8,8.01,-26091872,0,0,-5126822,-5126822
사조동아원(주),008040,2021/12,447684604,112.5,52.94,47.06,5.96,-4820694,0,0,19110101,19110101
사조산업(주),007160,2021/12,540913649,79.42,44.27,55.73,5.34,20258566,0,0,18805710,18805710
사조씨푸드(주),014710,2021/12,336930665,46.5,31.74,68.26,-18.58,12999398,0,0,14004313,14004313
삼부토건(주),001470,2021/12,480439560,92.82,48.14,51.86,-14.82,-86829857,0,0,-4112027,-4112027
삼성SDI(주),006400,2021/12,16844996872,40.46,28.8,71.2,27.25,946029033,0,0,587613961,587613961
삼성공조(주),006660,2021/12,240400545,13.62,11.99,88.01,26.88,8715244,0,0,764578,764578
삼성물산(주),028260,2021/12,44180917710,55.52,35.7,64.3,10.64,975888076,110181000,0,249274050,249274050
삼성바이오로직스(주),207940,2021/12,5903411709,72.85,42.15,57.85,34.62,451808983,0,0,536494669,536494669
삼성생명보험(주),032830,2021/12,310367153000,808.33,88.99,11.01,0.41,5226042000,0,0,,571311000
삼성에스디에스(주),018260,2021/12,6850930056,22.02,18.05,81.95,9.59,542919379,0,3132170,406734299,406734299
삼성엔지니어링(주),028050,2021/12,4231577720,205.5,67.27,32.73,1.3,192063925,0,0,289057557,289057557
삼성전기(주),009150,2021/12,6690063877,26.82,21.15,78.85,28.62,854140070,0,0,1083624070,1083624070
삼성전자(주),005930,2021/12,251112184000,29.98,23.06,76.94,20.1,51250069000,0,3011792000,31993162000,31993162000
삼성제약(주),001360,2021/12,145456078,14.29,12.5,87.5,13.74,-7162788,0,0,-18139831,-18139831
삼성중공업(주),010140,2021/12,11892137566,181.62,64.49,35.51,-4.14,815474364,0,0,-1192048153,-1192048153
삼성증권(주),016360,2021/12,59641733207,906.52,90.06,9.94,-10.65,-1775023755,0,0,2172461801,1288559478
삼성카드(주),029780,2021/12,27002979486,260.38,72.25,27.75,6.05,-2539865473,0,0,0,749233941
삼성화재해상보험(주),000810,2021/12,93384812726,506.39,83.51,16.49,1.19,1256776063,0,0,,1460160345
삼아알미늄(주),006110,2021/12,226969724,86,46.24,53.76,37.31,15534047,0,0,15588412,15588412
삼양식품(주),003230,2021/12,700210555,95.76,48.92,51.08,-0.93,53085744,0,15186597,56304720,56304720
삼양통상(주),002170,2021/12,447875950,12.93,11.45,88.55,-3.13,16058620,0,0,33877893,33877893
삼영무역(주),002810,2021/12,383479490,13.77,12.1,87.9,34.69,-3295940,0,0,13016185,13016185
삼영전자공업(주),005680,2021/12,484643619,4.98,4.75,95.25,17.39,16422175,0,0,12626259,12626259
삼익티에이치케이(주),004380,2021/12,378200330,91.6,47.81,52.19,17.67,46661788,0,1047966,14809996,14809996
삼일제약(주),000520,2021/12,223590211,243.6,70.9,29.1,9.19,2656843,0,7672950,970112,970112
삼정펄프(주),009770,2021/12,239413229,10.78,9.73,90.27,-5.6,1718650,0,0,1344598,1344598
삼진제약(주),005500,2021/12,332495965,41.99,29.57,70.43,6.34,23967390,29789472,9401865,33911426,33911426
삼호개발(주),010960,2021/12,290825186,32.64,24.61,75.39,-12.67,-6640006,0,0,11719264,11719264
삼화왕관(주),004450,2021/12,224679379,56.38,36.05,63.95,7.12,9912276,0,0,8951665,8951665
삼화전기(주),009470,2021/12,123647400,112.26,52.89,47.11,23.89,9264647,0,0,17819123,17819123
삼화전자공업(주),011230,2021/12,54767525,226.52,69.37,30.63,14.22,-1618956,0,0,-1659903,-1659903
삼화콘덴서공업(주),001820,2021/12,240595086,28.8,22.36,77.64,11.87,38036766,0,25870,28642613,28642613
삼화페인트공업(주),000390,2021/12,530591003,104.18,51.02,48.98,13.29,-30023169,0,6446472,-2782070,-2782070
상신브레이크(주),041650,2021/12,369529331,87.76,46.74,53.26,13.85,21562558,0,0,17610287,17610287
새론오토모티브(주),075180,2021/12,230495609,9.95,9.05,90.95,-6.03,16346395,0,0,1024514,1024514
샘표(주),007540,2021/12,198217816,4.23,4.06,95.94,-29.35,1775530,0,0,11423842,11423842
샘표식품(주),248170,2021/12,303021697,48.19,32.52,67.48,10.39,30020379,0,47173700,20098196,20098196
서울도시가스(주),017390,2021/12,1639570978,60.2,37.58,62.42,-0.08,95413,0,0,-5809932,-5809932
서울식품공업(주),004410,2021/12,72278884,177.81,64,36,-10.18,1649676,0,0,-3630400,-3630400
선도전기(주),007610,2021/12,146211622,125.82,55.72,44.28,-5.67,-6326203,0,0,-11925435,-11925435
성문전자(주),014910,2021/12,44330173,57.63,36.56,63.44,39.34,940364,0,0,121367,121367
성보화학(주),003080,2021/12,171947321,26.82,21.15,78.85,11.57,12066147,1528652,400553,1792866,1792866
성신양회(주),004980,2021/12,982490036,136.3,57.68,42.32,15.44,28715182,0,0,28069473,28069473
성창기업지주(주),000180,2021/12,364292787,18.11,15.34,84.66,15.93,1020187,0,216,442172,442172
세기상사(주),002420,2021/12,46388873,149.55,59.93,40.07,700.3,-1855023,0,0,-1552340,-1552340
세방(주),004360,2021/12,795893202,40.11,28.63,71.37,7.58,47228083,0,0,16641775,16641775
세방전지(주),004490,2021/12,1477894480,25.13,20.08,79.92,15.5,-2291142,0,0,93461572,93461572
세원이앤씨(주),091090,2021/12,293864348,71.57,41.71,58.29,-28.16,17611977,1207959,0,-8600110,-8600110
세종공업(주),033530,2021/12,647153367,79.4,44.26,55.74,21.52,17837773,0,0,4181371,4181371
세하(주),027970,2021/12,195333621,99.43,49.86,50.14,7.87,16698312,0,0,13286618,13286618
솔루스첨단소재(주),336370,2021/12,248087439,61.45,38.06,61.94,6.67,25010873,6322000,0,29850083,29850083
송원산업(주),004430,2021/12,1023314000,98.48,49.62,50.38,35.47,-31542000,0,0,72772000,72772000
스틱인베스트먼트(주),026890,2021/12,244323347,25.42,20.27,79.73,42.55,-151654,0,0,1825436,1825436
신대양제지(주),016590,2021/12,410318733,12.07,10.77,89.23,29.62,1435494,0,0,27514997,27514997
신라교역(주),004970,2021/12,665990540,20.13,16.76,83.24,-4.86,-8245734,0,0,11203121,11203121
신성통상(주),005390,2021/06,873507359,242.52,70.8,29.2,17.54,178949288,0,0,84084206,84084206
신세계건설(주),034300,2021/12,828998344,266.59,72.72,27.28,31.36,76930609,0,0,38439660,38439660
신송홀딩스(주),006880,2021/12,125122283,14.8,12.9,87.1,172.63,2554401,0,0,2346843,2346843
신영증권(주),001720,2021/03,9522609012,649.6,86.66,13.34,10.01,-672017977,0,0,0,221054296
신일전자(주),002700,2021/12,122088681,47.8,32.34,67.66,12.22,7177301,0,0,9607808,9607808
신풍제약(주),019170,2021/12,391380053,10.9,9.83,90.17,-4.03,-71794732,20911978,13583465,-16925762,-16925762
쌍용씨앤이(주),003410,2021/12,3042617621,86.67,46.43,53.57,15.07,330145620,367797,2575832,182874190,182874190
써니전자(주),004770,2021/12,74080390,9.62,8.78,91.22,-0.1,1579178,0,0,1887487,1887487
씨에스윈드(주),112610,2021/12,1094616352,26.22,20.77,79.23,-6.52,-76835522,0,0,41186317,41186317
씨제이(주),001040,2021/12,3187152887,13.8,12.12,87.88,24.25,115424122,1303370,21283196,112438981,112438981
씨제이대한통운(주),000120,2021/12,7089102548,107.48,51.8,48.2,11.43,242949508,0,10383853,257666947,257666947
씨제이씨지브이(주),079160,2021/12,2019521793,408.72,80.34,19.66,0.88,-99474013,0,0,-163568294,-163568294
씨제이씨푸드(주),011150,2021/12,133389814,98.76,49.69,50.31,8.78,10911065,0,0,4499170,4499170
씨제이제일제당(주),097950,2021/12,10611822485,106.72,51.62,48.38,13.63,493468760,0,171358533,305390820,305390820
아남전자(주),008700,2021/12,159388084,103.37,50.83,49.17,31.88,-27633623,553580,0,3231119,3231119
아세아(주),002030,2021/12,433237738,7.71,7.16,92.84,4.6,10455082,0,0,11982537,11982537
아세아시멘트(주),183190,2021/12,1171150466,46.05,31.53,68.47,13.26,77654855,0,0,54853481,54853481
아세아제지(주),002310,2021/12,729645875,13.35,11.78,88.22,25.6,45029635,0,0,51592972,51592972
아시아나아이디티(주),267850,2021/12,222135981,42.78,29.96,70.04,-10.79,5612921,0,0,7289230,7289230
아시아나항공(주),020560,2021/12,12327952018,2282.35,95.8,4.2,15.19,1333211113,0,0,455904892,455904892
아이에스동서(주),010780,2021/12,3036486065,148.35,59.73,40.27,35.46,170055185,0,16521484,256101210,256101210
아주스틸(주),139990,2021/12,482606483,109.9,52.36,47.64,74.55,-21341518,0,0,30360228,30360228
애경산업(주),018250,2021/12,427116716,24.27,19.53,80.47,-2.61,45903025,0,57118261,24520811,24520811
애경케미칼(주),161000,2021/12,1082880685,62.04,38.29,61.71,55.45,-1950184,0,0,90364773,90364773
에스디바이오센서(주),137310,2021/12,2914623616,34.67,25.74,74.26,92.65,1230854679,6183654,0,1362655330,1362655330
에스엘(주),005850,2021/12,1733600072,29.83,22.98,77.02,14.65,211694832,0,0,132936985,132936985
에스지씨에너지(주),005090,2021/12,1559099086,174.25,63.54,36.46,565.53,107802900,0,0,75233927,75233927
에스케이(주),034730,2021/12,27216975000,72.37,41.98,58.02,-20.85,320001000,0,0,830132000,830132000
에스케이가스(주),018670,2021/12,4677576369,150.26,60.04,39.96,37.63,-370332365,0,0,98597927,98597927
에스케이네트웍스(주),001740,2021/12,5680546000,177.67,63.99,36.01,1.11,503382000,0,11136000,-24014000,-24014000
에스케이디스커버리(주),006120,2021/12,1561634946,63.3,38.76,61.24,68.07,5810648,0,0,22067203,22067203
에스케이디앤디(주),210980,2021/12,1740376531,170.51,63.03,36.97,18.93,-41851403,0,752622,66750649,66750649
에스케이렌터카(주),068400,2021/12,2858295258,488.98,83.02,16.98,20.09,-60707654,0,10720490,77818793,77818793
에스케이바이오사이언스(주),302440,2021/12,2110122672,31.77,24.11,75.89,311.77,536593688,0,0,474219856,474219856
에스케이바이오팜(주),326030,2021/12,635569460,35.74,26.33,73.67,622.48,-119102284,0,0,142907326,142907326
에스케이스퀘어(주),402340,2021/12,7096262000,,,,,-6207000,0,87000,-8639000,-8639000
에스케이씨(주),011790,2021/12,3217745322,64.44,39.19,60.81,-0.75,-87579119,0,0,13583853,13583853
에스케이아이이테크놀로지(주),361610,2021/12,2605217451,20.16,16.78,83.22,-14.21,65273611,0,0,43969451,43969451
에스케이오션플랜트(주),100090,2021/12,623025475,299.71,74.98,25.02,22.45,126471385,0,0,35375747,35375747
에스케이증권(주),001510,2021/12,5535941991,836.95,89.33,10.67,2.09,-336504387,0,0,0,40457529
에스케이케미칼(주),285130,2021/12,1987149918,71.96,41.85,58.15,18.7,-35881104,0,0,82292977,82292977
에스케이텔레콤(주),017670,2021/12,26389065000,142.93,58.84,41.16,3.03,3919829000,0,117969000,1114323000,1114323000
에스케이하이닉스(주),000660,2021/12,84972544000,44.66,30.87,69.13,36.14,17746280000,0,0,12183360000,12183360000
에쓰-오일(주),010950,2021/12,18653556000,167.18,62.57,37.43,62.55,1467776000,0,10511000,2138839000,2138839000
에쓰씨엔지니어링(주),023960,2021/12,99597674,188.66,65.36,34.64,10.7,2211276,0,0,-4012277,-4012277
에어부산(주),298690,2021/12,1009737367,673.56,87.07,12.93,-7.06,-69055835,0,198785,-203964282,-203964282
에이치디씨(주),012630,2021/12,2296341996,13.77,12.11,87.89,12.69,46754680,0,142000,37542133,37542133
에이치디씨랩스(주),039570,2021/12,412145596,54.61,35.32,64.68,5.48,22694591,0,0,9686229,9686229
에이치디씨현대산업개발(주),294870,2021/12,6368331836,114.14,53.3,46.7,-6.25,170818497,0,11562000,345347651,345347651
에이치디씨현대이피(주),089470,2021/12,468504563,87.12,46.56,53.44,25.35,-3439995,0,0,25855702,25855702
에이치디한국조선해양(주),009540,2021/12,11109138358,3.08,2.99,97.01,13.61,71936263,0,0,15051321,15051321
에이치디현대건설기계(주),267270,2021/12,2353816470,99.13,49.78,50.22,25.64,-39025732,0,0,67065401,67065401
에이치디현대에너지솔루션(주),322000,2021/12,605028500,89.01,47.09,52.91,33.51,37494036,0,0,6288776,6288776
에이치디현대인프라코어(주),042670,2021/12,3503272219,221.1,68.86,31.14,33.39,243560396,0,0,190710087,190710087
에이치디현대일렉트릭(주),267260,2021/12,1938945538,199.79,66.64,33.36,-0.76,77759653,0,0,4742995,4742995
에이치디현대중공업(주),329180,2021/12,15078768957,169.55,62.9,37.1,-0.07,761916426,0,0,-800619319,-800619319
에이치에스디엔진(주),082740,2021/12,792388768,279.44,73.65,26.35,-27.84,-45903778,0,0,-38108699,-38108699
에이치엘디앤아이한라(주),014790,2021/12,1479843178,273.82,73.25,26.75,-6.54,-30427022,2579344,10407147,66786288,66786288
에이치엘만도(주),204320,2021/12,3253030773,181.6,64.49,35.51,-3.79,28492813,0,0,26805177,26805177
에이치엘비글로벌(주),003580,2021/12,131214965,22.8,18.57,81.43,6.01,-257027,0,0,-6070275,-6070275
에이치엘홀딩스(주),060980,2021/12,1903776270,87.53,46.67,53.33,25.17,65342413,0,0,118523043,118523043
에이치엠엠(주),011200,2021/12,17600145000,70.95,41.5,58.5,119.55,7393911000,0,0,7356851000,7356851000
에이케이홀딩스(주),006840,2021/12,769013515,43.12,30.13,69.87,13.95,35910234,0,3431795,37303133,37303133
엔에이치기업인수목적19호(주),380440,2021/12,115807983,,,,,-50382,0,0,,-50625
엔에이치엔(주),181710,2021/12,1906898705,10.4,9.42,90.58,11.61,165658496,0,12320294,38454042,38454042
엔에이치투자증권(주),005940,2021/12,55828248000,763.76,88.42,11.58,-16.67,3771076000,0,0,0,1205948000
엔피씨(주),004250,2021/12,423090665,44.16,30.63,69.37,16.62,32097431,0,0,15699396,15699396
엘브이엠씨홀딩스(주),900140,2021/12,,,,,,,,,,
엘아이지넥스원(주),079550,2021/12,2569030459,236.57,70.29,29.71,13.79,136515391,0,6550993,97226513,97226513
엘에스전선아시아(주),229640,2021/12,308681487,4.43,4.24,95.76,-81.04,-506252,0,0,3726487,3726487
엘지디스플레이(주),034220,2021/12,29478122000,176.98,63.9,36.1,24.41,3297031000,0,125992000,721931000,721931000
엘지전자(주),066570,2021/12,29593524000,232.88,69.96,30.04,-2.31,1036470000,0,837967000,446426000,446426000
영보화학(주),014440,2021/12,172733693,9.48,8.66,91.34,-2.52,16441489,0,0,5904117,5904117
영진약품(주),003520,2021/12,194095213,85.05,45.96,54.04,-5.95,8367764,0,6647390,-13877505,-13877505
영풍제지(주),006740,2021/12,209539375,58.77,37.01,62.99,22.88,11872163,0,0,8150514,8150514
영화금속(주),012280,2021/12,211560373,247.65,71.24,28.76,31.29,-11256153,0,0,-16352616,-16352616
우리종합금융(주),010050,2021/12,5140842713,758.01,88.35,11.65,17.03,-168659289,0,0,0,104193538
웰바이오텍(주),010600,2021/12,71816066,155.6,60.88,39.12,33.96,-5949170,0,0,-7263282,-7263282
유니온머티리얼(주),047400,2021/12,169933986,90.05,47.38,52.62,25.72,4716508,0,12450,2966855,2966855
유니퀘스트(주),077500,2021/12,364310534,75.21,42.93,57.07,46.81,18000079,0,0,32672592,32672592
유성기업(주),002920,2021/12,286711940,41.31,29.23,70.77,14.27,5357885,0,0,-10256090,-10256090
유안타증권(주),003470,2021/12,14078579068,850.09,89.47,10.53,-14.23,-89419677,0,0,0,327790245
유엔젤(주),072130,2021/12,60379664,16.3,14.02,85.98,7.63,2407953,0,334985,3060626,3060626
유진투자증권(주),001200,2021/12,8706300453,818.61,89.11,10.89,-12.14,171504085,0,0,0,107071491
유화증권(주),003460,2021/12,734694870,51.22,33.87,66.13,7.33,17789905,0,0,0,7550978
율촌화학(주),008730,2021/12,654338650,92.05,47.93,52.07,2.81,31847176,12263553,45099,8483586,8483586
이건산업(주),008250,2021/12,254279668,152.26,60.36,39.64,-5.29,-5784279,0,355311,2265114,2265114
이구산업(주),025820,2021/12,323941424,163.99,62.12,37.88,64.76,-9961240,0,0,35627429,35627429
이연제약(주),102460,2021/12,475034476,93.99,48.45,51.55,9.82,11496446,0,0,2480545,2480545
이화산업(주),000760,2021/12,97099789,37.53,27.29,72.71,19.73,-888044,0,0,794214,794214
인지컨트롤스(주),023800,2021/12,371905271,98.72,49.68,50.32,6.41,13834628,0,0,3795499,3795499
인천도시가스(주),034590,2021/12,362058262,87.34,46.62,53.38,-0.13,40566450,0,0,3638857,3638857
인터지스(주),129260,2021/12,349128425,85.68,46.14,53.86,29.83,2967846,0,0,12280344,12280344
일동제약(주),249420,2021/12,689903318,353.97,77.97,22.03,-0.32,-11121411,62332513,33248551,-54326852,-54326852
일동홀딩스(주),000230,2021/12,270112999,52.36,34.36,65.64,7.46,1020799,0,0,1316450,1316450
일성건설(주),013360,2021/12,378884167,244.92,71.01,28.99,22.11,12276651,0,0,10844623,10844623
일성신약(주),003120,2021/12,371382501,7.36,6.86,93.14,3.67,5704073,362,2864852,-1797411,-1797411
일신방직(주),003200,2021/12,636041114,26.02,20.65,79.35,41.07,-14699972,0,62484,27149512,27149512
일양약품(주),007570,2021/12,371760845,98.76,49.69,50.31,7.34,49815895,16825220,0,11582602,11582602
일정실업(주),008500,2021/12,47335191,79.74,44.36,55.64,0.52,-2829892,0,0,-6313188,-6313188
일진다이아몬드(주),081000,2021/12,300545576,21.3,17.56,82.44,23.09,-3060583,4535356,157652,-3985097,-3985097
일진디스플레이(주),020760,2021/12,122549054,667.88,86.98,13.02,37.93,-26920873,0,0,-33453246,-33453246
일진전기(주),103590,2021/12,830355028,160.5,61.61,38.39,31.99,5684516,0,0,19373413,19373413
일진하이솔루스(주),271940,2021/12,343543080,11.85,10.59,89.41,3.67,15202050,3029106,0,9802681,9802681
일진홀딩스(주),015860,2021/12,274823547,8.98,8.24,91.76,24.74,4358678,0,0,5490857,5490857
자이에스앤디(주),317400,2021/12,540034517,77.62,43.7,56.3,22.32,106575284,0,0,50822721,50822721
자화전자(주),033240,2021/12,419071823,47.26,32.09,67.91,18.16,18956605,0,114469,15795131,15795131
전방(주),000950,2021/12,383061566,166.79,62.52,37.48,27.66,-2239938,0,88152,7568332,7568332
제이더블유생명과학(주),234080,2021/12,215979644,67.94,40.46,59.54,-8.08,28075210,0,0,27277575,27277575
제이더블유중외제약(주),001060,2021/12,553126253,168.1,62.7,37.3,10.91,18920738,0,0,35517269,35517269
제이더블유홀딩스(주),096760,2021/12,392994243,107.54,51.82,48.18,-5.36,12495786,0,0,14327595,14327595
제이준코스메틱(주),025620,2021/12,72166337,17.37,14.8,85.2,-43.95,598384,0,876170,-14107958,-14107958
제일약품(주),271980,2021/12,409559304,130.32,56.58,43.42,1.36,27959040,0,0,-1290975,-1290975
제일연마공업(주),001560,2021/12,92112560,14.82,12.91,87.09,8.05,1382292,0,0,4478790,4478790
제일파마홀딩스(주),002620,2021/12,522165554,23.3,18.9,81.1,-30.02,-2311660,0,0,4096789,4096789
조광페인트(주),004910,2021/12,348252791,97.05,49.25,50.75,18.7,-4459996,0,0,-7786840,-7786840
조광피혁(주),004700,2021/12,440910560,16.96,14.5,85.5,7.12,-18509093,0,0,10948432,10948432
조선내화(주),000480,2021/12,941064678,64.01,39.03,60.97,-0.43,28586679,0,1417857,17074591,17074591
조선선재(주),120030,2021/12,139548941,10.39,9.42,90.58,14.51,10043888,0,0,14137036,14137036
조일알미늄(주),018470,2021/12,347937580,108.51,52.04,47.96,40.26,-28053513,231244,0,18279238,18279238
중소기업은행,024110,2021/12,368177498000,1338.59,93.05,6.95,-8.38,-6392472000,0,0,5777194000,2724143000
지에스건설(주),006360,2021/12,12829912597,165.32,62.31,37.69,-12.32,841666208,0,0,514791411,514791411
지엠비코리아(주),013870,2021/12,421799780,92.31,48,52,18.77,4292433,0,0,3549696,3549696
진양산업(주),003780,2021/12,57127927,45.46,31.25,68.75,23.79,5944764,239312,26263,5303716,5303716
진양폴리우레탄(주),010640,2021/12,47379923,61.13,37.94,62.06,43.8,4795010,150251,0,4635362,4635362
진양화학(주),051630,2021/12,33655064,32.54,24.55,75.45,-19.64,-2196632,295139,138337,-3856328,-3856328
진원생명과학(주),011000,2021/12,232330454,12.65,11.23,88.77,-4.34,-22264842,14357837,0,-26286719,-26286719
진흥기업(주),002780,2021/12,334617162,95.74,48.91,51.09,17.76,51376718,0,0,43348738,43348738
참엔지니어링(주),009310,2021/12,111242964,141.51,58.59,41.41,-16.37,-5799790,0,0,-3236446,-3236446
컨버즈(주),109070,2021/12,31654289,200.95,66.77,33.23,89.29,-982366,866960,31847,-2617547,-2617547
케이비아이동국실업(주),001620,2021/12,392212189,129.15,56.36,43.64,13.91,7497456,0,0,-13768946,-13768946
케이씨그린홀딩스(주),009440,2021/12,158028172,25.21,20.13,79.87,-10.67,6878970,0,0,8362200,8362200
케이씨코트렐(주),119650,2021/12,355567197,718.48,87.78,12.22,8.9,58139000,702894,0,2212814,2212814
케이알모터스(주),000040,2021/12,92593997,147.15,59.54,40.46,-16.08,-2985101,0,0,-934385,-934385
케이지모빌리티(주),003620,2021/12,1857761967,0,104.12,0,-17.49,25805999,0,0,-260691569,-260691569
케이지케미칼(주),001390,2021/12,328113538,57.48,36.5,63.5,11.64,14714772,0,0,10778607,10778607
케이카(주),381970,2021/12,550023979,99.67,49.92,50.08,43.78,6866255,0,0,71108716,71108716
케이피엑스케미칼(주),025000,2021/12,699885170,33.93,25.34,74.66,35.28,9674205,0,0,31727501,31727501
케이피엑스홀딩스(주),092230,2021/12,527206325,4.25,4.08,95.92,68.74,-41152575,0,163,16711367,16711367
코리안리재보험(주),003690,2021/12,12875853932,403.09,80.12,19.88,-3.89,664417584,0,0,,233593138
코스맥스(주),192820,2021/12,932063351,129.99,56.52,43.48,11.46,89718548,0,0,77596941,77596941
코스맥스비티아이(주),044820,2021/12,472500141,76.38,43.3,56.7,24.66,8190506,0,0,14349949,14349949
코스모신소재(주),005070,2021/12,348482657,69.62,41.04,58.96,49.76,26043953,0,0,21792842,21792842
코스모화학(주),005420,2021/12,351543291,177.47,63.96,36.04,50.25,219103,0,0,8222862,8222862
코오롱글로벌(주),003070,2021/12,2388512681,256.15,71.92,28.08,11.2,172392656,0,7726000,238447374,238447374
코오롱인더스트리(주),120110,2021/12,4319882810,95.36,48.81,51.19,16.84,233699813,0,0,197828972,197828972
코오롱플라스틱(주),138490,2021/12,368803658,65.55,39.59,60.41,38,13956784,963682,616700,27582733,27582733
코웨이(주),021240,2021/12,3240649063,95.35,48.81,51.19,8.57,321321105,0,119483586,451701648,451701648
쿠쿠홀딩스(주),192400,2021/12,629624205,12.28,10.94,89.06,31.65,32384287,0,39400,25836711,25836711
쿠쿠홈시스(주),284740,2021/12,749374580,27.15,21.36,78.64,16.05,79281139,0,19559274,95008394,95008394
키움증권(주),039490,2021/12,37944064918,900.3,90,10,30.77,-2588802455,0,0,0,949456336
태경산업(주),015890,2021/12,203387845,16.96,14.5,85.5,27.25,21173022,0,0,12442733,12442733
태경케미컬(주),006890,2021/12,158006475,13.69,12.04,87.96,14.28,12999292,0,0,12167080,12167080
태광산업(주),003240,2021/12,4080349706,21.17,17.47,82.53,46.95,240326366,0,0,305530105,305530105
태림포장(주),011280,2021/12,547393133,80.26,44.52,55.48,27.2,20257831,0,0,17163033,17163033
태양금속공업(주),004100,2021/12,355939862,268.24,72.84,27.16,9.64,-2957568,0,0,1761725,1761725
태원물산(주),001420,2021/12,37439041,19.49,16.31,83.69,-9.95,621666,124947,0,-491801,-491801
태평양물산(주),007980,2021/12,676293215,217.26,68.48,31.52,11.92,-42752099,0,0,6534392,6534392
텔코웨어(주),078000,2021/12,122189678,11.69,10.47,89.53,-4.34,9864304,0,0,1154359,1154359
티와이엠(주),002900,2021/12,506983761,106.3,51.53,48.47,14.26,15310901,2804673,0,18006387,18006387
티케이지휴켐스(주),069260,2021/12,923798220,32.69,24.63,75.37,45.1,83249929,0,0,93443404,93443404
파미셀(주),005690,2021/12,95814779,46.61,31.79,68.21,34.81,-5222200,6994159,0,7610617,7610617
팜젠사이언스(주),004720,2021/12,163255356,110.2,52.43,47.57,13.72,7912905,0,0,-4930118,-4930118
팬오션(주),028670,2021/12,6343764000,79.07,44.16,55.84,93.51,766071000,0,0,574792000,574792000
퍼스텍(주),010820,2021/12,185612511,327.64,76.62,23.38,3.5,-6873596,167492,0,4334722,4334722
페이퍼코리아(주),001020,2021/12,366070645,1504.19,93.77,6.23,-10.26,-23288455,0,902350,2043605,2043605
평화산업(주),090080,2021/12,217075584,708.07,87.62,12.38,24.78,10056855,9281851,0,6759024,6759024
평화홀딩스(주),010770,2021/12,153372317,50.58,33.59,66.41,-7.37,3050313,0,6000,4606139,4606139
포스코스틸리온(주),058430,2021/12,566959274,79.46,44.28,55.72,52.72,34950599,0,0,140724308,140724308
포스코홀딩스(주),005490,2021/12,64242758956,31.01,23.67,76.33,50.59,4780338457,0,66088000,6649599886,6649599886
프레스티지바이오파마,950210,2021/06,605328448,4.95,4.72,95.28,0,-14358496,0,0,-17500237,-17500237
피아이첨단소재(주),178920,2021/12,472959622,45.13,31.1,68.9,15.31,88555530,0,0,75857969,75857969
하나제약(주),293480,2021/12,303497254,20.48,17,83,10.77,25655058,6285408,0,36010060,36010060
하이트진로(주),000080,2021/12,3431331129,208.93,67.63,32.37,-3.52,615976334,0,171787209,150506900,150506900
하이트진로홀딩스(주),000140,2021/12,1623725365,60.14,37.56,62.44,12.29,18142951,0,0,36453657,36453657
한국가스공사(주),036460,2021/12,41031612568,452.57,81.9,18.1,30.76,-2742916229,44574000,14960000,1001846301,1001846301
한국공항(주),005430,2021/12,378981468,30.92,23.61,76.39,17.21,16078266,0,0,-1385338,-1385338
한국내화(주),010040,2021/12,318433534,26.02,20.65,79.35,7.04,8136691,3409736,0,9648710,9648710
한국단자공업(주),025540,2021/12,977861147,29.76,22.93,77.07,19.01,24364504,8305135,0,53916332,53916332
한국무브넥스(주),010100,2021/12,450396553,118.61,54.26,45.74,11.47,20853146,0,0,16057164,16057164
한국석유공업(주),004090,2021/12,273187733,76.01,43.19,56.81,15.42,-143061,0,0,6526744,6526744
한국수출포장공업(주),002200,2021/12,325881642,26.06,20.67,79.33,20.61,16390426,0,0,18991260,18991260
한국쉘석유(주),002960,2021/12,165711580,51.26,33.89,66.11,20.49,24681582,0,0,38045979,38045979
한국앤컴퍼니(주),000240,2021/12,2959395756,10.06,9.14,90.86,843.01,49771062,723793,0,91005791,91005791
한국유나이티드제약(주),033270,2021/12,380032751,26.38,20.87,79.13,2.36,44085211,26024237,8162257,33225316,33225316
한국자산신탁(주),123890,2021/12,964064318,26.42,20.9,79.1,-23.19,139565087,0,0,,113135361
한국전력공사(주),015760,2021/12,115578517000,145.67,59.29,40.71,2.88,-1272642000,46099000,13743000,-7425576000,-7425576000
한국전력기술(주),052690,2021/12,705042790,37.31,27.17,72.83,0.33,-16270095,51682270,528459,8546534,8546534
한국주강(주),025890,2021/12,50194780,78.87,44.09,55.91,33.71,-3877285,0,0,-595423,-595423
한국주철관공업(주),000970,2021/12,299783110,16.32,14.03,85.97,0,30613421,0,0,8154436,8154436
한국지역난방공사,071320,2021/12,6515078298,257.35,72.02,27.98,20.86,414148865,0,0,37809043,37809043
한국철강(주),104700,2021/12,908707498,25.83,20.53,79.47,39.99,52059222,0,0,103286644,103286644
한국콜마(주),161890,2021/12,993241288,57.07,36.34,63.66,3.88,11402502,0,0,65642304,65642304
한국콜마홀딩스(주),024720,2021/12,531375060,42.86,30,70,-3.24,-45423726,0,0,2086681,2086681
한국타이어앤테크놀로지(주),161390,2021/12,6620616160,40.57,28.86,71.14,1.85,113498539,0,0,-130053795,-130053795
한국투자금융지주(주),071050,2021/12,7214352431,45.38,31.21,68.79,30.68,505961076,0,0,0,277646669
한국항공우주산업(주),047810,2021/12,5794631718,349.68,77.76,22.24,-9.38,443749197,226730362,0,67540127,67540127
한국화장품(주),123690,2021/12,33405768,24.72,19.82,80.18,-15.57,-3415317,0,724341,-3394592,-3394592
한미반도체(주),042700,2021/12,417730227,25.31,20.2,79.8,45.36,51877652,0,0,119521543,119521543
한미사이언스(주),008930,2021/12,600639549,16.4,14.09,85.91,2.19,10672588,0,0,10693211,10693211
한미약품(주),128940,2021/12,1458248173,166.7,62.51,37.49,5.11,135502216,0,55177125,61630043,61630043
한성기업(주),003680,2021/12,199923900,348.72,77.71,22.29,-5.49,-8360394,0,0,-5790563,-5790563
한세실업(주),105630,2021/12,1041016491,118.01,54.13,45.87,-2.23,-160549224,0,0,108971951,108971951
한세엠케이(주),069640,2021/12,94591821,59.9,37.46,62.54,-9.2,7269487,0,3894044,-7979737,-7979737
한세예스24홀딩스(주),016450,2021/12,181622635,69.55,41.02,58.98,-2.91,9617053,0,666825,13045227,13045227
한솔로지스틱스(주),009180,2021/12,182346348,215.83,68.34,31.66,50.17,24534638,0,0,16777245,16777245
한솔제지(주),213500,2021/12,1808010624,158.47,61.31,38.69,9.77,114342721,600000,0,69637209,69637209
한솔테크닉스(주),004710,2021/12,498657599,106.97,51.68,48.32,-8.67,-20053190,0,0,-12602950,-12602950
한솔피엔에스(주),010420,2021/12,96874253,107.94,51.91,48.09,5.1,-11019365,0,0,4304729,4304729
한솔홀딩스(주),004150,2021/12,451662392,3.86,3.71,96.29,11.4,13708663,0,2002000,13304141,13304141
한신공영(주),004960,2021/12,1854652674,180.92,64.4,35.6,-13.89,-77796944,0,0,47144324,47144324
한신기계공업(주),011700,2021/12,101589085,14.42,12.6,87.4,6.71,1308084,0,0,5417613,5417613
한양증권(주),001750,2021/12,1633398450,277.8,73.53,26.47,83.21,-71389082,0,0,0,116239144
한온시스템(주),018880,2021/12,4701205491,310.7,75.65,24.35,6.75,335352012,0,0,42988278,42988278
한올바이오파마(주),009420,2021/12,198274030,21.32,17.57,82.43,14.66,829935,0,0,10159790,10159790
한일시멘트(주),300720,2021/12,1879190133,48.07,32.47,67.53,7.87,89001832,0,0,87550492,87550492
한일철강(주),002220,2021/12,328204089,89.34,47.19,52.81,59.87,-3068013,0,0,29323041,29323041
한일현대시멘트(주),006390,2021/12,596793705,84.08,45.68,54.32,18.76,32558935,495731,0,35949198,35949198
한일홀딩스(주),003300,2021/12,1071747971,45.92,31.47,68.53,86.15,31656758,0,1254962,22986829,22986829
한전산업개발(주),130660,2021/12,158991440,92.53,48.06,51.94,-2.88,16726700,0,0,14698185,14698185
한전케이피에스(주),051600,2021/12,1420704555,28.1,21.93,78.07,5.89,133160131,11648292,1913059,124062282,124062282
한화생명보험(주),088350,2021/12,129504952098,1170.96,92.13,7.87,-2.85,4543434643,0,0,,243402314
한화손해보험(주),000370,2021/12,20189421459,1260.45,92.65,7.35,-0.71,1315867144,0,0,,200417847
한화솔루션(주),009830,2021/12,15310059703,95.22,48.77,51.23,29.36,629439549,0,0,558108484,558108484
한화시스템(주),272210,2021/12,3914612903,72.49,42.03,57.97,28.04,340510248,0,0,135721250,135721250
한화에어로스페이스(주),012450,2021/12,5140204463,145.84,59.32,40.68,15.55,322192636,0,0,-17754959,-17754959
한화투자증권(주),003530,2021/12,10989358820,490.61,83.07,16.93,-31.23,-856341358,0,0,0,202640629
해성디에스(주),195870,2021/12,477505807,61.2,37.97,62.03,42.86,57332582,0,0,87272195,87272195
해태제과식품(주),101530,2021/12,610932884,141.62,58.61,41.39,-2.29,58876415,0,0,24769395,24769395
핸즈코퍼레이션(주),143210,2021/12,572108184,155.04,60.79,39.21,-11.89,-85191905,0,45769,-31158356,-31158356
현대건설(주),000720,2021/12,13291471000,121.31,54.81,45.19,9.94,1120177000,0,0,305119000,305119000
현대글로비스(주),086280,2021/12,10057010595,109.01,52.15,47.85,36.12,959004449,0,0,894567706,894567706
현대로템(주),064350,2021/12,4034258239,228.86,69.59,30.41,5.1,23203837,0,0,176070044,176070044
현대모비스(주),012330,2021/12,32576208000,32.54,24.55,75.45,19.06,2281937000,0,62818000,1358350000,1358350000
현대비앤지스틸(주),004560,2021/12,764489160,53.89,35.02,64.98,25.73,18360990,0,0,88948818,88948818
현대약품(주),004310,2021/11,163857417,89.21,47.15,52.85,5.14,5132209,8088955,7719575,-1571885,-1571885
현대엘리베이터(주),017800,2021/12,2277955402,98.58,49.64,50.36,3.53,135766941,0,0,116248583,116248583
현대오토에버(주),307950,2021/12,2161447198,63.94,39,61,40.91,155931370,0,0,78675602,78675602
현대위아(주),011210,2021/12,5752505000,83.65,45.55,54.45,14.33,169826000,0,0,134022000,134022000
현대자동차(주),005380,2021/12,79758300000,51.42,33.96,66.04,9.76,5664421000,0,0,661623000,661623000
현대제철(주),004020,2021/12,34181265225,92.39,48.02,51.98,28.41,1636437625,0,0,2299799233,2299799233
현대차증권(주),001500,2021/12,7965488000,587.14,85.45,14.55,1.49,772626000,0,0,0,155451000
현대코퍼레이션(주),011760,2021/12,1185688081,230.31,69.73,30.27,38.23,-302553846,0,0,8454681,8454681
현대코퍼레이션홀딩스(주),227840,2021/12,236403617,19.65,16.42,83.58,-14.36,13684122,0,0,10991622,10991622
현대해상화재보험(주),001450,2021/12,52290861260,969.47,90.65,9.35,6.46,1113835441,0,0,,631260001
호전실업(주),111110,2021/12,207693485,90.86,47.61,52.39,22.89,23855604,0,0,15759031,15759031
화성산업(주),002460,2021/12,656275399,57.49,36.5,63.5,0.71,129746904,0,0,30078205,30078205
화천기계(주),010660,2021/12,155922672,23.93,19.31,80.69,28.58,13814613,0,0,1260420,1260420
화천기공(주),000850,2021/12,384068900,34.35,25.57,74.43,33.32,2507682,0,74030,3475807,3475807
환인제약(주),016580,2021/12,352859068,11.33,10.17,89.83,3.42,37080430,0,0,33416869,33416869
효성아이티엑스(주),094280,2021/12,240707389,134.34,57.33,42.67,-1.22,32278742,0,3992791,20268453,20268453
효성중공업(주),298040,2021/12,3034354453,199.25,66.58,33.42,-5.96,106507805,0,0,124965705,124965705
효성첨단소재(주),298050,2021/12,1283179606,128.37,56.21,43.79,33.32,142854076,0,0,78620942,78620942
효성티앤씨(주),298020,2021/12,1613878766,113.5,53.16,46.84,45.1,204461363,0,0,324117169,324117169
효성화학(주),298000,2021/12,1641976838,173.54,63.44,36.56,28.33,290589851,0,0,190894577,190894577
흥국화재해상보험(주),000540,2021/12,13762260000,1892.66,94.98,5.02,0.48,389598000,0,0,,77138000
흥아해운(주),003280,2021/12,247989912,129.31,56.39,43.61,-4.37,-2537073,0,0,-1851887,-1851887
