,업종명,총자산규모(Size),부채비율(DEB),자기자본비율(DEB),매출액증가율,평가연도,현금흐름(CF),PBR,ESG,E,S,G,배당지급(DV)
AJ네트웍스,서비스업,2575139461000.0,423.61,19.1,-26.16,2018,-0.220264602707475,1.1099999999999999,B이하,C,B이하,B이하,4682000000.0
BNK금융지주,기타금융,98793581957000.0,1072.63,8.53,4.88,2018,3.4716644171058046,0.645,B+,B+ 이하,B+,B이하,97776000000.0
CS홀딩스,기타금융,304418193000.0,10.8,90.26,1.32,2018,3.3562306425041184,0.585,B이하,B,B이하,B이하,574000000.0
DB금융투자,증권,7043191614000.0,825.68,10.8,-6.72,2018,0.2328262925494652,0.31,B이하,B+ 이하,B이하,B이하,10357000000.0
DB손해보험,보험,50929102340000.0,862.24,10.39,-2.24,2018,0.01643457207577449,0.99,B+,B+ 이하,A,A,126597000000.0
DB하이텍,전기전자,1066533840000.0,91.0,52.36,-1.54,2018,0.2694594242460917,1.36,B+,B,B+,B+,10857000000.0
JB금융지주,기타금융,46779843000000.0,1252.68,7.39,6.85,2018,4.284132146185726,0.515,B+,B+ 이하,A,B이하,34982000000.0
KISCO홀딩스,기타금융,1545159970000.0,20.81,82.78,7.66,2018,5.822312406015038,0.29000000000000004,B이하,B+,B이하,B이하,4283000000.0
LG이노텍,전기전자,5756067241000.0,171.74,36.8,4.46,2018,0.13964609344745732,1.865,A,B+,A+,A,7099000000.0
MH에탄올,음식료품,440177523000.0,380.62,20.81,40.05,2018,-0.24007134184010395,0.645,B이하,C,B이하,B이하,2348000000.0
OCI,화학,5659590446000.0,62.05,61.71,-14.3,2018,0.29719467651878245,0.9650000000000001,A,B+,A+,A,20272000000.0
SH에너지화학,화학,122434685000.0,16.17,86.08,-2.4,2018,0.02878382101541883,1.48,B이하,B+,B이하,B이하,2549000000.0
SIMPAC,기계,681750819000.0,56.71,63.81,32.74,2018,0.1389559107950488,0.26,B이하,B,B이하,B이하,3633000000.0
SK이노베이션,기타금융,36085384070000.0,86.7,53.56,17.83,2018,0.46961240873393206,1.635,A,A,A+,B+,564616000000.0
STX,유통업,554061000000.0,765.34,11.56,-16.68,2018,-0.03617893209212792,7.654999999999999,B이하,B,B이하,B이하,0.0
STX엔진,기계,864147954000.0,290.63,25.6,22.8,2018,-0.10446776713322636,1.3499999999999999,B이하,B,B이하,B+,0.0
가온전선,전기전자,526494275000.0,102.18,49.46,0.44,2018,0.03672707376869465,0.415,B+,B,B+,B+,2356000000.0
강남제비스코,화학,657866050000.0,19.71,83.53,2.33,2018,0.039659210546627764,0.58,B이하,B,B이하,B이하,3575000000.0
강원랜드,서비스업,4231241354000.0,17.97,84.77,-10.37,2018,0.25341786103749053,1.87,B+,B+,B+,A,182465000000.0
갤럭시아에스엠,서비스업,33253331000.0,25.62,79.61,-40.83,2018,-0.1275473899228325,2.515,B이하,C,B이하,B이하,0.0
경농,화학,357260541000.0,77.34,56.39,2.96,2018,0.07254456732117333,1.325,B이하,C,B이하,B이하,4466000000.0
경동나비엔,전기전자,583595818000.0,108.35,48.0,6.15,2018,-0.023114482783169216,3.0149999999999997,B+,B,A,B+,3156000000.0
경동인베스트,기타금융,592002536000.0,48.79,67.21,17.21,2018,1.6772350891301435,0.425,B이하,C,B이하,B이하,1137000000.0
경방,섬유의복,1301792841000.0,83.67,54.45,-2.59,2018,0.043334095347295626,0.52,B이하,C,B이하,B이하,3371000000.0
경보제약,의약품,221622993000.0,48.73,67.24,5.05,2018,-0.005652808129370629,2.24,B이하,B,B이하,B이하,4781000000.0
경인양행,화학,412996589000.0,84.57,54.18,10.37,2018,0.008413816643387423,1.28,B이하,C,B이하,B이하,2008000000.0
경인전자,전기전자,57418578000.0,5.08,95.17,-16.13,2018,-0.023211513913709472,1.015,B이하,C,B이하,B이하,334000000.0
계양전기,기계,273358875000.0,49.65,66.82,7.4,2018,-0.008407466072307423,0.85,B이하,B,B이하,B이하,2047000000.0
고려산업,음식료품,213622767000.0,131.22,43.25,-9.22,2018,-0.037884471728851274,0.9,B이하,B,B이하,B이하,740000000.0
고려아연,철강금속,7225894144000.0,13.36,88.22,4.35,2018,0.16070429857565607,1.4849999999999999,B이하,C,B+,B+,194417000000.0
고려제강,철강금속,2387466225000.0,63.85,61.03,1.73,2018,0.26552752822818004,0.525,B이하,C,B+,B+,6998000000.0
광동제약,의약품,732056804000.0,69.91,58.85,3.39,2018,0.0761700584439618,1.105,B이하,B,B+,B이하,3214000000.0
광명전기,전기전자,151823119000.0,53.75,65.04,12.36,2018,-0.039359391438886025,1.9500000000000002,B이하,D,B이하,B이하,0.0
광전자,전기전자,262117704000.0,16.81,85.61,-0.26,2018,0.07295083443739395,0.715,B이하,B,B이하,B이하,2618000000.0
광주신세계,유통업,696204982000.0,12.17,89.15,-35.5,2018,0.3983977871950182,0.535,B이하,B+,B이하,B이하,4800000000.0
교보증권,증권,7341195592000.0,732.87,12.01,15.11,2018,0.11126537891736978,0.435,B이하,B+ 이하,B이하,B이하,12217000000.0
국도화학,화학,854418441000.0,71.0,58.48,19.02,2018,-0.014559162091583165,0.77,B이하,C,B이하,B+,8349000000.0
국동,유통업,123134702000.0,154.02,39.37,14.59,2018,-0.028832755898605386,1.23,B이하,B,B이하,B이하,0.0
국보,운수창고업,48188113000.0,259.29,27.83,-8.57,2018,-0.09081364111758554,6.92,B이하,C,B이하,B이하,0.0
국제약품,의약품,126234896000.0,83.75,54.42,-12.67,2018,0.12462923663045011,1.6400000000000001,B이하,B,B이하,B이하,859000000.0
그린케미칼,화학,189074022000.0,76.31,56.72,0.18,2018,0.05878589417681271,0.9099999999999999,B이하,B,B이하,B+,2156000000.0
극동유화,화학,280142460000.0,75.17,57.09,69.54,2018,0.014972320983992756,0.87,B이하,B,B이하,B이하,5387000000.0
금강공업,철강금속,852848677000.0,140.76,41.54,-7.39,2018,0.055848888345334004,0.5549999999999999,B이하,C,B이하,B이하,2242000000.0
금양,화학,204777156000.0,157.72,38.8,13.9,2018,0.11449710567261795,2.37,B이하,C,B이하,B이하,3057000000.0
금호에이치티,운수장비,238380056000.0,90.93,52.38,16.44,2018,0.007765675033025099,0.54,B이하,C,B이하,B이하,0.0
금호전기,전기전자,170295317000.0,390.87,20.37,-77.18,2018,-0.03363328546945204,1.42,B이하,C,B이하,B이하,0.0
금호타이어,화학,4221394926000.0,214.62,31.78,-11.05,2018,0.04956493425724722,1.075,B+,B+,B+,B+,0.0
까뮤이앤씨,건설업,142240175000.0,138.81,41.87,-32.46,2018,-0.05853629070397345,0.675,B이하,B,B이하,B이하,665000000.0
깨끗한나라,종이목재,599409867000.0,243.17,29.14,-5.09,2018,-0.03602391420464297,1.285,B이하,B,B이하,B+,0.0
남광토건,건설업,148906647000.0,203.19,32.98,35.95,2018,0.031812887709721134,4.6049999999999995,B이하,B,B이하,B이하,0.0
남선알미늄,철강금속,303023071000.0,79.6,55.68,0.0,2018,0.06960049448732876,1.425,B이하,C,B이하,B이하,0.0
남성,유통업,205083689000.0,147.78,40.36,-9.5,2018,0.015402216806854807,0.755,B이하,C,B이하,B이하,315000000.0
남양유업,음식료품,1052659644000.0,18.43,84.44,-7.47,2018,0.03974791373437577,0.6599999999999999,B이하,C,B이하,B이하,855000000.0
남해화학,화학,547908234000.0,29.01,77.51,10.72,2018,0.006428796163301106,1.88,B이하,C,B이하,B+,2397000000.0
넥센,기타금융,3825103267000.0,103.16,49.22,333.09,2018,0.3968223533852848,0.66,B이하,B,B이하,B+,4226000000.0
넥센타이어,화학,3242285269000.0,127.02,44.05,0.98,2018,0.09917026643554024,0.7749999999999999,B이하,B,B이하,B+,10299000000.0
노루페인트,화학,607444943000.0,97.35,50.67,11.48,2018,0.02603339154264608,0.74,B이하,B,B이하,B이하,5118000000.0
노루홀딩스,기타금융,987142342000.0,75.81,56.88,8.39,2018,0.22854405387950918,0.64,B이하,B,B이하,B이하,4690000000.0
녹십자,의약품,1723409866000.0,53.03,65.35,3.65,2018,0.012624781522713315,2.31,B+,B,B+,B+,11413000000.0
녹십자홀딩스,서비스업,2628599972000.0,80.89,55.28,5.68,2018,0.26872333028754175,2.81,B이하,C,B+,B이하,11352000000.0
농심,음식료품,2532286535000.0,33.44,74.94,1.28,2018,0.07905672796092612,0.9349999999999999,B이하,C,B+,B+,23131000000.0
농심홀딩스,기타금융,1194827993000.0,33.37,74.98,9.39,2018,0.8590347111086585,0.785,B이하,C,B이하,B이하,9276000000.0
다스코,기계,212416938000.0,67.65,59.65,7.89,2018,0.10529814279887119,1.255,B이하,B+,B이하,B이하,3054000000.0
다우기술,서비스업,19345653730000.0,692.67,12.62,63.56,2018,-7.496569405364359,2.02,B이하,C,B+,B이하,0.0
대교,서비스업,830328382000.0,34.61,74.29,-6.04,2018,0.09097300047909691,1.31,B이하,B+,B이하,B이하,9771000000.0
대구백화점,유통업,700202374000.0,125.96,44.26,26.65,2018,-0.27916490157869467,0.355,B이하,B+,B이하,B이하,1159000000.0
대림통상,기계,199273221000.0,86.71,53.56,2.03,2018,-0.06288361221808389,0.6,B이하,B,B이하,B이하,2284000000.0
대상,음식료품,2198994807000.0,136.78,42.23,-0.41,2018,0.05436786715469757,1.04,B이하,B,B+,B이하,19824000000.0
대상홀딩스,기타금융,2629588765000.0,140.19,41.63,0.42,2018,6.970422541404075,0.8400000000000001,B이하,B,B이하,B이하,7063000000.0
대성산업,유통업,1092773443000.0,142.1,41.3,5.01,2018,-0.05980192412800094,0.5700000000000001,B이하,C,B이하,B이하,0.0
대성에너지,전기가스업,653850642000.0,116.51,46.19,0.0,2018,0.06511362188407885,0.5349999999999999,B이하,C,B이하,B이하,6875000000.0
대성홀딩스,서비스업,1117337450000.0,109.78,47.67,0.74,2018,2.4236419052532026,0.515,B이하,B+,B이하,B이하,4022000000.0
대신증권,증권,19151314244000.0,857.14,10.45,-27.94,2018,-0.7145616093326269,0.7150000000000001,B이하,B+ 이하,B+,B이하,45530000000.0
대양금속,철강금속,92308411000.0,191.42,34.31,-4.53,2018,0.05429818109110298,5.115,B이하,B,B이하,B+,0.0
대영포장,종이목재,218730444000.0,55.85,64.16,-3.85,2018,0.05430292577743562,0.795,B이하,C,B이하,B이하,0.0
대우건설,건설업,8733846010000.0,276.83,26.54,-9.87,2018,0.01726575809616671,1.13,A,B+,A+,A,0.0
대우조선해양,운수장비,11918521521000.0,210.36,32.22,-13.13,2018,0.07553741672056559,0.7550000000000001,B이하,B+,B이하,B+,0.0
대웅,기타금융,1592170452000.0,65.11,60.57,9.55,2018,0.9476643556706413,3.5,B이하,C,B이하,B이하,4318000000.0
대웅제약,의약품,1207846352000.0,98.72,50.32,7.41,2018,0.05034282507456106,4.52,B이하,C,B+,B이하,6193000000.0
대원강업,운수장비,1085767330000.0,90.25,52.56,-3.19,2018,0.16896611619398735,0.69,B+,B,B+,B+,7130000000.0
대원전선,전기전자,191535435000.0,135.33,42.49,-14.96,2018,-0.02577912255587498,1.955,B이하,C,B이하,B이하,0.0
대원제약,의약품,275438692000.0,50.35,66.51,7.98,2018,0.141165012835703,2.35,B이하,B+,B+,B이하,4889000000.0
대원화성,화학,124822514000.0,70.38,58.69,-3.17,2018,0.06214998416647817,1.205,B이하,C,B이하,B+,0.0
대유에이텍,운수장비,889580574000.0,422.25,19.15,3.23,2018,0.07107431325002198,1.3699999999999999,B이하,C,B이하,B이하,0.0
대유플러스,전기전자,1000928259000.0,625.47,13.78,9.98,2018,0.8545901031287728,1.035,B이하,C,B이하,B이하,0.0
대창,철강금속,569961204000.0,164.19,37.85,-3.26,2018,0.06347500281388005,0.625,B이하,B,B이하,B+,2307000000.0
대창단조,운수장비,229017785000.0,26.29,79.19,24.4,2018,-0.01208829218966389,0.66,B이하,B,B이하,B+,1993000000.0
대한방직,섬유의복,267468485000.0,51.28,66.1,0.21,2018,-0.09089212426973065,1.345,B이하,C,B이하,B이하,1538000000.0
대한유화,화학,1983913415000.0,16.63,85.74,43.53,2018,0.13816993293675278,0.99,B이하,C,B이하,B이하,24704000000.0
대한전선,전기전자,1172944859000.0,264.36,27.45,3.86,2018,0.009389048048873017,4.02,B이하,B,B이하,B+,0.0
대한제강,철강금속,657105860000.0,51.09,66.19,-7.57,2018,-0.016229237879477935,0.53,B이하,B,B이하,B+,3372000000.0
대한제당,음식료품,1135447475000.0,151.22,39.81,-5.06,2018,0.011410955756503364,0.49,B이하,B,B이하,B이하,4989000000.0
대한제분,음식료품,919690199000.0,22.79,81.44,6.63,2018,0.04140685864852376,0.485,B이하,C,B이하,B이하,4113000000.0
대한항공,운수창고업,25574772722000.0,783.45,11.32,7.6,2018,0.2208161831410393,1.2,B이하,B,B이하,B+,24044000000.0
대한해운,운수창고업,2932927976000.0,276.27,26.58,-17.69,2018,0.3282850479099331,1.0899999999999999,B이하,C,B이하,B이하,0.0
대한화섬,화학,583452286000.0,17.05,85.43,-2.87,2018,0.0342604564326915,0.35,B이하,B,B이하,B이하,842000000.0
대현,섬유의복,258971501000.0,39.5,71.68,0.92,2018,0.05892555079003618,0.58,B이하,B,B이하,B이하,3543000000.0
대호에이엘,철강금속,88671126000.0,203.41,32.96,4.82,2018,0.05020559470134656,4.685,B이하,C,B이하,B+,0.0
더존비즈온,서비스업,278701440000.0,53.0,65.36,10.37,2018,0.2785182100577791,9.805,B이하,B,B이하,B이하,13074000000.0
덕성,화학,100557111000.0,60.01,62.5,-16.84,2018,-0.00626530535640554,1.06,B이하,C,B이하,B이하,317000000.0
덕양산업,운수장비,526312201000.0,580.77,14.69,23.48,2018,0.04127975976570669,0.9949999999999999,B이하,C,B이하,B이하,0.0
도화엔지니어링,서비스업,375922304000.0,51.13,66.17,0.88,2018,0.0715317615392284,1.115,B+,B+,B이하,B이하,7373000000.0
동국제강,철강금속,5730222157000.0,181.97,35.47,-1.4,2018,0.04276541395596444,0.4,B이하,B,B이하,B+,0.0
동남합성,화학,90617452000.0,47.32,67.88,1.33,2018,0.11750567614725671,1.405,B이하,C,B이하,B이하,3963000000.0
동방,운수창고업,554091662000.0,325.61,23.5,4.01,2018,0.060099325701542305,0.7,B이하,C,B이하,B이하,236000000.0
동방아그로,화학,185736751000.0,39.65,71.61,0.72,2018,0.021977897667942916,0.895,B이하,C,B이하,B이하,2901000000.0
동서,유통업,1432202480000.0,11.01,90.09,0.79,2018,0.19262981080933694,1.9250000000000003,B이하,B,B이하,B이하,69071000000.0
동성제약,의약품,140196083000.0,143.89,41.0,11.56,2018,0.015158562988913429,11.854999999999999,B이하,C,B이하,B이하,0.0
동아쏘시오홀딩스,기타금융,1241932782000.0,68.8,59.24,2.5,2018,0.8206139212899777,1.455,B이하,C,B+,B이하,6138000000.0
동아에스티,의약품,948673011000.0,63.74,61.07,2.24,2018,0.08838559040418019,1.635,B이하,B,A,B이하,8438000000.0
동아지질,건설업,284762190000.0,62.94,61.37,6.18,2018,0.148272899144522,1.33,B이하,B,B이하,B이하,2260000000.0
동양,비금속광물,977551540000.0,17.2,85.33,9.66,2018,0.06629301485324901,0.55,B이하,B,B이하,B이하,10259000000.0
동양고속,운수창고업,195948851000.0,73.9,57.51,-6.77,2018,0.05964647465472643,0.8049999999999999,B이하,B,B이하,B이하,1378000000.0
동양철관,철강금속,163635516000.0,106.97,48.32,10.1,2018,0.011311639846743295,2.95,B이하,D,B이하,B이하,0.0
동원산업,"농업, 임업 및 어업",2592198631000.0,166.25,37.56,2.67,2018,0.05725810389390556,1.355,B이하,C,B이하,B이하,10090000000.0
동원수산,"농업, 임업 및 어업",95398557000.0,112.89,46.97,-12.17,2018,0.003819523780275577,1.115,B이하,B,B이하,B이하,0.0
동원시스템즈,화학,1124057800000.0,109.51,47.73,-20.02,2018,0.14336834069354817,2.8549999999999995,B이하,C,B+,B이하,12857000000.0
동일고무벨트,화학,284848797000.0,52.25,65.68,1.22,2018,0.03652812923105654,0.515,B이하,C,B이하,B이하,1345000000.0
동일산업,철강금속,409723954000.0,15.44,86.63,3.16,2018,0.00623375444339309,0.48,B이하,C,B이하,B+,3278000000.0
동일제강,철강금속,150230846000.0,14.77,87.13,15.29,2018,0.0033693287643620238,0.485,B이하,B,B이하,B이하,0.0
동화약품,의약품,370599243000.0,24.61,80.25,0.0,2018,-0.014220597971970268,1.0150000000000001,B이하,B,B+,B이하,3313000000.0
두산,서비스업,28880281620000.0,304.2,24.74,3.34,2018,0.3500344745377562,1.345,A+,A,A+,A+,25742000000.0
두산밥캣,기타금융,6446324312000.0,72.38,58.01,17.16,2018,30.33586942189422,1.1949999999999998,B이하,A,B이하,B이하,50125000000.0
두올,운수장비,346631230000.0,111.41,47.3,40.02,2018,0.18587464992342448,1.26,B이하,B,B이하,B이하,2599000000.0
디씨엠,철강금속,187862926000.0,15.37,86.68,-8.64,2018,0.11572837072797999,1.005,B이하,B,B이하,B이하,2333000000.0
디아이,의료정밀,210488936000.0,47.92,67.6,28.8,2018,0.11389713179833268,1.415,B이하,B,B이하,B이하,1434000000.0
디아이씨,운수장비,810320832000.0,334.34,23.02,-7.07,2018,0.09216131275665651,1.185,B이하,C,B이하,B이하,1113000000.0
디와이,기타금융,742531917000.0,66.55,60.04,8.35,2018,0.49404728600089165,0.765,B이하,B,B이하,B이하,3807000000.0
디와이파워,기계,258539786000.0,72.15,58.09,18.87,2018,0.09344467742256352,1.42,B이하,B,B이하,B이하,2207000000.0
락앤락,화학,739351255000.0,11.93,89.34,4.06,2018,0.36071599303727603,2.095,B이하,B+,B이하,B이하,4335000000.0
롯데관광개발,서비스업,506790646000.0,80.38,55.44,8.23,2018,0.028765633534544335,2.895,B이하,B,B이하,B이하,0.0
롯데손해보험,보험,14214988799000.0,2423.35,3.96,6.23,2018,0.11991096957680815,0.76,A,A,A+,B이하,0.0
롯데쇼핑,유통업,26259308858000.0,111.3,47.33,-1.98,2018,0.016958170594261694,0.56,A,B+,A+,A,147007000000.0
롯데정밀화학,화학,1700030433000.0,23.38,81.05,18.3,2018,0.1993850218122924,1.2349999999999999,A,B+,A+,A,43299000000.0
롯데지주,기타금융,27618347496000.0,227.49,30.54,206.02,2018,-3.143889142009584,1.225,C,B+,C,C,57246000000.0
롯데케미칼,화학,20799138833000.0,53.56,65.12,4.22,2018,0.136269066430152,1.12,A,A,A+,B+,359892000000.0
롯데하이마트,유통업,3117063800000.0,51.18,66.15,0.33,2018,0.017387584196963634,0.75,A,A,A+,B이하,40133000000.0
마니커,음식료품,193296432000.0,86.92,53.5,5.67,2018,0.014146691811223166,1.445,B이하,C,B이하,B이하,0.0
메리츠금융지주,기타금융,52205220231000.0,857.08,10.45,27.54,2018,-20.8155564607806,1.785,B+,A,B이하,B이하,64784000000.0
메타랩스,섬유의복,107107244000.0,46.23,68.39,76.56,2018,-0.37233363925929924,2.595,B이하,C,B이하,B이하,0.0
명문제약,의약품,243065788000.0,161.18,38.29,5.25,2018,0.07976000559362327,2.2199999999999998,B이하,B,B+,B이하,0.0
모나리자,종이목재,77510035000.0,20.14,83.24,-3.69,2018,0.017603639709460238,2.21,B이하,C,B이하,B이하,1828000000.0
모나미,유통업,170574793000.0,129.1,43.65,-1.79,2018,0.07290124044382307,1.085,B이하,B,B이하,B이하,1278000000.0
모토닉,운수장비,434168419000.0,9.87,91.01,-7.7,2018,0.11623471852718953,0.825,B이하,B,B이하,B이하,6625000000.0
무림페이퍼,종이목재,2014259668000.0,201.74,33.14,7.2,2018,0.17707444446285647,0.44000000000000006,B이하,B,B이하,B+,2080000000.0
무학,음식료품,618969273000.0,22.22,81.82,-22.67,2018,-0.09957487805702313,0.9199999999999999,B이하,B,B이하,B이하,9865000000.0
문배철강,철강금속,151748565000.0,37.94,72.49,2.16,2018,0.0624682947944243,0.8099999999999999,B이하,B,B이하,B이하,980000000.0
미래산업,의료정밀,68651324000.0,44.23,69.34,0.06,2018,-0.0461187257234049,3.07,B이하,B,B이하,B이하,0.0
미래아이앤지,서비스업,57570343000.0,4.42,95.77,-16.37,2018,-0.46984769135419896,1.09,B이하,C,B이하,B이하,0.0
미원상사,화학,245546856000.0,24.21,80.51,3.14,2018,0.17744330684741644,1.065,B이하,B+,B이하,B이하,2325000000.0
미원홀딩스,기타금융,222015479000.0,68.11,59.49,20.76,2018,2.238976917349218,0.95,B이하,B,B이하,B이하,933000000.0
미원화학,화학,97808459000.0,8.87,91.85,-3.03,2018,0.09078318599173976,1.26,B이하,C,B이하,B이하,2010000000.0
백광산업,화학,297711550000.0,93.42,51.7,21.04,2018,0.19979730807804522,0.935,B이하,C,B이하,B+,2148000000.0
백산,화학,294732636000.0,113.43,46.85,52.87,2018,-0.041653068358498635,1.14,B이하,C,B이하,B이하,2366000000.0
범양건영,건설업,118354421000.0,136.0,42.37,13.75,2018,0.15248711353909136,1.5150000000000001,B이하,C,B이하,B이하,0.0
벽산,비금속광물,474553687000.0,60.48,62.31,4.27,2018,-0.018468496056405354,0.98,B이하,C,B이하,B+,873000000.0
보락,화학,53313420000.0,21.83,82.08,0.92,2018,0.10002108817344431,4.045,B이하,B,B이하,B이하,300000000.0
보해양조,음식료품,200457249000.0,188.89,34.61,-17.64,2018,-0.02517239050624363,2.3,B이하,B,B이하,B이하,0.0
부광약품,의약품,493615375000.0,19.39,83.76,28.84,2018,0.035403765451334786,3.26,B이하,B,B이하,B이하,17105000000.0
부국증권,증권,1435051166000.0,208.7,32.39,10.75,2018,0.0007880944927317696,0.805,B이하,B+ 이하,B이하,B이하,10832000000.0
부국철강,철강금속,123795692000.0,10.24,90.71,-2.58,2018,0.024542103081775585,0.605,B이하,B,B이하,B이하,1500000000.0
부산산업,비금속광물,133607586000.0,87.01,53.47,1.37,2018,0.2851315789473684,3.94,B이하,C,B이하,B이하,0.0
부산주공,운수장비,305453048000.0,438.58,18.57,6.89,2018,-0.041807009797428234,0.725,B이하,C,B이하,B이하,0.0
비상교육,서비스업,254277215000.0,22.92,81.35,11.18,2018,0.12438383134295448,0.7999999999999999,B이하,B,B이하,B이하,2448000000.0
빙그레,음식료품,653929093000.0,19.97,83.35,-0.27,2018,0.08660024529951954,1.32,B+,B+,A,B+,11936000000.0
사조대림,음식료품,720876010000.0,127.9,43.88,-5.1,2018,0.017597241942518816,0.785,B이하,C,B이하,B이하,895000000.0
사조동아원,음식료품,468191705000.0,164.29,37.84,6.93,2018,0.07033183809236668,1.105,B이하,B,B이하,B이하,0.0
사조산업,"농업, 임업 및 어업",1175998145000.0,130.67,43.35,-4.16,2018,0.042622047509435525,1.095,B이하,C,B이하,B이하,1236000000.0
사조씨푸드,음식료품,380269455000.0,73.1,57.77,5.0,2018,0.009099129497616631,0.515,B이하,B,B이하,B이하,1205000000.0
사조오양,음식료품,308290136000.0,98.0,50.51,-4.53,2018,0.02719673066663065,0.74,B이하,B,B이하,B이하,471000000.0
삼성SDI,전기전자,19349721184000.0,58.28,63.18,44.87,2018,0.03183249441272647,1.45,A,B+,A,A,66945000000.0
삼성공조,운수장비,260167988000.0,21.64,82.21,-11.88,2018,0.022014738162433364,0.42500000000000004,B이하,B,B이하,B이하,642000000.0
삼성물산,유통업,42406651758000.0,88.06,53.17,6.41,2018,0.08056286911458484,1.275,A+,A,A+,A+,329937000000.0
삼성바이오로직스,의약품,5980408648000.0,43.92,69.48,15.32,2018,-0.060501985793365506,7.05,B+,B,A,B이하,0.0
삼성에스디에스,서비스업,8013849391000.0,30.34,76.72,7.9,2018,0.23536544591969893,3.61,B+,B+,A,B+,154700000000.0
삼성엔지니어링,서비스업,4619648610000.0,362.96,21.6,-0.84,2018,0.10463232338058472,4.35,A,A,A+,A,0.0
삼성전기,전기전자,8644914206000.0,74.77,57.22,19.81,2018,0.27431193914931173,2.64,A,A,A+,A,75690000000.0
삼성전자,전기전자,339357244000000.0,36.97,73.01,1.75,2018,0.39342133643679345,1.1949999999999998,A,B+,A,A,2405428000000.0
삼성제약,의약품,160646664000.0,22.01,81.96,10.89,2018,-0.1519546969308569,1.65,B이하,C,B이하,B이하,0.0
삼성중공업,운수장비,14282891986000.0,111.72,47.23,-33.36,2018,0.03434737572098884,0.6799999999999999,B+,B,B이하,A,0.0
삼성증권,증권,38330643979000.0,722.17,12.16,9.02,2018,-0.31647836388330497,0.7150000000000001,B+,B+ 이하,A,B이하,125020000000.0
삼성출판사,서비스업,190739722000.0,64.55,60.77,5.37,2018,0.2047329182128855,2.115,B이하,B,B이하,B이하,1000000000.0
삼성카드,기타금융,23042118821000.0,240.29,29.39,-13.99,2018,-0.12389661481399979,0.6499999999999999,B이하,B+ 이하,B이하,B이하,170818000000.0
삼아알미늄,철강금속,196741659000.0,86.2,53.7,0.0,2018,0.041074465110705775,0.52,B이하,B,B이하,B이하,1100000000.0
삼양사,음식료품,2173866563000.0,71.72,58.24,4.05,2018,0.0410437544717243,0.84,B+,B,B+,B+,15040000000.0
삼양식품,음식료품,412138323000.0,75.81,56.88,2.37,2018,0.08184765790783297,2.9050000000000002,B이하,D,B이하,B이하,3013000000.0
삼양통상,기타제조업,327534347000.0,11.85,89.41,7.39,2018,0.2336549433351027,0.45,B이하,C,B이하,B+,2219000000.0
삼양홀딩스,기타금융,3313797255000.0,65.53,60.41,6.98,2018,1.0530121121639355,0.75,B이하,B,B+,B이하,15488000000.0
삼영무역,유통업,386497292000.0,15.54,86.55,3.8,2018,0.033349477067381894,0.965,B이하,C,B이하,B이하,5456000000.0
삼원강재,운수장비,253757378000.0,23.99,80.65,3.84,2018,0.03667748751708556,0.595,B이하,B,B이하,B+,4600000000.0
삼익악기,기타제조업,594358054000.0,181.05,35.58,-8.52,2018,-0.1552418524164641,1.1400000000000001,B이하,C,B이하,B이하,4177000000.0
삼일제약,의약품,147948619000.0,163.8,37.91,2.78,2018,-0.027847824008667848,3.675,B이하,B,B이하,B이하,610000000.0
삼정펄프,종이목재,201823661000.0,11.91,89.36,-5.43,2018,0.013533842625706975,0.51,B이하,C,B이하,B이하,0.0
삼진제약,의약품,250271903000.0,21.89,82.04,6.01,2018,0.11569175861578282,3.6399999999999997,B이하,B,B+,B이하,9842000000.0
삼천리,전기가스업,3699411189000.0,170.36,36.99,4.95,2018,0.04932341134497991,0.35,B+,B+,B+,B+,10690000000.0
삼호개발,건설업,276893453000.0,50.43,66.47,12.4,2018,0.023527791183905446,0.805,B이하,C,B이하,B이하,3846000000.0
삼화왕관,기계,171823517000.0,23.69,80.85,3.01,2018,0.13768160447208647,0.785,B이하,B,B이하,B이하,1567000000.0
삼화전기,전기전자,128156723000.0,117.19,46.04,-1.15,2018,0.06845625319887676,5.485,B이하,B,B이하,B이하,661000000.0
상신브레이크,운수장비,429300584000.0,147.48,40.41,-1.51,2018,0.057510637004414215,0.73,B이하,B,B이하,B이하,1936000000.0
새론오토모티브,운수장비,267051610000.0,20.1,83.26,-8.66,2018,0.26866436152291107,0.64,B이하,B,B이하,B+,2880000000.0
샘표,기타금융,320918955000.0,37.71,72.62,0.39,2018,2.8820226395409496,0.855,B이하,B,B이하,B이하,444000000.0
샘표식품,음식료품,205518529000.0,56.05,64.08,0.34,2018,0.09794252450707157,1.325,B+,B,B+,B+,913000000.0
서연,기타금융,2696306676000.0,183.74,35.24,-2.08,2018,3.8361021547712792,0.39499999999999996,B이하,B,B이하,B이하,1085000000.0
서연이화,운수장비,1696230428000.0,154.45,39.3,-5.01,2018,-0.032292451369677996,0.305,B+,B+,B+,B이하,2702000000.0
서원,철강금속,220110079000.0,109.05,47.83,0.34,2018,0.015853043009170713,0.7250000000000001,B이하,B,B이하,B+,697000000.0
서흥,화학,639100630000.0,107.38,48.22,12.42,2018,0.17192864510244177,1.7149999999999999,B이하,B,B이하,B이하,3892000000.0
선도전기,전기전자,149094572000.0,77.85,56.23,-22.72,2018,0.029982874298077156,1.6350000000000002,B이하,B,B이하,B이하,357000000.0
선진,음식료품,917160519000.0,176.99,36.1,11.72,2018,-0.03502025516225967,0.96,B이하,B+,B이하,B이하,1189000000.0
성문전자,전기전자,43264101000.0,47.34,67.87,-10.28,2018,0.03961804438726278,1.855,B이하,C,B이하,B이하,3000000.0
성보화학,화학,183365495000.0,19.31,83.82,-15.16,2018,0.1659630437416697,0.85,B이하,B,B이하,B이하,4167000000.0
성신양회,비금속광물,1061390657000.0,174.35,36.45,6.32,2018,0.03294480266868958,0.825,B이하,B,B이하,B+,3279000000.0
성안,섬유의복,306490119000.0,223.14,30.95,8.4,2018,-0.33972709789089045,0.445,B이하,C,B이하,B이하,0.0
성창기업지주,서비스업,648660747000.0,32.55,75.44,-9.65,2018,-0.015430165496489468,0.71,B이하,C,B이하,B이하,0.0
세기상사,서비스업,42664004000.0,82.75,54.72,-7.95,2018,-0.030787960640555664,1.6550000000000002,B이하,B,B이하,B이하,0.0
세방,운수창고업,988929794000.0,21.22,82.49,-2.17,2018,0.04460501846355513,0.525,B이하,B+,B이하,B이하,4010000000.0
세방전지,전기전자,1267930429000.0,29.06,77.48,6.28,2018,0.12776561104682135,0.515,B이하,C,B이하,B+,6872000000.0
세아제강,철강금속,1054118541000.0,,,,2018,0.034560888214134916,,B이하,C,B이하,B+,5099000000.0
세아특수강,철강금속,500036175000.0,53.81,65.01,-0.86,2018,0.06020182444548363,0.5,B이하,B,B이하,B+,7576000000.0
세아홀딩스,기타금융,5453865784000.0,81.35,55.14,7.98,2018,2.645586687219204,0.57,B이하,C,B이하,B이하,9998000000.0
세우글로벌,유통업,43410663000.0,32.9,75.24,-11.46,2018,0.16205305432255337,1.1600000000000001,B이하,C,B이하,B이하,0.0
세종공업,운수장비,871007601000.0,141.03,41.49,6.14,2018,0.08755790744798359,0.46499999999999997,B이하,C,B이하,B이하,979000000.0
세진중공업,운수장비,368276715000.0,132.54,43.0,-13.33,2018,0.09983285993844283,1.005,B이하,B,B이하,B이하,767000000.0
세하,종이목재,178751630000.0,566.0,15.02,7.76,2018,0.0542373182579848,1.635,B이하,B,B이하,B+,0.0
셀트리온,의약품,3503108205000.0,34.98,74.08,3.48,2018,0.42324266722668014,21.405,B이하,B,B이하,B이하,2492000000.0
송원산업,화학,872544000000.0,112.2,47.13,8.81,2018,0.09418363665485091,1.41,B이하,D,B이하,B+,3840000000.0
수산중공업,기계,204937118000.0,107.03,48.3,-17.0,2018,0.029036262046724416,1.1600000000000001,B이하,B,B이하,B이하,0.0
시디즈,기타제조업,72030521000.0,186.58,34.89,1025.83,2018,0.04817647684787775,5.34,B이하,B,B이하,B이하,504000000.0
신대양제지,종이목재,746772367000.0,47.44,67.82,38.33,2018,0.4253104664060031,0.88,B이하,D,B이하,B이하,3022000000.0
신도리코,전기전자,950210537000.0,9.02,91.72,-0.09,2018,0.09439120611980484,0.685,B이하,B+,B이하,B이하,15732000000.0
신라교역,"농업, 임업 및 어업",581034541000.0,13.97,87.74,-14.0,2018,-0.009054181351465912,0.495,B이하,C,B이하,B이하,8000000000.0
신성이엔지,전기전자,413145099000.0,262.14,27.61,-57.13,2018,-0.13876715144294496,3.04,B이하,C,B이하,B이하,0.0
신세계,유통업,11101280507000.0,121.93,45.06,33.95,2018,0.19045589989691414,1.145,B+,B,A+,B+,19673000000.0
신세계건설,건설업,757077429000.0,286.96,25.84,1.86,2018,0.05868233067624363,0.6499999999999999,B+,B+,B+,B이하,3000000000.0
신세계인터내셔날,유통업,982473531000.0,80.32,55.46,14.52,2018,0.09524067889464588,2.5,B+,B+,B+,B이하,6069000000.0
신세계푸드,서비스업,624958687000.0,97.21,50.71,5.88,2018,0.023750417232142502,1.625,B이하,C,B+,B이하,2904000000.0
신송홀딩스,기타금융,205261964000.0,64.14,60.92,-44.02,2018,11.885790833333333,0.59,B이하,B,B이하,B이하,0.0
신영와코루,섬유의복,335722109000.0,8.89,91.84,-6.01,2018,0.02623092233495663,0.44,B이하,D,B이하,B이하,1350000000.0
신원,섬유의복,412251485000.0,125.34,44.38,-2.88,2018,0.00810312914462274,1.07,B이하,C,B이하,B이하,0.0
신풍제약,의약품,386718512000.0,81.35,55.14,1.29,2018,0.18109045918828529,2.515,B이하,B,B이하,B이하,0.0
신흥,유통업,132689386000.0,51.98,65.8,0.33,2018,0.01632270141007669,1.21,B이하,B+,B이하,B이하,574000000.0
쌍방울,섬유의복,380150026000.0,86.31,53.67,-7.28,2018,0.04086293926361061,0.74,B이하,C,B이하,B이하,0.0
써니전자,전기전자,54612565000.0,29.66,77.12,-0.05,2018,0.05747193805459786,2.465,B이하,B,B이하,B이하,0.0
씨아이테크,기타제조업,42991097000.0,77.3,56.4,48.6,2018,-0.04109759907909883,1.895,B이하,C,B이하,B이하,0.0
씨에스윈드,기계,606391654000.0,90.38,52.53,60.85,2018,-0.05543047425152287,2.19,B이하,B+,B이하,B이하,6190000000.0
아남전자,전기전자,139496189000.0,153.83,39.4,9.09,2018,-0.022271735513124506,5.300000000000001,B이하,C,B이하,B이하,0.0
아모레퍼시픽,화학,5371137218000.0,20.8,82.78,3.01,2018,0.1761725082783825,4.375,B+,B,A+,A,81446000000.0
아세아,서비스업,2840279787000.0,105.25,48.72,35.89,2018,12.687254869434932,0.7949999999999999,B이하,C,B이하,B이하,3328000000.0
아세아시멘트,비금속광물,1928711184000.0,145.4,40.75,82.96,2018,0.22861246778243322,0.86,B이하,C,B+,A,5842000000.0
아세아제지,종이목재,812379764000.0,52.27,65.67,6.49,2018,0.3015975518928164,0.605,B이하,C,B이하,B이하,6717000000.0
아시아나항공,운수창고업,8191104570000.0,649.29,13.35,15.36,2018,0.11562820337710476,1.27,B이하,B,B이하,B+,0.0
아이마켓코리아,유통업,1078276076000.0,144.22,40.95,-4.71,2018,0.007595815959862669,0.8500000000000001,B이하,B+,B이하,B이하,15321000000.0
아이에스동서,비금속광물,2182677489000.0,97.03,50.75,-6.4,2018,0.167909662015947,1.0,B이하,C,B이하,B이하,36982000000.0
알루코,철강금속,744332478000.0,165.13,37.72,9.77,2018,0.3197064370341106,1.4,B이하,C,B이하,B이하,1864000000.0
에넥스,기타제조업,155415491000.0,161.38,38.26,2.57,2018,-0.008268617448449818,1.685,B이하,C,B+,B이하,553000000.0
에스엘,운수장비,1709312924000.0,67.12,59.84,7.33,2018,0.07214329651494954,0.9849999999999999,B이하,C,B+,B이하,13546000000.0
에스원,서비스업,1682854294000.0,33.31,75.01,3.92,2018,0.1185853737139197,3.45,B이하,C,B이하,B이하,84526000000.0
에쓰씨엔지니어링,건설업,367044258000.0,152.68,39.58,-0.34,2018,0.25971899801796483,2.375,B이하,C,B이하,B이하,0.0
에이블씨엔씨,화학,388078221000.0,21.73,82.15,-7.44,2018,-0.12812581106452522,1.21,B이하,D,B이하,B이하,0.0
에이엔피,전기전자,153373698000.0,128.71,43.72,6.6,2018,0.007243648242794668,0.7550000000000001,B이하,C,B이하,B이하,0.0
엔씨소프트,서비스업,2941278714000.0,23.64,80.88,-2.48,2018,0.23060165447316286,4.085,B이하,B+,B이하,B이하,124584000000.0
엔케이,기계,205486074000.0,69.96,58.84,-10.97,2018,-0.09454137556896369,1.2850000000000001,B이하,C,B이하,B이하,0.0
영보화학,화학,176083758000.0,22.69,81.51,-12.58,2018,0.11769081192292252,0.665,B이하,C,B이하,B이하,1950000000.0
영원무역,유통업,2638946077000.0,58.67,63.02,4.58,2018,0.15819466250872927,1.3599999999999999,B이하,B,B이하,B이하,15353000000.0
영원무역홀딩스,기타금융,3262155793000.0,49.63,66.83,5.62,2018,14.605372104273044,1.6349999999999998,B이하,C,B이하,B이하,9284000000.0
영진약품,의약품,196114248000.0,75.72,56.91,-4.41,2018,0.00683539421379869,13.875,B이하,B,B이하,B이하,0.0
영풍,철강금속,4721553263000.0,34.62,74.28,-20.23,2018,0.08613759610263298,0.9450000000000001,B이하,B,B이하,B이하,17201000000.0
영풍제지,종이목재,138955082000.0,25.02,79.98,5.86,2018,0.23492228016543787,0.73,B이하,C,B이하,B이하,719000000.0
영화금속,운수장비,208397875000.0,199.56,33.38,25.65,2018,0.02979453661806603,1.0,B이하,B,B이하,B이하,0.0
예스코홀딩스,기타금융,1520633168000.0,135.02,42.55,-1.78,2018,-0.05365680926961318,0.46499999999999997,B이하,B,B+,B이하,6399000000.0
오뚜기,음식료품,2063478708000.0,61.76,61.82,5.67,2018,0.09390593430068712,2.5250000000000004,B+,B,A,B+,25443000000.0
오리온홀딩스,기타금융,4342134128000.0,36.69,73.16,1671.81,2018,13.323016344216809,0.745,B이하,D,B이하,B이하,21516000000.0
용평리조트,서비스업,812775928000.0,96.24,50.96,-13.49,2018,0.2899413876126524,1.04,B이하,B,B이하,B이하,3369000000.0
우신시스템,기계,300007702000.0,172.09,36.75,19.57,2018,-0.17078178208639452,1.31,B이하,C,B이하,B이하,167000000.0
우진,의료정밀,211028961000.0,61.06,62.09,-4.46,2018,0.12734200761067385,1.215,B이하,B,B이하,B이하,0.0
우진플라임,기계,287714584000.0,331.16,23.19,-25.13,2018,0.07163995897101162,0.9450000000000001,B이하,B,B이하,B이하,0.0
웅진,기타금융,759854099000.0,236.76,29.7,2.68,2018,-0.36420938164393946,1.085,B이하,B,B이하,B이하,0.0
웅진씽크빅,서비스업,653284606000.0,104.79,48.83,2.98,2018,0.06065225079341438,0.67,B이하,C,B이하,B이하,0.0
원림,섬유의복,150036326000.0,33.26,75.04,6.56,2018,-0.05078819314252385,0.765,B이하,C,B이하,B이하,0.0
웰바이오텍,유통업,111157697000.0,45.49,68.73,4.45,2018,-0.3217886063213406,1.415,B이하,C,B이하,B이하,0.0
윌비스,유통업,304848695000.0,130.79,43.33,-4.56,2018,-0.0064389451393592305,0.565,B이하,B,B이하,B이하,0.0
유니드,화학,1111856122000.0,69.64,58.95,6.77,2018,0.10429346955508402,0.7949999999999999,B이하,C,B이하,B이하,9779000000.0
유니온,비금속광물,306580016000.0,108.16,48.04,15.31,2018,-0.04660683539320604,0.75,B이하,C,B이하,B이하,1401000000.0
유니온머티리얼,비금속광물,144252759000.0,83.7,54.44,2.22,2018,-0.002066254805052169,1.28,B이하,C,B이하,B이하,1371000000.0
유니켐,기타제조업,118585016000.0,88.68,53.0,26.64,2018,-0.08636249130572242,1.745,B이하,B+,B이하,B이하,0.0
유니퀘스트,유통업,324112689000.0,69.17,59.11,9.84,2018,0.03552221122645712,1.54,B이하,B+,B이하,B이하,2676000000.0
유성기업,운수장비,375587754000.0,29.32,77.33,-2.03,2018,0.042257471507136414,0.405,B이하,B,B이하,B이하,2565000000.0
유수홀딩스,서비스업,541149251000.0,63.17,61.29,-11.35,2018,0.2867728865093529,1.19,B+,B+,B+,B이하,0.0
유안타증권,증권,11861797105000.0,897.18,10.03,5.66,2018,0.03603915278947918,0.795,B이하,B+ 이하,B이하,B이하,0.0
유엔젤,서비스업,51154130000.0,24.91,80.06,5.05,2018,0.09857194324884426,1.45,B이하,C,B이하,B이하,0.0
유유제약,의약품,135226315000.0,55.66,64.24,32.21,2018,0.08251438256266205,1.4849999999999999,B이하,B,B이하,B이하,1444000000.0
유한양행,의약품,2173812633000.0,31.61,75.98,3.87,2018,0.06202133111578042,1.895,B+,B,B+,B+,22722000000.0
유화증권,증권,624738650000.0,36.99,73.0,11.28,2018,-0.47508179520198407,0.48,B이하,B+ 이하,B이하,B이하,9506000000.0
율촌화학,화학,614211350000.0,82.69,54.74,0.0,2018,0.04282566608488498,1.375,B이하,B,B이하,B이하,12400000000.0
이건산업,종이목재,434159077000.0,140.57,41.57,13.71,2018,0.1492390580589178,1.605,B이하,C,B이하,B이하,2150000000.0
이구산업,철강금속,260653064000.0,148.93,40.17,-0.9,2018,-0.0028131076400350337,0.7150000000000001,B+,B+,B이하,B+,0.0
이노션,서비스업,1740942672000.0,134.68,42.61,8.83,2018,0.010844379363106053,2.125,B이하,B+,B+,B이하,30000000000.0
이마트,유통업,16753863685000.0,89.15,52.87,7.38,2018,0.058547188363060665,0.8600000000000001,B+,B+,B+,B+,55728000000.0
이수페타시스,전기전자,505590089000.0,184.59,35.14,5.46,2018,-0.07996021267142205,1.23,B이하,C,A,B+,2784000000.0
이수화학,화학,935654740000.0,132.51,43.01,1.56,2018,-0.03214267773342084,0.32499999999999996,B이하,C,B+,B+,5810000000.0
이스타코,서비스업,80340272000.0,133.53,42.82,-50.69,2018,-0.46223560732113145,1.24,B이하,C,B이하,B이하,0.0
이아이디,유통업,80001294000.0,8.3,92.34,43.8,2018,-0.0630113692576592,0.67,B이하,C,B이하,B이하,0.0
이연제약,의약품,303166752000.0,34.51,74.35,-2.58,2018,0.09309057646963168,1.65,B이하,B,B이하,B이하,8264000000.0
이월드,서비스업,263577737000.0,60.73,62.22,-4.14,2018,0.1723763030916781,1.285,B이하,C,B이하,B이하,0.0
이화산업,유통업,287450244000.0,57.24,63.6,5.23,2018,0.0021892695733085206,1.03,B이하,C,B이하,B이하,0.0
인디에프,섬유의복,138090885000.0,108.38,47.99,-1.73,2018,0.01714020748987854,2.1149999999999998,B이하,B,B이하,B이하,0.0
인스코비,통신업,57443802000.0,85.94,53.78,18.21,2018,0.0931373418369087,28.665,B이하,C,B이하,B+,0.0
인지컨트롤스,운수장비,455405553000.0,130.2,43.44,-6.79,2018,0.02140174334668083,0.65,B이하,D,B이하,B이하,1452000000.0
인천도시가스,전기가스업,347800979000.0,93.16,51.77,0.0,2018,-0.04612111228751854,0.765,B이하,B,B이하,B이하,5152000000.0
인터지스,운수창고업,470115542000.0,110.47,47.51,-1.9,2018,-0.026571783572667578,0.51,B+,B+,B+,B이하,0.0
인팩,운수장비,284424486000.0,141.36,41.43,46.73,2018,0.026158455423759018,0.51,B이하,B,B이하,B이하,1300000000.0
일동제약,의약품,564669363000.0,103.98,49.02,9.39,2018,0.1323949729237933,2.8600000000000003,B이하,C,B+,B+,9711000000.0
일동홀딩스,기타금융,265468274000.0,60.94,62.13,14.56,2018,0.364205901256208,0.89,B이하,B,B+,B이하,2561000000.0
일성건설,건설업,308746515000.0,242.71,29.18,-13.5,2018,0.059179830780540586,1.2999999999999998,B이하,B,B이하,B이하,0.0
일성신약,의약품,347264433000.0,7.07,93.4,-8.04,2018,0.2447766856438454,0.935,B이하,B,B이하,B이하,1008000000.0
일신방직,섬유의복,937343600000.0,29.6,77.16,-0.03,2018,0.021916142361608305,0.54,B이하,B,B이하,B이하,4592000000.0
일신석재,유통업,80179667000.0,57.08,63.66,2.73,2018,0.009798345092534447,3.605,B이하,C,B이하,B이하,0.0
일양약품,의약품,432253279000.0,105.95,48.55,11.2,2018,0.11865596519742735,5.154999999999999,B이하,B,B이하,B이하,0.0
일정실업,섬유의복,68281023000.0,59.29,62.78,-2.19,2018,-0.25122202765217844,0.5549999999999999,B이하,C,B이하,B이하,0.0
일진전기,전기전자,778631601000.0,159.26,38.57,-4.01,2018,-0.024501292661930085,0.625,B이하,C,B이하,B이하,2224000000.0
일진홀딩스,기타금융,1116605852000.0,149.5,40.08,-1.62,2018,0.94344920457717,0.945,B이하,B,B이하,B이하,3219000000.0
잇츠한불,화학,535580626000.0,12.81,88.64,-12.87,2018,0.02711206232223172,2.475,B이하,B,B이하,B이하,2642000000.0
자화전자,전기전자,352202849000.0,27.17,78.64,-19.59,2018,0.10621044879091066,1.37,B이하,C,B+,B이하,3366000000.0
전방,섬유의복,364005282000.0,191.25,34.33,-18.17,2018,-0.08220013843434784,0.31,B이하,C,B이하,B이하,0.0
제이에스코퍼레이션,기타제조업,189468046000.0,22.04,81.94,-12.97,2018,0.03381890466157088,1.17,B이하,B+,B이하,B이하,3820000000.0
제이준코스메틱,화학,214928993000.0,69.73,58.92,0.0,2018,-0.23951073710409299,4.0,B이하,C,B이하,B이하,0.0
제일기획,서비스업,2172078164000.0,143.29,41.1,3.05,2018,0.18694427489770865,4.25,B이하,B+,B이하,B이하,77985000000.0
제일파마홀딩스,서비스업,920085825000.0,56.06,64.08,221.18,2018,-0.26280531312203337,0.255,B이하,B,B이하,B이하,1075000000.0
제주은행,은행,5980941000000.0,1164.49,7.91,7.61,2018,-0.07395634573889473,0.29,B+,A,B+,B이하,3213000000.0
제주항공,운수창고업,1031605312000.0,169.76,37.07,26.4,2018,0.09665829888313725,3.06,B이하,B+,B이하,B이하,17095000000.0
조광페인트,화학,303627548000.0,74.47,57.32,4.09,2018,-0.024395748240254752,0.65,B이하,C,B이하,B이하,1050000000.0
조광피혁,기타제조업,250578187000.0,5.6,94.7,-26.75,2018,0.1505696057774401,1.05,B이하,B,B이하,B이하,0.0
조비,화학,94027701000.0,94.87,51.32,0.94,2018,0.06438315733809265,2.815,B이하,C,B이하,B이하,0.0
조선내화,비금속광물,1030622205000.0,48.57,67.31,13.66,2018,0.1196941022207785,0.71,B이하,D,B+,B이하,13000000000.0
조선선재,기계,115036197000.0,12.1,89.2,-5.0,2018,0.14868240603422156,1.38,B이하,B,B이하,B이하,1639000000.0
조일알미늄,철강금속,356053734000.0,90.64,52.45,6.21,2018,-0.013534348406264163,0.44999999999999996,B이하,C,B이하,B+,0.0
조흥,음식료품,195310138000.0,55.6,64.27,3.67,2018,0.07854882162895443,1.1099999999999999,B이하,B,B이하,B이하,3600000000.0
종근당,의약품,711494874000.0,65.12,60.56,8.13,2018,0.044603472828958726,2.96,B이하,B,B+,B이하,8839000000.0
종근당바이오,의약품,184519529000.0,24.96,80.02,5.35,2018,0.12477338366396273,0.8200000000000001,B이하,B,B이하,B이하,1026000000.0
종근당홀딩스,기타금융,871435736000.0,29.91,76.97,17.83,2018,1.919978335695485,1.0,B이하,B,B+,B이하,6513000000.0
주연테크,전기전자,60682697000.0,35.92,73.57,-27.25,2018,-0.14587574532068232,1.3050000000000002,B이하,C,B이하,B이하,0.0
지엠비코리아,운수장비,475197807000.0,105.61,48.63,-2.07,2018,0.06954489819662595,0.77,B이하,B,B이하,B이하,572000000.0
지투알,서비스업,632827969000.0,385.21,20.61,7.36,2018,-2.4418191427575793,1.62,B이하,B,B+,B이하,4052000000.0
진도,유통업,160710502000.0,53.48,65.16,-6.37,2018,0.01669017932252234,0.665,B이하,C,B이하,B이하,1870000000.0
진양산업,화학,50695689000.0,43.14,69.86,32.41,2018,0.08914012330674209,1.7200000000000002,B이하,B,B이하,B이하,975000000.0
진양홀딩스,기타금융,496161913000.0,38.17,72.37,-8.82,2018,0.4135732432925716,0.755,B이하,B,B이하,B이하,5480000000.0
진양화학,화학,39958834000.0,38.94,71.98,0.28,2018,-0.011851360318513603,1.795,B이하,C,B이하,B이하,0.0
진원생명과학,의약품,49295861000.0,67.62,59.66,26.21,2018,-0.2520005893569076,4.375,B이하,C,B이하,B이하,0.0
진흥기업,건설업,366241821000.0,364.75,21.52,17.07,2018,0.03616290275718724,4.140000000000001,B이하,C,B이하,B이하,0.0
참엔지니어링,기계,769729387000.0,811.2,10.97,-19.83,2018,-0.1656979672277276,2.07,B이하,B+,B이하,B이하,0.0
천일고속,운수창고업,80409027000.0,29.94,76.96,0.57,2018,-0.06379868248168613,2.385,B이하,B+,B이하,B이하,5708000000.0
카카오,서비스업,7959542105000.0,41.45,70.7,22.55,2018,0.41865527184445345,2.325,B이하,B+,B이하,B이하,10053000000.0
카프로,화학,433099364000.0,60.59,62.27,7.01,2018,0.015207438801229154,1.135,B이하,B,B이하,B이하,2000000000.0
컨버즈,종이목재,67466710000.0,5148.88,1.91,-1.71,2018,-0.14268602194229987,58.36,B이하,C,B이하,B이하,0.0
케이씨,의료정밀,572109826000.0,37.99,72.47,-8.18,2018,0.4129918748223484,0.87,B이하,B,B+,B이하,2738000000.0
코리아써키트,전기전자,500488797000.0,29.07,77.48,-9.43,2018,0.021328362556933926,0.7749999999999999,B이하,C,B+,B+,0.0
코스맥스,화학,1061541156000.0,338.93,22.78,42.51,2018,-0.08035507554626611,6.89,B이하,B,B이하,B이하,6028000000.0
코스맥스비티아이,기타금융,879814437000.0,144.5,40.9,46.93,2018,-0.024125601633957907,1.16,B이하,B,B이하,B이하,1338000000.0
코스모신소재,화학,237347906000.0,168.84,37.2,69.74,2018,0.018208632406448558,1.955,B+,B+,B이하,B+,0.0
코스모화학,화학,492981419000.0,203.43,32.96,57.09,2018,0.006256786213155155,3.7150000000000003,B이하,B,B이하,B+,0.0
코아스,기타제조업,78534357000.0,234.95,29.85,-4.8,2018,0.027074812967581047,2.9450000000000003,B이하,B,B이하,B이하,0.0
코오롱,기타금융,3480352009000.0,316.63,24.0,-1.56,2018,0.4689343509875716,1.275,B이하,B,B이하,B이하,6905000000.0
코오롱글로벌,건설업,2033409112000.0,355.17,21.97,-8.08,2018,0.0027702943381214006,0.61,B이하,B+,B이하,B이하,2552000000.0
코오롱플라스틱,화학,340974553000.0,72.78,57.88,22.53,2018,0.10776058583367068,1.4,B이하,B,B이하,B+,4560000000.0
코웨이,서비스업,2378903077000.0,118.71,45.72,7.57,2018,0.22505948781443866,5.985,B+,B,A+,A+,86617000000.0
콤텍시스템,서비스업,113538546000.0,47.48,67.81,-12.16,2018,0.03244244796868134,0.8600000000000001,B이하,C,B이하,B이하,0.0
쿠쿠홀딩스,기타금융,747036859000.0,22.57,81.58,9.58,2018,6.235699334698055,1.645,C,B,C,C,18647000000.0
큐로,기계,197265760000.0,183.42,35.28,-42.24,2018,0.03481509233190716,1.6800000000000002,B이하,B,B이하,B이하,0.0
크라운해태홀딩스,기타금융,1286504596000.0,160.59,38.37,8.98,2018,4.462258405326583,0.775,B이하,B,B+,B이하,1517000000.0
키다리스튜디오,서비스업,18702972000.0,12.88,88.59,64.85,2018,-0.09199510778168475,3.09,B이하,B,B이하,B이하,0.0
키움증권,증권,18664344963000.0,803.5,11.07,70.18,2018,-0.8101976320897691,1.355,B이하,B+ 이하,B이하,B이하,47713000000.0
태경산업,화학,542740904000.0,74.9,57.18,-0.05,2018,0.11276027862096197,1.365,B이하,C,B이하,B이하,6366000000.0
태광산업,화학,4502656502000.0,28.46,77.84,6.62,2018,0.16503965869353904,0.635,B이하,C,B이하,B이하,2525000000.0
태림포장,종이목재,606842052000.0,79.71,55.64,7.6,2018,0.12489704205634453,0.8049999999999999,B이하,C,B이하,B이하,16137000000.0
태영건설,건설업,4958571817000.0,234.52,29.89,17.88,2018,0.057609915387848695,1.2000000000000002,B이하,B+,B이하,B이하,8867000000.0
태원물산,운수장비,38346073000.0,19.06,83.99,-12.07,2018,0.04156789221283398,1.0899999999999999,B이하,B,B이하,B이하,513000000.0
태평양물산,섬유의복,556510004000.0,268.57,27.13,5.41,2018,0.020379574241528874,0.8049999999999999,B이하,B,B+,B이하,0.0
텔코웨어,서비스업,125823445000.0,13.63,88.0,1.8,2018,0.196791956341203,1.355,B이하,B,B이하,B이하,3657000000.0
토니모리,화학,204183223000.0,93.5,51.68,-12.03,2018,-0.08195230433419501,1.91,B이하,B+,B이하,B이하,1182000000.0
티에이치엔,전기전자,212394546000.0,427.59,18.95,19.2,2018,0.04590432980722178,0.5549999999999999,B이하,B,B이하,B이하,900000000.0
티웨이홀딩스,전기전자,497537192000.0,74.63,57.26,20.35,2018,4.823953333333334,6.98,B이하,C,B이하,B이하,0.0
파미셀,의약품,59117136000.0,24.48,80.33,12.52,2018,0.12009695965011287,20.3,B이하,B,B이하,B이하,0.0
팜스코,음식료품,883155287000.0,185.05,35.08,-0.74,2018,-0.041175362525412415,1.135,B이하,B,B이하,B이하,1755000000.0
팬오션,운수창고업,4119496000000.0,54.84,64.58,14.22,2018,0.11468280230689232,1.07,B+,B+,B이하,B이하,0.0
퍼스텍,기계,160686362000.0,306.95,24.57,-6.05,2018,0.15909459028105002,7.28,B이하,B,B이하,B이하,0.0
퍼시스,기타제조업,484172255000.0,15.12,86.86,9.05,2018,0.16577891398902014,0.89,B이하,B,B이하,B이하,9430000000.0
페이퍼코리아,종이목재,588414093000.0,2012.65,4.73,-25.92,2018,-0.10279007643477134,2.15,B이하,C,B이하,B이하,0.0
평화산업,운수장비,178368753000.0,705.72,12.41,3.48,2018,-0.037594312221827526,4.24,B이하,B,B이하,B+,0.0
평화홀딩스,기타금융,495396871000.0,255.96,28.09,1.08,2018,-1.0946322460109068,0.7200000000000001,B이하,B,B이하,B이하,2077000000.0
풀무원,기타금융,1214578440000.0,176.18,36.21,1.51,2018,0.7682029774167217,1.44,A+,A+,A,A,5199000000.0
풍산,철강금속,2668117561000.0,93.44,51.7,-5.79,2018,0.03754153946320679,0.785,B+,B,B+,B+,16808000000.0
풍산홀딩스,기타금융,879345785000.0,23.26,81.13,-2.76,2018,-0.09365255406095692,0.815,B+,B+,B+,B이하,11036000000.0
하나금융지주,기타금융,385008620000000.0,1320.25,7.04,-16.95,2018,-4.631483178928789,0.89,A+,A+,A,A,450363000000.0
하나투어,서비스업,716121751000.0,198.53,33.5,21.39,2018,0.037293842342267555,6.609999999999999,B이하,B,B이하,B이하,6640000000.0
하이스틸,철강금속,232990175000.0,81.47,55.1,-19.45,2018,0.07632681768997172,0.66,B이하,B,B이하,B이하,0.0
하이트진로,음식료품,3428143515000.0,194.92,33.91,-0.23,2018,0.08504481540423571,1.445,B이하,C,B이하,B+,55883000000.0
하이트진로홀딩스,기타금융,3989286143000.0,264.06,27.47,-0.24,2018,3.7477966897381885,0.2,B이하,B,B이하,B이하,4390000000.0
한국가스공사,전기가스업,39689691576000.0,367.05,21.41,18.1,2018,0.0022847755451499193,0.76,B+,B+,A,B+,119187000000.0
한국공항,운수창고업,424415405000.0,33.0,75.19,8.38,2018,0.02439856546497465,0.505,B이하,C,B이하,B이하,3058000000.0
한국내화,비금속광물,204551880000.0,58.04,63.27,-11.38,2018,0.0931423361623647,0.89,B이하,D,B이하,B이하,744000000.0
한국쉘석유,화학,144599598000.0,45.25,68.85,4.38,2018,0.13594256759831447,6.095,B이하,B+,B이하,B이하,22100000000.0
한국자산신탁,기타금융,1008095204000.0,69.96,58.84,1.84,2018,-0.8242920498042149,1.145,B이하,B+ 이하,B이하,B이하,25283000000.0
한국전자홀딩스,기타금융,390848476000.0,47.98,67.58,-8.99,2018,5.198772402187632,0.3,B이하,C,B이하,B이하,658000000.0
한국종합기술,서비스업,227908120000.0,124.24,44.59,-4.34,2018,0.020282410365451288,0.7150000000000001,B이하,B,B이하,B+,1095000000.0
한국주강,기계,60348395000.0,33.62,74.84,30.8,2018,-0.07775151391266577,0.665,B이하,C,B이하,B이하,0.0
한국철강,철강금속,909037196000.0,26.74,78.9,5.22,2018,0.062494781765376234,0.31000000000000005,B이하,B,B이하,B+,9207000000.0
한국카본,기계,360113098000.0,18.57,84.34,-5.17,2018,0.1892922754909683,0.95,B이하,B,B이하,B이하,4102000000.0
한국콜마,화학,2186418082000.0,169.99,37.04,65.27,2018,0.0703802552813545,3.7199999999999998,B이하,D,B+,B+,7374000000.0
한국콜마홀딩스,기타금융,881687299000.0,77.97,56.19,14.5,2018,1.4025233232430068,3.8600000000000003,B이하,C,B이하,B이하,3479000000.0
한국토지신탁,기타금융,1375861979000.0,66.86,59.93,7.74,2018,0.2599694924183156,0.975,B이하,B+ 이하,B이하,B이하,26728000000.0
한국화장품,유통업,95021031000.0,80.04,55.54,1.74,2018,-0.04152467490768984,4.5,B이하,B,B이하,B이하,0.0
한국화장품제조,화학,71774144000.0,42.73,70.06,31.35,2018,0.019734827105504744,3.9000000000000004,B이하,C,B이하,B이하,363000000.0
한농화성,화학,162494687000.0,44.54,69.18,-5.54,2018,0.04330629799206143,0.78,B이하,B,B이하,B이하,1835000000.0
한독,의약품,652616127000.0,108.25,48.02,6.88,2018,0.06693004739853396,1.33,B+,B+,B+,B+,6128000000.0
한미반도체,기계,246028948000.0,14.14,87.61,10.04,2018,0.21147489756947663,3.33,B이하,B,B이하,B이하,12571000000.0
한미사이언스,기타금융,916545956000.0,40.34,71.26,8.53,2018,0.09006367940254717,10.65,B이하,C,B+,B이하,12436000000.0
한미약품,의약품,1691209669000.0,114.28,46.67,10.84,2018,0.03268142527949123,11.06,B+,B,A,B+,5662000000.0
한샘,유통업,940149892000.0,63.66,61.1,-6.5,2018,0.034490705301817276,5.1049999999999995,B이하,B,B이하,B이하,21155000000.0
한섬,섬유의복,1219779752000.0,22.68,81.52,5.74,2018,0.2656898586566907,0.9,B이하,B+,B+,B이하,8788000000.0
한성기업,음식료품,222227643000.0,311.51,24.3,-11.13,2018,-0.00965858513323201,0.795,B이하,C,B이하,B이하,0.0
한세실업,섬유의복,1170729345000.0,137.64,42.08,0.08,2018,-0.016222043568543516,2.19,B이하,B,B이하,B이하,17658000000.0
한세엠케이,유통업,205628646000.0,38.46,72.22,-1.8,2018,0.06940747136956539,0.95,B이하,B+,B이하,B이하,2279000000.0
한세예스24홀딩스,기타금융,1678316387000.0,171.69,36.81,2.4,2018,0.9197140141915864,3.855,B이하,C,B이하,B이하,8638000000.0
한솔로지스틱스,운수창고업,126782732000.0,125.24,44.4,22.21,2018,0.00018577870087704376,0.855,B이하,B,B+,B이하,824000000.0
한솔제지,종이목재,1802836469000.0,206.86,32.59,2.0,2018,0.07134421727084213,0.7549999999999999,A,A,A,A,9511000000.0
한솔케미칼,화학,791727785000.0,77.03,56.49,11.58,2018,0.2456917734599055,2.55,B+,B+,B+,B+,13306000000.0
한솔테크닉스,전기전자,513011860000.0,154.15,39.35,-9.98,2018,0.043151712433897677,1.57,B+,B,B+,B+,0.0
한솔홀딩스,기타금융,1347350249000.0,211.91,32.06,-20.93,2018,-0.14876822370762963,0.625,B+,B+,B+,B이하,0.0
한솔홈데코,종이목재,308077735000.0,90.59,52.47,16.73,2018,0.07470694046755604,0.99,B+,B+,B+,B+,1611000000.0
한신공영,건설업,1778426426000.0,298.72,25.08,7.96,2018,0.00664224148585803,0.57,B이하,B,B+,B이하,4340000000.0
한양증권,증권,1844678198000.0,583.59,14.63,20.2,2018,-0.17300167738600847,0.37,B이하,B+ 이하,B+,B이하,3324000000.0
한온시스템,기계,5355780832000.0,151.25,39.8,6.3,2018,0.18093072867936105,4.925,B+,B+,B+,B+,42704000000.0
한올바이오파마,의약품,162304333000.0,38.82,72.04,9.03,2018,-0.03260479752610547,15.809999999999999,B이하,B,B이하,B이하,0.0
한익스프레스,운수창고업,199582549000.0,198.01,33.56,7.19,2018,0.011993614104180277,0.765,B이하,B,B이하,B이하,720000000.0
한일시멘트,비금속광물,1368001171000.0,,,,2018,0.10804571005570443,,C,D,C,C,18652000000.0
한일철강,철강금속,312201042000.0,93.48,51.68,8.25,2018,0.026044983091909352,0.365,B이하,C,B이하,B이하,0.0
한일현대시멘트,비금속광물,548944794000.0,211.18,32.14,-2.6,2018,0.06413397602565273,5.425000000000001,B이하,C,B+,B+,13407000000.0
한진,운수창고업,2661425067000.0,149.4,40.1,7.62,2018,0.06763915190261377,0.455,B이하,B,B+,B이하,5902000000.0
한진중공업홀딩스,기타금융,1873603000000.0,410.45,19.59,4.33,2018,13.636450381679388,0.32499999999999996,B이하,B+,B이하,B이하,0.0
한진칼,기타금융,2850066743000.0,65.32,60.49,13.5,2018,1.2649848095122542,0.98,B이하,C,B이하,B이하,17923000000.0
한창,유통업,106233878000.0,225.67,30.71,-11.54,2018,-1.1581977919933966,3.055,B이하,C,B이하,B이하,0.0
한창제지,종이목재,154683756000.0,100.75,49.81,-0.45,2018,0.03152279533444323,1.635,B이하,C,B이하,B이하,1169000000.0
한화,화학,169548577000000.0,900.11,10.0,-3.3,2018,0.5262386088868676,1.125,A,A,A,A,62085000000.0
한화손해보험,보험,16733867311000.0,1082.14,8.46,7.1,2018,0.0957486656576332,0.635,B이하,B+ 이하,B+,B이하,15176000000.0
한화에어로스페이스,운수장비,7396686213000.0,180.63,35.63,5.64,2018,0.05286254814300525,0.965,B+,B,B이하,A,0.0
한화투자증권,증권,7344132792000.0,672.81,12.94,11.17,2018,-0.1338000270922641,0.55,B이하,B+ 이하,B이하,B이하,0.0
해성디에스,전기전자,306239934000.0,55.96,64.12,11.76,2018,0.10119356605705603,1.5,A,B+,A+,A,5100000000.0
해태제과식품,음식료품,794989004000.0,176.48,36.17,-9.49,2018,0.0717943058090035,1.395,B이하,B,B+,B이하,3978000000.0
핸즈코퍼레이션,운수장비,705255018000.0,119.98,45.46,-1.98,2018,0.038948270084610874,0.785,B이하,B,B이하,B+,980000000.0
현대건설,건설업,18054609000000.0,117.74,45.93,-0.92,2018,0.024912209133005722,1.23,A,B+,A,A,55732000000.0
현대글로비스,운수창고업,8687842635000.0,103.93,49.04,3.1,2018,0.03639961278428836,1.69,B+,B+,A,B+,123750000000.0
현대로템,운수장비,4002149975000.0,261.21,27.68,-11.51,2018,-0.006608843887436353,2.755,B+,B+,B+,B+,0.0
현대리바트,기타제조업,678896575000.0,51.75,65.9,52.15,2018,0.005149044382525549,1.21,B+,B+,B+,B이하,5833000000.0
현대모비스,운수장비,43071132000000.0,40.28,71.29,0.01,2018,0.0784771037368752,0.985,B+,B,A,A,378819000000.0
현대미포조선,운수장비,3463733941000.0,49.48,66.9,-2.05,2018,0.21560491869873064,0.76,B+,B+,B+,B+,27919000000.0
현대백화점,유통업,6988562089000.0,44.72,69.1,0.76,2018,0.31635487738942375,0.65,B이하,B+,B+,B이하,20301000000.0
현대비앤지스틸,철강금속,605619115000.0,58.53,63.08,-1.81,2018,0.012044409144471926,0.52,B이하,C,B+,B+,1524000000.0
현대위아,운수장비,7107447378000.0,134.03,42.73,5.25,2018,-0.015728792900065226,0.465,B+,B+,B이하,B+,15937000000.0
현대제철,철강금속,33304917423000.0,95.65,51.11,8.42,2018,0.08464323455401976,0.47,B이하,C,A,B+,98453000000.0
현대차증권,증권,6686422767000.0,653.89,13.26,18.73,2018,-0.08194466158463042,0.39,B이하,B+ 이하,B이하,B이하,13202000000.0
현대코퍼레이션홀딩스,유통업,188799168000.0,12.2,89.13,13.9,2018,-0.0007882140798076569,1.665,B이하,B,B이하,B이하,4343000000.0
현대홈쇼핑,유통업,2547695055000.0,51.24,66.12,-2.44,2018,0.0020231423364637673,0.925,B+,A,B+,B이하,22207000000.0
혜인,유통업,228402133000.0,149.18,40.13,-8.76,2018,0.013932603467327817,0.975,B이하,C,B이하,B이하,338000000.0
호텔신라,유통업,2303742128000.0,201.12,33.21,17.5,2018,0.0422254795633298,4.945,A,A,A,B+,13286000000.0
화성산업,건설업,640861362000.0,70.99,58.48,-16.34,2018,0.2664446611993914,0.525,B이하,B+,B이하,B이하,11262000000.0
화승엔터프라이즈,기타금융,760455511000.0,168.59,37.23,14.45,2018,9.039692161820481,6.055,B이하,B,B이하,B이하,2119000000.0
화신,운수장비,828226155000.0,182.5,35.4,0.83,2018,0.011975508303274407,0.32999999999999996,B이하,C,B이하,B이하,823000000.0
화인베스틸,철강금속,228133467000.0,126.42,44.17,13.84,2018,-0.0894648361039892,0.875,B이하,B,B이하,B+,0.0
화천기계,기계,162119605000.0,30.4,76.68,-13.31,2018,0.04618427053353996,0.43000000000000005,B이하,C,B이하,B이하,198000000.0
화천기공,기계,385639759000.0,33.87,74.7,3.42,2018,0.04594141166244855,0.43000000000000005,B이하,B,B이하,B이하,2750000000.0
환인제약,의약품,287687354000.0,10.83,90.23,4.54,2018,0.11285632079863446,1.625,B이하,B+,B이하,B이하,4580000000.0
황금에스티,철강금속,406187489000.0,51.37,66.06,8.92,2018,0.0845596461427202,0.875,B이하,C,B이하,B이하,700000000.0
효성,화학,6407904916000.0,137.14,42.17,-76.16,2018,0.7493712628898899,1.21,B이하,C,B+,B+,101654000000.0
후성,화학,441480960000.0,79.83,55.61,10.49,2018,0.11422592558156833,4.1850000000000005,B이하,B,B이하,B+,0.0
휴비스,화학,958085427000.0,134.75,42.6,-1.44,2018,0.04037294394865561,1.03,B+,B+,B+,B+,9873000000.0
휴스틸,철강금속,603455402000.0,48.63,67.28,-14.74,2018,0.21203533495210714,0.325,B이하,B,B이하,B이하,3014000000.0
흥아해운,운수창고업,803698457000.0,998.73,9.1,-9.87,2018,-0.04793510702730611,2.0300000000000002,B이하,C,B이하,B이하,0.0
