종목명,ESG 통합등급,2018_E,2018_S,2018_G,평가연도,업종명
AJ네트웍스,B이하,C,B이하,B이하,2018,서비스업
AJ렌터카,B이하,B,B이하,B+,2018,서비스업
AK홀딩스,B이하,C,B이하,B이하,2018,기타금융
BGF,C,B,C,C,2018,기타금융
BNK금융지주,B+,B+ 이하,B+,B이하,2018,기타금융
BYC,B이하,B+,B이하,B이하,2018,섬유의복
CJ,A,A,A+,B이하,2018,기타금융
CJ CGV,B+,A,B+,B이하,2018,서비스업
CJ대한통운,B+,B+,B+,A,2018,운수창고업
CJ씨푸드,B이하,B,B+,B이하,2018,음식료품
CJ제일제당,A,B+,A+,A,2018,음식료품
CJ헬로,B+,A,B+,B이하,2018,서비스업
CS홀딩스,B이하,B,B이하,B이하,2018,기타금융
DB,B이하,B,B이하,B이하,2018,서비스업
DB금융투자,B이하,B+ 이하,B이하,B이하,2018,증권
DB손해보험,B+,B+ 이하,A,A,2018,보험
DB하이텍,B+,B,B+,B+,2018,전기전자
DGB금융지주,B+,B+ 이하,B+,A,2018,기타금융
DRB동일,B이하,C,B이하,B이하,2018,기타금융
DSR,B이하,C,B이하,B이하,2018,철강금속
DSR제강,B이하,C,B이하,B이하,2018,철강금속
E1,B이하,B,B+,B이하,2018,유통업
F&F,B이하,C,B이하,B이하,2018,섬유의복
GKL,B이하,B,B+,B이하,2018,서비스업
GS,B이하,B+,B이하,B이하,2018,기타금융
GS건설,B+,B+,B+,A,2018,건설업
GS글로벌,B이하,B+,B이하,B이하,2018,유통업
GS리테일,B이하,B+,B+,B이하,2018,유통업
HDC,B+,B+,B+,B이하,2018,건설업
HDC아이콘트롤스,B이하,C,B이하,B이하,2018,건설업
HDC현대EP,B이하,C,B이하,B+,2018,화학
HSD엔진,A,A,A,A,2018,기계
JB금융지주,B+,B+ 이하,A,B이하,2018,기타금융
JW생명과학,B+,B,B+,B+,2018,의약품
JW중외제약,B+,B+,B+,B이하,2018,의약품
JW홀딩스,B이하,B,B+,B이하,2018,기타금융
KB금융,A+,A+,A,A+,2018,기타금융
KC그린홀딩스,B이하,B,B이하,B이하,2018,기타금융
KC코트렐,B이하,B,B이하,B이하,2018,기계
KEC,B이하,B,B이하,B+,2018,전기전자
KG케미칼,B이하,D,B이하,B이하,2018,화학
KISCO홀딩스,B이하,B+,B이하,B이하,2018,기타금융
KPX케미칼,B이하,B,B이하,B이하,2018,화학
KPX홀딩스,B이하,B,B이하,B이하,2018,기타금융
KR모터스,B이하,C,B이하,B이하,2018,운수장비
KSS해운,B이하,B,B+,B이하,2018,운수창고업
KTB투자증권,B이하,B+ 이하,B이하,B이하,2018,증권
KTcs,B이하,B+,B+,B이하,2018,서비스업
LF,B이하,B,B이하,B이하,2018,섬유의복
LG,B+,B+,A,B+,2018,기타금융
LG디스플레이,A,B+,A+,A,2018,전기전자
LG상사,B+,B+,A,B+,2018,유통업
LG생활건강,A,B+,A+,A,2018,화학
LG유플러스,B+,B+,B+,A,2018,통신업
LG이노텍,A,B+,A+,A,2018,전기전자
LG전자,B+,B,A,A,2018,전기전자
LG하우시스,A,B+,A+,A,2018,화학
LG화학,A,B+,A+,A,2018,화학
LIG넥스원,B+,B+,B+,B+,2018,기계
LS,B이하,C,B+,B이하,2018,기타금융
LS네트웍스,B이하,B,B이하,B이하,2018,유통업
LS산전,B+,B,A,A,2018,전기전자
LS전선아시아,B이하,B,B이하,B이하,2018,기타금융
MH에탄올,B이하,C,B이하,B이하,2018,음식료품
NAVER,B+,B+,B+,B이하,2018,서비스업
NHN엔터테인먼트,B이하,B+,B이하,B이하,2018,서비스업
NH투자증권,B+,B+ 이하,A,B이하,2018,증권
NICE,B이하,B,B이하,B이하,2018,서비스업
NI스틸,B이하,D,B이하,B이하,2018,철강금속
OCI,A,B+,A+,A,2018,화학
S&TC,B이하,B,B이하,B이하,2018,기계
S&T모티브,B이하,B,B이하,B+,2018,운수장비
S&T중공업,B이하,B,B이하,B+,2018,운수장비
S&T홀딩스,B이하,B,B이하,B이하,2018,기타금융
S-Oil,A+,A+,A+,A,2018,화학
SBS,B이하,B,B이하,B이하,2018,서비스업
SBS미디어홀딩스,B이하,B,B+,B이하,2018,기타금융
SG세계물산,B이하,C,B이하,B이하,2018,유통업
SG충방,B이하,C,B이하,B이하,2018,운수장비
SH에너지화학,B이하,B+,B이하,B이하,2018,화학
SIMPAC,B이하,B,B이하,B이하,2018,기계
SK,A+,A+,A+,A,2018,기타금융
SKC,B+,B+,A,B+,2018,화학
SK가스,B+,B+,A,B이하,2018,유통업
SK네트웍스,A,B+,A+,B+,2018,유통업
SK디스커버리,C,B+,C,C,2018,기타금융
SK디앤디,B이하,C,B이하,B이하,2018,서비스업
SK이노베이션,A,A,A+,B+,2018,기타금융
SK증권,B이하,B+ 이하,B이하,B이하,2018,증권
SK텔레콤,A+,A+,A,A,2018,통신업
SK하이닉스,A,B+,A+,B+,2018,전기전자
SPC삼립,B+,B+,B+,B이하,2018,음식료품
STX,B이하,B,B이하,B이하,2018,유통업
STX엔진,B이하,B,B이하,B+,2018,기계
TCC동양,B이하,C,B이하,B이하,2018,철강금속
WISCOM,B이하,B,B이하,B이하,2018,화학
YG PLUS,B이하,C,B이하,B이하,2018,기타제조업
가온전선,B+,B,B+,B+,2018,전기전자
강남제비스코,B이하,B,B이하,B이하,2018,화학
강원랜드,B+,B+,B+,A,2018,서비스업
갤럭시아에스엠,B이하,C,B이하,B이하,2018,서비스업
경농,B이하,C,B이하,B이하,2018,화학
경동나비엔,B+,B,A,B+,2018,전기전자
경동인베스트,B이하,C,B이하,B이하,2018,기타금융
경방,B이하,C,B이하,B이하,2018,섬유의복
경보제약,B이하,B,B이하,B이하,2018,의약품
경인양행,B이하,C,B이하,B이하,2018,화학
경인전자,B이하,C,B이하,B이하,2018,전기전자
계양전기,B이하,B,B이하,B이하,2018,기계
고려개발,B이하,B,B+,B이하,2018,건설업
고려산업,B이하,B,B이하,B이하,2018,음식료품
고려아연,B이하,C,B+,B+,2018,철강금속
고려제강,B이하,C,B+,B+,2018,철강금속
골든브릿지증권,B이하,B+ 이하,B이하,B이하,2018,증권
광동제약,B이하,B,B+,B이하,2018,의약품
광명전기,B이하,D,B이하,B이하,2018,전기전자
광전자,B이하,B,B이하,B이하,2018,전기전자
광주신세계,B이하,B+,B이하,B이하,2018,유통업
광주은행,B이하,B+ 이하,B+,B이하,2018,은행
교보증권,B이하,B+ 이하,B이하,B이하,2018,증권
국도화학,B이하,C,B이하,B+,2018,화학
국동,B이하,B,B이하,B이하,2018,유통업
국보,B이하,C,B이하,B이하,2018,운수창고업
국제약품,B이하,B,B이하,B이하,2018,의약품
그린케미칼,B이하,B,B이하,B+,2018,화학
극동유화,B이하,B,B이하,B이하,2018,화학
금강공업,B이하,C,B이하,B이하,2018,철강금속
금비,B이하,C,B이하,B이하,2018,비금속광물
금양,B이하,C,B이하,B이하,2018,화학
금호산업,B이하,B,B이하,B이하,2018,건설업
금호에이치티,B이하,C,B이하,B이하,2018,운수장비
금호전기,B이하,C,B이하,B이하,2018,전기전자
금호타이어,B+,B+,B+,B+,2018,화학
기신정기,B이하,B,B이하,B이하,2018,기계
기업은행,B+,A,B+,B이하,2018,은행
까뮤이앤씨,B이하,B,B이하,B이하,2018,건설업
깨끗한나라,B이하,B,B이하,B+,2018,종이목재
나노메딕스,B이하,C,B이하,B이하,2018,기계
남광토건,B이하,B,B이하,B이하,2018,건설업
남선알미늄,B이하,C,B이하,B이하,2018,철강금속
남성,B이하,C,B이하,B이하,2018,유통업
남양유업,B이하,C,B이하,B이하,2018,음식료품
남영비비안,B이하,C,B이하,B이하,2018,섬유의복
남해화학,B이하,C,B이하,B+,2018,화학
넥센,B이하,B,B이하,B+,2018,기타금융
넥센타이어,B이하,B,B이하,B+,2018,화학
노루페인트,B이하,B,B이하,B이하,2018,화학
노루홀딩스,B이하,B,B이하,B이하,2018,기타금융
녹십자,B+,B,B+,B+,2018,의약품
녹십자홀딩스,B이하,C,B+,B이하,2018,서비스업
농심,B이하,C,B+,B+,2018,음식료품
농심홀딩스,B이하,C,B이하,B이하,2018,기타금융
다스코,B이하,B+,B이하,B이하,2018,기계
다우기술,B이하,C,B+,B이하,2018,서비스업
대교,B이하,B+,B이하,B이하,2018,서비스업
대구백화점,B이하,B+,B이하,B이하,2018,유통업
대덕GDS,B+,B,B+,B+,2018,전기전자
대덕전자,B+,B,B+,B+,2018,전기전자
대동공업,B이하,C,B이하,B이하,2018,기계
대동전자,B이하,C,B이하,B이하,2018,전기전자
대림산업,B+,B+,B이하,B+,2018,건설업
대림씨엔에스,B이하,B,B+,B이하,2018,비금속광물
대림통상,B이하,B,B이하,B이하,2018,기계
대상,B이하,B,B+,B이하,2018,음식료품
대상홀딩스,B이하,B,B이하,B이하,2018,기타금융
대성산업,B이하,C,B이하,B이하,2018,유통업
대성에너지,B이하,C,B이하,B이하,2018,전기가스업
대성홀딩스,B이하,B+,B이하,B이하,2018,서비스업
대신증권,B이하,B+ 이하,B+,B이하,2018,증권
대양금속,B이하,B,B이하,B+,2018,철강금속
대영포장,B이하,C,B이하,B이하,2018,종이목재
대우건설,A,B+,A+,A,2018,건설업
대우부품,B이하,B,B이하,B이하,2018,운수장비
대우조선해양,B이하,B+,B이하,B+,2018,운수장비
대웅,B이하,C,B이하,B이하,2018,기타금융
대웅제약,B이하,C,B+,B이하,2018,의약품
대원강업,B+,B,B+,B+,2018,운수장비
대원전선,B이하,C,B이하,B이하,2018,전기전자
대원제약,B이하,B+,B+,B이하,2018,의약품
대원화성,B이하,C,B이하,B+,2018,화학
대유에이텍,B이하,C,B이하,B이하,2018,운수장비
대유플러스,B이하,C,B이하,B이하,2018,전기전자
대창,B이하,B,B이하,B+,2018,철강금속
대창단조,B이하,B,B이하,B+,2018,운수장비
대한방직,B이하,C,B이하,B이하,2018,섬유의복
대한유화,B이하,C,B이하,B이하,2018,화학
대한전선,B이하,B,B이하,B+,2018,전기전자
대한제강,B이하,B,B이하,B+,2018,철강금속
대한제당,B이하,B,B이하,B이하,2018,음식료품
대한제분,B이하,C,B이하,B이하,2018,음식료품
대한항공,B이하,B,B이하,B+,2018,운수창고업
대한해운,B이하,C,B이하,B이하,2018,운수창고업
대한화섬,B이하,B,B이하,B이하,2018,화학
대현,B이하,B,B이하,B이하,2018,섬유의복
대호에이엘,B이하,C,B이하,B+,2018,철강금속
더존비즈온,B이하,B,B이하,B이하,2018,서비스업
덕성,B이하,C,B이하,B이하,2018,화학
덕양산업,B이하,C,B이하,B이하,2018,운수장비
도화엔지니어링,B+,B+,B이하,B이하,2018,서비스업
동국실업,B이하,C,B이하,B이하,2018,운수장비
동국제강,B이하,B,B이하,B+,2018,철강금속
동남합성,B이하,C,B이하,B이하,2018,화학
동방,B이하,C,B이하,B이하,2018,운수창고업
동방아그로,B이하,C,B이하,B이하,2018,화학
동부제철,B이하,B,B이하,B+,2018,철강금속
동서,B이하,B,B이하,B이하,2018,유통업
동성제약,B이하,C,B이하,B이하,2018,의약품
동성코퍼레이션,B이하,B,B+,B+,2018,서비스업
동성화학,B이하,B,B+,B이하,2018,화학
동아쏘시오홀딩스,B이하,C,B+,B이하,2018,기타금융
동아에스티,B이하,B,A,B이하,2018,의약품
동아지질,B이하,B,B이하,B이하,2018,건설업
동양,B이하,B,B이하,B이하,2018,비금속광물
동양고속,B이하,B,B이하,B이하,2018,운수창고업
동양네트웍스,B이하,B,B이하,B이하,2018,서비스업
동양생명,B이하,B+ 이하,B+,B이하,2018,보험
동양철관,B이하,D,B이하,B이하,2018,철강금속
동원F&B,B이하,D,B이하,B이하,2018,음식료품
동원금속,B이하,B+,B이하,B이하,2018,운수장비
동원산업,B이하,C,B이하,B이하,2018,"농업, 임업 및 어업"
동원수산,B이하,B,B이하,B이하,2018,"농업, 임업 및 어업"
동원시스템즈,B이하,C,B+,B이하,2018,화학
동일고무벨트,B이하,C,B이하,B이하,2018,화학
동일방직,B이하,B,B이하,B이하,2018,섬유의복
동일산업,B이하,C,B이하,B+,2018,철강금속
동일제강,B이하,B,B이하,B이하,2018,철강금속
동화약품,B이하,B,B+,B이하,2018,의약품
두산,A+,A,A+,A+,2018,서비스업
두산건설,A,B+,A+,A,2018,건설업
두산밥캣,B이하,A,B이하,B이하,2018,기타금융
두산인프라코어,A+,A,A+,A+,2018,기계
두산중공업,A,A,A+,A,2018,기계
두올,B이하,B,B이하,B이하,2018,운수장비
디씨엠,B이하,B,B이하,B이하,2018,철강금속
디아이,B이하,B,B이하,B이하,2018,의료정밀
디아이씨,B이하,C,B이하,B이하,2018,운수장비
디와이,B이하,B,B이하,B이하,2018,기타금융
디와이파워,B이하,B,B이하,B이하,2018,기계
디티알오토모티브,B이하,B,B이하,B+,2018,전기전자
디피씨,B이하,B,B이하,B이하,2018,전기전자
락앤락,B이하,B+,B이하,B이하,2018,화학
롯데관광개발,B이하,B,B이하,B이하,2018,서비스업
롯데손해보험,A,A,A+,B이하,2018,보험
롯데쇼핑,A,B+,A+,A,2018,유통업
롯데정밀화학,A,B+,A+,A,2018,화학
롯데지주,C,B+,C,C,2018,기타금융
롯데케미칼,A,A,A+,B+,2018,화학
롯데푸드,A,B+,A+,B+,2018,음식료품
롯데하이마트,A,A,A+,B이하,2018,유통업
마니커,B이하,C,B이하,B이하,2018,음식료품
만도,B+,B+,B+,B+,2018,운수장비
만호제강,B이하,B,B이하,B이하,2018,철강금속
메디플란트,B이하,C,B이하,B이하,2018,서비스업
메리츠금융지주,B+,A,B이하,B이하,2018,기타금융
메리츠종금증권,B+,A,B+,B이하,2018,증권
메리츠화재,B+,A,B이하,B이하,2018,보험
메타랩스,B이하,C,B이하,B이하,2018,섬유의복
명문제약,B이하,B,B+,B이하,2018,의약품
모나리자,B이하,C,B이하,B이하,2018,종이목재
모나미,B이하,B,B이하,B이하,2018,유통업
모토닉,B이하,B,B이하,B이하,2018,운수장비
무림P&P,B이하,B,B이하,B+,2018,종이목재
무림페이퍼,B이하,B,B이하,B+,2018,종이목재
무학,B이하,B,B이하,B이하,2018,음식료품
문배철강,B이하,B,B이하,B이하,2018,철강금속
미래산업,B이하,B,B이하,B이하,2018,의료정밀
미래아이앤지,B이하,C,B이하,B이하,2018,서비스업
미래에셋대우,B이하,B+ 이하,B+,B이하,2018,증권
미래에셋생명,B이하,B+ 이하,B+,B이하,2018,보험
미원상사,B이하,B+,B이하,B이하,2018,화학
미원홀딩스,B이하,B,B이하,B이하,2018,기타금융
미원화학,B이하,C,B이하,B이하,2018,화학
방림,B이하,B,B이하,B+,2018,섬유의복
백광산업,B이하,C,B이하,B+,2018,화학
백광소재,B이하,C,B이하,B이하,2018,비금속광물
백산,B이하,C,B이하,B이하,2018,화학
범양건영,B이하,C,B이하,B이하,2018,건설업
벽산,B이하,C,B이하,B+,2018,비금속광물
보락,B이하,B,B이하,B이하,2018,화학
보령제약,B이하,C,B이하,B이하,2018,의약품
보해양조,B이하,B,B이하,B이하,2018,음식료품
부광약품,B이하,B,B이하,B이하,2018,의약품
부국증권,B이하,B+ 이하,B이하,B이하,2018,증권
부국철강,B이하,B,B이하,B이하,2018,철강금속
부산산업,B이하,C,B이하,B이하,2018,비금속광물
부산주공,B이하,C,B이하,B이하,2018,운수장비
비상교육,B이하,B,B이하,B이하,2018,서비스업
빙그레,B+,B+,A,B+,2018,음식료품
사조대림,B이하,C,B이하,B이하,2018,음식료품
사조동아원,B이하,B,B이하,B이하,2018,음식료품
사조산업,B이하,C,B이하,B이하,2018,"농업, 임업 및 어업"
사조씨푸드,B이하,B,B이하,B이하,2018,음식료품
사조오양,B이하,B,B이하,B이하,2018,음식료품
사조해표,B이하,C,B이하,B이하,2018,음식료품
삼광글라스,B이하,C,B이하,B이하,2018,비금속광물
삼성SDI,A,B+,A,A,2018,전기전자
삼성공조,B이하,B,B이하,B이하,2018,운수장비
삼성물산,A+,A,A+,A+,2018,유통업
삼성바이오로직스,B+,B,A,B이하,2018,의약품
삼성생명,B+,B+ 이하,B+,A,2018,보험
삼성에스디에스,B+,B+,A,B+,2018,서비스업
삼성엔지니어링,A,A,A+,A,2018,서비스업
삼성전기,A,A,A+,A,2018,전기전자
삼성전자,A,B+,A,A,2018,전기전자
삼성제약,B이하,C,B이하,B이하,2018,의약품
삼성중공업,B+,B,B이하,A,2018,운수장비
삼성증권,B+,B+ 이하,A,B이하,2018,증권
삼성출판사,B이하,B,B이하,B이하,2018,서비스업
삼성카드,B이하,B+ 이하,B이하,B이하,2018,기타금융
삼아알미늄,B이하,B,B이하,B이하,2018,철강금속
삼양사,B+,B,B+,B+,2018,음식료품
삼양식품,B이하,D,B이하,B이하,2018,음식료품
삼양통상,B이하,C,B이하,B+,2018,기타제조업
삼양홀딩스,B이하,B,B+,B이하,2018,기타금융
삼영무역,B이하,C,B이하,B이하,2018,유통업
삼원강재,B이하,B,B이하,B+,2018,운수장비
삼익THK,B이하,B,B이하,B이하,2018,기계
삼익악기,B이하,C,B이하,B이하,2018,기타제조업
삼일제약,B이하,B,B이하,B이하,2018,의약품
삼정펄프,B이하,C,B이하,B이하,2018,종이목재
삼진제약,B이하,B,B+,B이하,2018,의약품
삼천리,B+,B+,B+,B+,2018,전기가스업
삼호,B이하,B,B이하,B이하,2018,건설업
삼호개발,B이하,C,B이하,B이하,2018,건설업
삼화왕관,B이하,B,B이하,B이하,2018,기계
삼화전기,B이하,B,B이하,B이하,2018,전기전자
상신브레이크,B이하,B,B이하,B이하,2018,운수장비
새론오토모티브,B이하,B,B이하,B+,2018,운수장비
샘표,B이하,B,B이하,B이하,2018,기타금융
샘표식품,B+,B,B+,B+,2018,음식료품
서연,B이하,B,B이하,B이하,2018,기타금융
서연이화,B+,B+,B+,B이하,2018,운수장비
서원,B이하,B,B이하,B+,2018,철강금속
서흥,B이하,B,B이하,B이하,2018,화학
선도전기,B이하,B,B이하,B이하,2018,전기전자
선진,B이하,B+,B이하,B이하,2018,음식료품
선창산업,B이하,C,B이하,B이하,2018,종이목재
성문전자,B이하,C,B이하,B이하,2018,전기전자
성보화학,B이하,B,B이하,B이하,2018,화학
성신양회,B이하,B,B이하,B+,2018,비금속광물
성안,B이하,C,B이하,B이하,2018,섬유의복
성지건설,B이하,D,B이하,B이하,2018,건설업
성창기업지주,B이하,C,B이하,B이하,2018,서비스업
세기상사,B이하,B,B이하,B이하,2018,서비스업
세방,B이하,B+,B이하,B이하,2018,운수창고업
세방전지,B이하,C,B이하,B+,2018,전기전자
세아베스틸,B이하,C,B+,B+,2018,철강금속
세아제강,B이하,C,B이하,B+,2018,철강금속
세아특수강,B이하,B,B이하,B+,2018,철강금속
세아홀딩스,B이하,C,B이하,B이하,2018,기타금융
세우글로벌,B이하,C,B이하,B이하,2018,유통업
세원셀론텍,B이하,C,B이하,B이하,2018,기계
세원정공,B이하,B,B이하,B이하,2018,운수장비
세이브존I&C,B이하,C,B이하,B이하,2018,유통업
세종공업,B이하,C,B이하,B이하,2018,운수장비
세진중공업,B이하,B,B이하,B이하,2018,운수장비
세하,B이하,B,B이하,B+,2018,종이목재
세화아이엠씨,B이하,D,B이하,B이하,2018,기계
셀트리온,B이하,B,B이하,B이하,2018,의약품
송원산업,B이하,D,B이하,B+,2018,화학
수산중공업,B이하,B,B이하,B이하,2018,기계
시디즈,B이하,B,B이하,B이하,2018,기타제조업
신대양제지,B이하,D,B이하,B이하,2018,종이목재
신도리코,B이하,B+,B이하,B이하,2018,전기전자
신라교역,B이하,C,B이하,B이하,2018,"농업, 임업 및 어업"
신성이엔지,B이하,C,B이하,B이하,2018,전기전자
신성통상,B이하,C,B이하,B이하,2018,유통업
신세계,B+,B,A+,B+,2018,유통업
신세계건설,B+,B+,B+,B이하,2018,건설업
신세계인터내셔날,B+,B+,B+,B이하,2018,유통업
신세계푸드,B이하,C,B+,B이하,2018,서비스업
신송홀딩스,B이하,B,B이하,B이하,2018,기타금융
신영와코루,B이하,D,B이하,B이하,2018,섬유의복
신영증권,B이하,B+ 이하,B이하,B이하,2018,증권
신원,B이하,C,B이하,B이하,2018,섬유의복
신일산업,B이하,B,B이하,B이하,2018,유통업
신풍제약,B이하,B,B이하,B이하,2018,의약품
신풍제지,B이하,B,B이하,B+,2018,종이목재
신한,B이하,D,B이하,B이하,2018,건설업
신한지주,A+,A+,A,A+,2018,기타금융
신화실업,B이하,C,B이하,B이하,2018,철강금속
신흥,B이하,B+,B이하,B이하,2018,유통업
쌍방울,B이하,C,B이하,B이하,2018,섬유의복
써니전자,B이하,B,B이하,B이하,2018,전기전자
씨아이테크,B이하,C,B이하,B이하,2018,기타제조업
씨에스윈드,B이하,B+,B이하,B이하,2018,기계
아남전자,B이하,C,B이하,B이하,2018,전기전자
아모레퍼시픽,B+,B,A+,A,2018,화학
아세아,B이하,C,B이하,B이하,2018,서비스업
아세아시멘트,B이하,C,B+,A,2018,비금속광물
아세아제지,B이하,C,B이하,B이하,2018,종이목재
아시아나항공,B이하,B,B이하,B+,2018,운수창고업
아이마켓코리아,B이하,B+,B이하,B이하,2018,유통업
아이에스동서,B이하,C,B이하,B이하,2018,비금속광물
아주캐피탈,B이하,B+ 이하,B이하,B이하,2018,기타금융
아티스,B이하,B,B이하,B이하,2018,유통업
알루코,B이하,C,B이하,B이하,2018,철강금속
알보젠코리아,B이하,B,B이하,B이하,2018,의약품
애경유화,B이하,C,B이하,B+,2018,화학
에넥스,B이하,C,B+,B이하,2018,기타제조업
에스엘,B이하,C,B+,B이하,2018,운수장비
에스원,B이하,C,B이하,B이하,2018,서비스업
에쓰씨엔지니어링,B이하,C,B이하,B이하,2018,건설업
에이블씨엔씨,B이하,D,B이하,B이하,2018,화학
에이엔피,B이하,C,B이하,B이하,2018,전기전자
에이프로젠 KIC,B이하,C,B이하,B이하,2018,기계
에이프로젠제약,B이하,D,B이하,B이하,2018,의약품
엔씨소프트,B이하,B+,B이하,B이하,2018,서비스업
엔에스쇼핑,B이하,B+,B+,B이하,2018,유통업
엔케이,B이하,C,B이하,B이하,2018,기계
엔케이물산,B이하,D,B이하,B이하,2018,유통업
영보화학,B이하,C,B이하,B이하,2018,화학
영원무역,B이하,B,B이하,B이하,2018,유통업
영원무역홀딩스,B이하,C,B이하,B이하,2018,기타금융
영진약품,B이하,B,B이하,B이하,2018,의약품
영풍,B이하,B,B이하,B이하,2018,철강금속
영풍제지,B이하,C,B이하,B이하,2018,종이목재
영화금속,B이하,B,B이하,B이하,2018,운수장비
영흥철강,B이하,B,B이하,B+,2018,철강금속
예스코홀딩스,B이하,B,B+,B이하,2018,기타금융
오뚜기,B+,B,A,B+,2018,음식료품
오리엔트바이오,B이하,C,B이하,B이하,2018,의약품
오리온홀딩스,B이하,D,B이하,B이하,2018,기타금융
용평리조트,B이하,B,B이하,B이하,2018,서비스업
우리들제약,B이하,C,B이하,B이하,2018,의약품
우리들휴브레인,B이하,C,B이하,B이하,2018,유통업
우리은행,B+,B+ 이하,B+,B이하,2018,은행
우리종금,B이하,B+,B이하,B이하,2018,기타금융
우성사료,B이하,C,B이하,B이하,2018,음식료품
우신시스템,B이하,C,B이하,B이하,2018,기계
우진,B이하,B,B이하,B이하,2018,의료정밀
우진플라임,B이하,B,B이하,B이하,2018,기계
웅진,B이하,B,B이하,B이하,2018,기타금융
웅진씽크빅,B이하,C,B이하,B이하,2018,서비스업
웅진에너지,B이하,B,B이하,B+,2018,전기전자
원림,B이하,C,B이하,B이하,2018,섬유의복
웰바이오텍,B이하,C,B이하,B이하,2018,유통업
윌비스,B이하,B,B이하,B이하,2018,유통업
유니드,B이하,C,B이하,B이하,2018,화학
유니온,B이하,C,B이하,B이하,2018,비금속광물
유니온머티리얼,B이하,C,B이하,B이하,2018,비금속광물
유니켐,B이하,B+,B이하,B이하,2018,기타제조업
유니퀘스트,B이하,B+,B이하,B이하,2018,유통업
유성기업,B이하,B,B이하,B이하,2018,운수장비
유수홀딩스,B+,B+,B+,B이하,2018,서비스업
유안타증권,B이하,B+ 이하,B이하,B이하,2018,증권
유양디앤유,B이하,B,B이하,B이하,2018,전기전자
유엔젤,B이하,C,B이하,B이하,2018,서비스업
유유제약,B이하,B,B이하,B이하,2018,의약품
유한양행,B+,B,B+,B+,2018,의약품
유화증권,B이하,B+ 이하,B이하,B이하,2018,증권
율촌화학,B이하,B,B이하,B이하,2018,화학
이건산업,B이하,C,B이하,B이하,2018,종이목재
이구산업,B+,B+,B이하,B+,2018,철강금속
이노션,B이하,B+,B+,B이하,2018,서비스업
이마트,B+,B+,B+,B+,2018,유통업
이수페타시스,B이하,C,A,B+,2018,전기전자
이수화학,B이하,C,B+,B+,2018,화학
이스타코,B이하,C,B이하,B이하,2018,서비스업
이아이디,B이하,C,B이하,B이하,2018,유통업
이연제약,B이하,B,B이하,B이하,2018,의약품
이월드,B이하,C,B이하,B이하,2018,서비스업
이화산업,B이하,C,B이하,B이하,2018,유통업
인디에프,B이하,B,B이하,B이하,2018,섬유의복
인스코비,B이하,C,B이하,B+,2018,통신업
인지컨트롤스,B이하,D,B이하,B이하,2018,운수장비
인천도시가스,B이하,B,B이하,B이하,2018,전기가스업
인터지스,B+,B+,B+,B이하,2018,운수창고업
인팩,B이하,B,B이하,B이하,2018,운수장비
일동제약,B이하,C,B+,B+,2018,의약품
일동홀딩스,B이하,B,B+,B이하,2018,기타금융
일성건설,B이하,B,B이하,B이하,2018,건설업
일성신약,B이하,B,B이하,B이하,2018,의약품
일신방직,B이하,B,B이하,B이하,2018,섬유의복
일신석재,B이하,C,B이하,B이하,2018,유통업
일양약품,B이하,B,B이하,B이하,2018,의약품
일정실업,B이하,C,B이하,B이하,2018,섬유의복
일진다이아,B이하,C,B이하,B이하,2018,화학
일진디스플,B이하,B,B이하,B+,2018,전기전자
일진머티리얼즈,B이하,B,B이하,B+,2018,전기전자
일진전기,B이하,C,B이하,B이하,2018,전기전자
일진홀딩스,B이하,B,B이하,B이하,2018,기타금융
잇츠한불,B이하,B,B이하,B이하,2018,화학
자화전자,B이하,C,B+,B이하,2018,전기전자
전방,B이하,C,B이하,B이하,2018,섬유의복
제이에스코퍼레이션,B이하,B+,B이하,B이하,2018,기타제조업
제이준코스메틱,B이하,C,B이하,B이하,2018,화학
제일기획,B이하,B+,B이하,B이하,2018,서비스업
제일연마,B이하,B,B이하,B이하,2018,비금속광물
제일파마홀딩스,B이하,B,B이하,B이하,2018,서비스업
제주은행,B+,A,B+,B이하,2018,은행
제주항공,B이하,B+,B이하,B이하,2018,운수창고업
조광페인트,B이하,C,B이하,B이하,2018,화학
조광피혁,B이하,B,B이하,B이하,2018,기타제조업
조비,B이하,C,B이하,B이하,2018,화학
조선내화,B이하,D,B+,B이하,2018,비금속광물
조선선재,B이하,B,B이하,B이하,2018,기계
조일알미늄,B이하,C,B이하,B+,2018,철강금속
조흥,B이하,B,B이하,B이하,2018,음식료품
종근당,B이하,B,B+,B이하,2018,의약품
종근당바이오,B이하,B,B이하,B이하,2018,의약품
종근당홀딩스,B이하,B,B+,B이하,2018,기타금융
주연테크,B이하,C,B이하,B이하,2018,전기전자
지엠비코리아,B이하,B,B이하,B이하,2018,운수장비
지역난방공사,A,B+,A,A,2018,전기가스업
지코,B이하,C,B이하,B이하,2018,운수장비
지투알,B이하,B,B+,B이하,2018,서비스업
진도,B이하,C,B이하,B이하,2018,유통업
진양산업,B이하,B,B이하,B이하,2018,화학
진양홀딩스,B이하,B,B이하,B이하,2018,기타금융
진양화학,B이하,C,B이하,B이하,2018,화학
진원생명과학,B이하,C,B이하,B이하,2018,의약품
진흥기업,B이하,C,B이하,B이하,2018,건설업
참엔지니어링,B이하,B+,B이하,B이하,2018,기계
천일고속,B이하,B+,B이하,B이하,2018,운수창고업
청호컴넷,B이하,D,B이하,B이하,2018,기계
체시스,B이하,C,B이하,B이하,2018,운수장비
카카오,B이하,B+,B이하,B이하,2018,서비스업
카프로,B이하,B,B이하,B이하,2018,화학
컨버즈,B이하,C,B이하,B이하,2018,종이목재
케이씨,B이하,B,B+,B이하,2018,의료정밀
케이티스,B이하,B+,B이하,B이하,2018,서비스업
코리아써키트,B이하,C,B+,B+,2018,전기전자
코리아오토글라스,B이하,B,B이하,B+,2018,비금속광물
코리안리,B+,A,B이하,B이하,2018,보험
코스맥스,B이하,B,B이하,B이하,2018,화학
코스맥스비티아이,B이하,B,B이하,B이하,2018,기타금융
코스모신소재,B+,B+,B이하,B+,2018,화학
코스모화학,B이하,B,B이하,B+,2018,화학
코아스,B이하,B,B이하,B이하,2018,기타제조업
코오롱,B이하,B,B이하,B이하,2018,기타금융
코오롱글로벌,B이하,B+,B이하,B이하,2018,건설업
코오롱머티리얼,B이하,B,B이하,B이하,2018,화학
코오롱인더,B+,B,B+,B+,2018,화학
코오롱플라스틱,B이하,B,B이하,B+,2018,화학
코웨이,B+,B,A+,A+,2018,서비스업
콤텍시스템,B이하,C,B이하,B이하,2018,서비스업
쿠쿠홀딩스,C,B,C,C,2018,기타금융
큐로,B이하,B,B이하,B이하,2018,기계
크라운해태홀딩스,B이하,B,B+,B이하,2018,기타금융
키다리스튜디오,B이하,B,B이하,B이하,2018,서비스업
키움증권,B이하,B+ 이하,B이하,B이하,2018,증권
키위미디어그룹,B이하,D,B이하,B이하,2018,유통업
태경산업,B이하,C,B이하,B이하,2018,화학
태경화학,B이하,C,B이하,B이하,2018,화학
태광산업,B이하,C,B이하,B이하,2018,화학
태림포장,B이하,C,B이하,B이하,2018,종이목재
태영건설,B이하,B+,B이하,B이하,2018,건설업
태원물산,B이하,B,B이하,B이하,2018,운수장비
태평양물산,B이하,B,B+,B이하,2018,섬유의복
텔코웨어,B이하,B,B이하,B이하,2018,서비스업
토니모리,B이하,B+,B이하,B이하,2018,화학
티에이치엔,B이하,B,B이하,B이하,2018,전기전자
티웨이홀딩스,B이하,C,B이하,B이하,2018,전기전자
파미셀,B이하,B,B이하,B이하,2018,의약품
팜스코,B이하,B,B이하,B이하,2018,음식료품
팬오션,B+,B+,B이하,B이하,2018,운수창고업
퍼스텍,B이하,B,B이하,B이하,2018,기계
퍼시스,B이하,B,B이하,B이하,2018,기타제조업
페이퍼코리아,B이하,C,B이하,B이하,2018,종이목재
평화산업,B이하,B,B이하,B+,2018,운수장비
평화홀딩스,B이하,B,B이하,B이하,2018,기타금융
포스코강판,B+,B+,A,B+,2018,철강금속
포스코대우,A,B+,A+,A,2018,유통업
폴루스바이오팜,B이하,B,B이하,B이하,2018,전기전자
풀무원,A+,A+,A,A,2018,기타금융
풍산,B+,B,B+,B+,2018,철강금속
풍산홀딩스,B+,B+,B+,B이하,2018,기타금융
필룩스,B이하,C,B이하,B이하,2018,전기전자
하나금융지주,A+,A+,A,A,2018,기타금융
하나투어,B이하,B,B이하,B이하,2018,서비스업
하이스틸,B이하,B,B이하,B이하,2018,철강금속
하이트진로,B이하,C,B이하,B+,2018,음식료품
하이트진로홀딩스,B이하,B,B이하,B이하,2018,기타금융
한국가스공사,B+,B+,A,B+,2018,전기가스업
한국공항,B이하,C,B이하,B이하,2018,운수창고업
한국금융지주,B이하,B+ 이하,B+,B이하,2018,기타금융
한국내화,B이하,D,B이하,B이하,2018,비금속광물
한국쉘석유,B이하,B+,B이하,B이하,2018,화학
한국자산신탁,B이하,B+ 이하,B이하,B이하,2018,기타금융
한국전자홀딩스,B이하,C,B이하,B이하,2018,기타금융
한국제지,B+,B,B+,B+,2018,종이목재
한국종합기술,B이하,B,B이하,B+,2018,서비스업
한국주강,B이하,C,B이하,B이하,2018,기계
한국철강,B이하,B,B이하,B+,2018,철강금속
한국카본,B이하,B,B이하,B이하,2018,기계
한국콜마,B이하,D,B+,B+,2018,화학
한국콜마홀딩스,B이하,C,B이하,B이하,2018,기타금융
한국타이어,B+,B,A+,A,2018,화학
한국타이어월드와이드,B이하,C,A,B이하,2018,기타금융
한국토지신탁,B이하,B+ 이하,B이하,B이하,2018,기타금융
한국항공우주,A,B+,A+,B+,2018,운수장비
한국화장품,B이하,B,B이하,B이하,2018,유통업
한국화장품제조,B이하,C,B이하,B이하,2018,화학
한농화성,B이하,B,B이하,B이하,2018,화학
한독,B+,B+,B+,B+,2018,의약품
한라,B이하,B,B+,B이하,2018,건설업
한라홀딩스,B+,B+,A,B이하,2018,기타금융
한미글로벌,B이하,B,B+,B+,2018,서비스업
한미반도체,B이하,B,B이하,B이하,2018,기계
한미사이언스,B이하,C,B+,B이하,2018,기타금융
한미약품,B+,B,A,B+,2018,의약품
한샘,B이하,B,B이하,B이하,2018,유통업
한섬,B이하,B+,B+,B이하,2018,섬유의복
한성기업,B이하,C,B이하,B이하,2018,음식료품
한세실업,B이하,B,B이하,B이하,2018,섬유의복
한세엠케이,B이하,B+,B이하,B이하,2018,유통업
한세예스24홀딩스,B이하,C,B이하,B이하,2018,기타금융
한솔로지스틱스,B이하,B,B+,B이하,2018,운수창고업
한솔제지,A,A,A,A,2018,종이목재
한솔케미칼,B+,B+,B+,B+,2018,화학
한솔테크닉스,B+,B,B+,B+,2018,전기전자
한솔홀딩스,B+,B+,B+,B이하,2018,기타금융
한솔홈데코,B+,B+,B+,B+,2018,종이목재
한신공영,B이하,B,B+,B이하,2018,건설업
한양증권,B이하,B+ 이하,B+,B이하,2018,증권
한온시스템,B+,B+,B+,B+,2018,기계
한올바이오파마,B이하,B,B이하,B이하,2018,의약품
한익스프레스,B이하,B,B이하,B이하,2018,운수창고업
한일시멘트,C,D,C,C,2018,비금속광물
한일철강,B이하,C,B이하,B이하,2018,철강금속
한일현대시멘트,B이하,C,B+,B+,2018,비금속광물
한전KPS,B+,B+,A,B+,2018,건설업
한전기술,B+,B,A,A,2018,서비스업
한전산업,B이하,D,B이하,B+,2018,서비스업
한진,B이하,B,B+,B이하,2018,운수창고업
한진중공업,B이하,C,B이하,B+,2018,건설업
한진중공업홀딩스,B이하,B+,B이하,B이하,2018,기타금융
한진칼,B이하,C,B이하,B이하,2018,기타금융
한창,B이하,C,B이하,B이하,2018,유통업
한창제지,B이하,C,B이하,B이하,2018,종이목재
한화,A,A,A,A,2018,화학
한화갤러리아타임월드,B이하,C,B+,B+,2018,유통업
한화생명,B+,B+ 이하,B+,B+,2018,보험
한화손해보험,B이하,B+ 이하,B+,B이하,2018,보험
한화에어로스페이스,B+,B,B이하,A,2018,운수장비
한화케미칼,B+,B+,A,B이하,2018,화학
한화투자증권,B이하,B+ 이하,B이하,B이하,2018,증권
해성디에스,A,B+,A+,A,2018,전기전자
해태제과식품,B이하,B,B+,B이하,2018,음식료품
핸즈코퍼레이션,B이하,B,B이하,B+,2018,운수장비
현대건설,A,B+,A,A,2018,건설업
현대그린푸드,B+,B+,B이하,B이하,2018,유통업
현대글로비스,B+,B+,A,B+,2018,운수창고업
현대로템,B+,B+,B+,B+,2018,운수장비
현대리바트,B+,B+,B+,B이하,2018,기타제조업
현대모비스,B+,B,A,A,2018,운수장비
현대미포조선,B+,B+,B+,B+,2018,운수장비
현대백화점,B이하,B+,B+,B이하,2018,유통업
현대비앤지스틸,B이하,C,B+,B+,2018,철강금속
현대상선,B+,B,B+,B+,2018,운수창고업
현대약품,B이하,B,B+,B이하,2018,의약품
현대에이치씨엔,B+,B+,B+,B이하,2018,서비스업
현대위아,B+,B+,B이하,B+,2018,운수장비
현대제철,B이하,C,A,B+,2018,철강금속
현대중공업,B+,B+,B+,A,2018,운수장비
현대차증권,B이하,B+ 이하,B이하,B이하,2018,증권
현대코퍼레이션홀딩스,B이하,B,B이하,B이하,2018,유통업
현대해상,A,A,A+,A,2018,보험
현대홈쇼핑,B+,A,B+,B이하,2018,유통업
형지엘리트,B이하,C,B이하,B이하,2018,섬유의복
혜인,B이하,C,B이하,B이하,2018,유통업
호텔신라,A,A,A,B+,2018,유통업
화성산업,B이하,B+,B이하,B이하,2018,건설업
화승알앤에이,B+,B,B+,B+,2018,운수장비
화승엔터프라이즈,B이하,B,B이하,B이하,2018,기타금융
화신,B이하,C,B이하,B이하,2018,운수장비
화인베스틸,B이하,B,B이하,B+,2018,철강금속
화천기계,B이하,C,B이하,B이하,2018,기계
화천기공,B이하,B,B이하,B이하,2018,기계
환인제약,B이하,B+,B이하,B이하,2018,의약품
황금에스티,B이하,C,B이하,B이하,2018,철강금속
효성,B이하,C,B+,B+,2018,화학
후성,B이하,B,B이하,B+,2018,화학
휠라코리아,B이하,B,B이하,B이하,2018,유통업
휴비스,B+,B+,B+,B+,2018,화학
휴스틸,B이하,B,B이하,B이하,2018,철강금속
휴켐스,B이하,B,B이하,B+,2018,화학
흥국화재,B이하,B+ 이하,B이하,B이하,2018,보험
흥아해운,B이하,C,B이하,B이하,2018,운수창고업
