,기업코드,ESG등급,환경,사회,지배구조,평가년도,업종명
AJ네트웍스,95570,B+,C,B+,B+,2022,서비스업
AK홀딩스,6840,B+,B,A,B,2022,기타금융
AP시스템,265520,D,D,C,C,2022,반도체
BGF,27410,B+,A,A+,B,2022,기타금융
BGF리테일,282330,A,A,A+,A,2022,유통업
BNK금융지주,138930,A,A,A,A,2022,기타금융
BYC,1460,D,D,D,D,2022,섬유의복
CJ,1040,B+,B+,A,B+,2022,기타금융
CJ CGV,79160,B+,B,B+,B+,2022,서비스업
CJ ENM,35760,B+,B+,A,B,2022,방송서비스
CJ대한통운,120,B+,B+,A+,B,2022,운수창고업
CJ씨푸드,11150,B,C,B,B,2022,음식료품
CJ제일제당,97950,A,A,A,B+,2022,음식료품
CJ프레시웨이,51500,A,B,A,A,2022,유통
CMG제약,58820,D,D,D,D,2022,제약
CS홀딩스,590,C,D,D,B,2022,기타금융
DB,12030,B,D,B,B+,2022,서비스업
DB금융투자,16610,B,C,B,B,2022,증권
DB손해보험,5830,B+,B+,A,B+,2022,보험
DB하이텍,990,B,B,B+,B,2022,전기전자
DGB금융지주,139130,A,A+,A+,A,2022,기타금융
DL,210,A,A,A+,A,2022,기타금융
DL건설,1880,A,A,A,B+,2022,건설업
DL이앤씨,375500,A,A,A,A,2022,건설업
DRB동일,4840,C,D,B+,B,2022,화학
DSR,155660,D,D,C,D,2022,철강금속
DSR제강,69730,C,D,C,B,2022,철강금속
E1,17940,B+,B+,B+,B+,2022,유통업
GKL,114090,A,B,A,A,2022,서비스업
GS,78930,A,B+,A+,A,2022,기타금융
GS건설,6360,A,A,A,A,2022,건설업
GS글로벌,1250,B+,C,B+,B+,2022,유통업
GS리테일,7070,A,B+,A,A,2022,유통업
HDC,12630,C,D,B,C,2022,기타금융
HDC현대EP,89470,C,C,B,C,2022,화학
HDC현대산업개발,294870,C,D,C,B,2022,건설업
HMM,11200,A,A+,A,B+,2022,운수창고업
HSD엔진,82740,B+,B,A,B+,2022,기계
JB금융지주,175330,A,A,A+,A,2022,기타금융
JW생명과학,234080,C,C,B+,C,2022,의약품
JW중외제약,1060,C,B,B+,D,2022,의약품
JW홀딩스,96760,B+,C,B+,B+,2022,기타금융
JYP Ent.,35900,B,C,A,B,2022,오락·문화
KCC건설,21320,D,D,D,D,2022,건설
KCI,36670,C,B,B+,C,2022,화학
KC그린홀딩스,9440,D,D,D,C,2022,기타금융
KC코트렐,119650,D,D,D,C,2022,기계
KEC,92220,C,C,D,C,2022,전기전자
KG ETS,151860,D,C,D,D,2022,기타서비스
KG모빌리언스,46440,D,D,D,C,2022,소프트웨어
KG이니시스,35600,D,D,C,D,2022,소프트웨어
KG케미칼,1390,D,D,D,D,2022,화학
KH 필룩스,33180,D,D,C,D,2022,전기전자
KH바텍,60720,B+,B,A,B+,2022,IT부품
KISCO홀딩스,1940,C,C,D,C,2022,철강금속
KPX케미칼,25000,D,C,C,D,2022,화학
KPX홀딩스,92230,C,D,C,C,2022,화학
KR모터스,40,D,D,D,D,2022,운수장비
KSS해운,44450,B+,B+,A,B+,2022,운수창고업
KTcs,58850,A,B+,A,A,2022,서비스업
KTis,58860,B+,B+,B+,B+,2022,서비스업
KT서브마린,60370,C,D,D,B+,2022,건설
LF,93050,B,D,B,B+,2022,섬유의복
LG,3550,A,B+,A+,A,2022,기타금융
LG디스플레이,34220,A,A,A,B+,2022,전기전자
LG생활건강,51900,A,A,A+,A,2022,화학
LG유플러스,32640,A,A,A,A,2022,통신업
LG이노텍,11070,A,A,A+,A,2022,전기전자
LG전자,66570,A,A,A+,A,2022,전기전자
LG헬로비전,37560,A,B,A,A,2022,서비스업
LG화학,51910,B,C,A,B+,2022,화학
LIG넥스원,79550,A,A,A+,A,2022,기계
LS,6260,C,B+,A,C,2022,기타금융
LS네트웍스,680,B,C,B+,B,2022,유통업
LS전선아시아,229640,C,D,D,B,2022,기타금융
LX세미콘,108320,A,A,A+,B+,2022,반도체
LX인터내셔널,1120,A,B+,A,A,2022,유통업
LX하우시스,108670,A,B+,A,A,2022,화학
MH에탄올,23150,C,C,D,B,2022,음식료품
NAVER,35420,A,A,A,A,2022,서비스업
NHN한국사이버결제,60250,C,D,B,C,2022,소프트웨어
NH투자증권,5940,B+,A,A,B+,2022,증권
NICE,34310,B+,C,B+,B+,2022,서비스업
NICE평가정보,30190,B,B,B+,B,2022,기타서비스
NI스틸,8260,D,D,D,C,2022,철강금속
OCI,10060,A,B+,A,A,2022,화학
RFHIC,218410,C,D,D,B,2022,일반전기전자
S-Oil,10950,A,B,A+,A+,2022,화학
SBS,34120,C,D,D,B+,2022,서비스업
SBS콘텐츠허브,46140,C,D,D,B,2022,오락·문화
SFA반도체,36540,D,C,C,D,2022,반도체
SGC에너지,5090,B+,B+,A,B+,2022,전기가스업
SGC이테크건설,16250,B,B,B,B,2022,건설
SG글로벌,1380,D,D,D,D,2022,운수장비
SG세계물산,4060,D,D,D,D,2022,유통업
SHD,1770,D,D,D,C,2022,철강금속
SH에너지화학,2360,C,C,D,B+,2022,화학
SIMPAC,9160,D,D,C,D,2022,기계
SK,34730,A+,A,A,A+,2022,기타금융
SKC,11790,A,B+,A+,A,2022,화학
SK가스,18670,A,A,A+,A,2022,유통업
SK네트웍스,1740,A,A,A+,B+,2022,유통업
SK디스커버리,6120,A,A,A+,B+,2022,기타금융
SK디앤디,210980,A,A,A,A,2022,서비스업
SK렌터카,68400,B+,A,A,B+,2022,서비스업
SK바이오사이언스,302440,A,A,A+,A,2022,의약품
SK바이오팜,326030,A,B+,A,A,2022,서비스업
SK이노베이션,96770,A,B+,A+,A+,2022,화학
SK증권,1510,B+,C,B+,B+,2022,증권
SK케미칼,285130,A+,A+,A+,A,2022,화학
SK텔레콤,17670,A,A+,A+,A,2022,통신업
SK하이닉스,660,B+,B+,A,B+,2022,전기전자
SNT모티브,64960,C,C,D,B,2022,운수장비
SNT에너지,100840,C,D,C,C,2022,기계
SNT중공업,3570,C,C,C,B,2022,운수장비
SNT홀딩스,36530,C,C,C,B,2022,기타금융
SPC삼립,5610,B,C,B+,B,2022,음식료품
STX,11810,C,D,C,C,2022,유통업
STX엔진,77970,C,D,B,D,2022,기계
STX중공업,71970,C,D,B,B,2022,기계
SUN&L,2820,C,D,C,B,2022,종이목재
TCC스틸,2710,C,C,C,C,2022,철강금속
TYM,2900,B+,B,B+,B+,2022,기계
WISCOM,24070,C,D,D,B,2022,화학
YG PLUS,37270,D,D,D,D,2022,서비스업
가온전선,500,B,C,B+,B+,2022,전기전자
강남제비스코,860,C,C,B,B,2022,화학
강원랜드,35250,A,B+,A+,A,2022,서비스업
갤럭시아에스엠,11420,D,D,D,D,2022,서비스업
경농,2100,C,C,D,B,2022,화학
경동나비엔,9450,C,C,B,D,2022,전기전자
경동도시가스,267290,B,C,B+,B,2022,전기가스업
경동인베스트,12320,C,C,B+,C,2022,기타금융
경방,50,D,C,D,D,2022,유통업
경보제약,214390,B+,B,A,B+,2022,의약품
경인양행,12610,C,B,B+,D,2022,화학
경인전자,9140,D,D,D,D,2022,전기전자
계양전기,12200,C,C,B,D,2022,기계
고려산업,2140,D,D,D,D,2022,음식료품
고려아연,10130,B,B+,A,C,2022,철강금속
고려제강,2240,D,C,C,D,2022,철강금속
고영,98460,B,C,B+,B,2022,기계·장비
골프존,215000,B+,B+,A,B,2022,소프트웨어
광동제약,9290,C,D,B,B,2022,의약품
광명전기,17040,D,D,C,D,2022,전기전자
광전자,17900,D,D,D,C,2022,전기전자
광주신세계,37710,B+,B+,A,B+,2022,유통업
교보증권,30610,B+,B+,B+,B+,2022,증권
교촌에프앤비,339770,C,D,C,B,2022,유통업
국도화학,7690,D,C,D,D,2022,화학
국동,5320,D,D,C,D,2022,유통업
국보,1140,D,D,D,D,2022,운수창고업
국일제지,78130,C,C,C,B,2022,종이·목재
국제약품,2720,C,D,C,B,2022,의약품
그린케미칼,83420,D,D,D,D,2022,화학
극동유화,14530,D,D,C,D,2022,화학
금강공업,14280,C,D,D,B,2022,철강금속
금비,8870,D,D,D,D,2022,비금속광물
금양,1570,D,D,D,C,2022,화학
금호건설,2990,C,C,B+,D,2022,건설업
금호에이치티,214330,D,D,D,D,2022,운수장비
금호전기,1210,D,D,C,D,2022,전기전자
금호타이어,73240,B+,B,A,B,2022,화학
기신정기,92440,D,D,D,D,2022,기계
기아,270,B+,A,A,B,2022,운수장비
기업은행,24110,A,A+,A+,B+,2022,은행
까뮤이앤씨,13700,C,D,D,B,2022,건설업
깨끗한나라,4540,C,C,B,C,2022,종이목재
나노스,151910,D,D,D,D,2022,IT부품
나노엔텍,39860,D,D,D,D,2022,의료·정밀기기
나스미디어,89600,B+,B,B,B+,2022,기타서비스
나우IB,293580,D,D,D,C,2022,금융
남광토건,1260,C,D,D,B,2022,건설업
남선알미늄,8350,D,D,D,C,2022,철강금속
남성,4270,D,D,D,D,2022,유통업
남양유업,3920,C,B,B+,D,2022,음식료품
남해화학,25860,C,C,C,C,2022,화학
네오위즈,95660,C,D,C,B,2022,디지털컨텐츠
네이처셀,7390,D,D,D,D,2022,제약
네패스,33640,C,C,B+,D,2022,반도체
넥센,5720,B+,B+,A,B,2022,화학
넥센타이어,2350,B+,B+,A,B,2022,화학
넵튠,217270,C,D,C,C,2022,출판·매체복제
넷마블,251270,B,C,B+,B,2022,서비스업
노루페인트,90350,A,B+,A+,B+,2022,화학
노루홀딩스,320,A,B+,A+,B+,2022,기타금융
녹십자,6280,B+,B,A,B,2022,의약품
녹십자홀딩스,5250,B+,B,A,B+,2022,서비스업
농심,4370,C,B,A,D,2022,음식료품
농심홀딩스,72710,C,B,B+,C,2022,기타금융
농우바이오,54050,D,D,D,D,2022,"농업, 임업 및 어업"
다나와,119860,C,D,C,B,2022,인터넷
다날,64260,D,D,C,D,2022,디지털컨텐츠
다스코,58730,D,D,D,C,2022,기계
다우기술,23590,C,B+,A,C,2022,서비스업
다우데이타,32190,C,D,C,C,2022,유통
다원시스,68240,D,D,C,D,2022,IT부품
다이나믹디자인,145210,D,D,D,C,2022,기계
대교,19680,B,D,B+,B+,2022,서비스업
대구백화점,6370,C,D,D,B+,2022,유통업
대덕,8060,B+,B,A,B,2022,기타금융
대덕전자,353200,B+,B,A,B+,2022,전기전자
대동,490,D,C,C,D,2022,기계
대동전자,8110,C,D,D,B,2022,전기전자
대림통상,6570,D,D,D,D,2022,기계
대상,1680,B+,A,A+,B,2022,음식료품
대상홀딩스,84690,B+,A,A+,B,2022,기타금융
대성산업,128820,D,D,C,D,2022,유통업
대성에너지,117580,C,D,B,C,2022,전기가스업
대성홀딩스,16710,C,D,B,C,2022,서비스업
대신증권,3540,B+,B,B+,B+,2022,증권
대아티아이,45390,C,D,D,B,2022,일반전기전자
대양금속,9190,D,D,D,D,2022,철강금속
대영포장,14160,D,D,D,D,2022,종이목재
대우건설,47040,B+,B+,B+,B+,2022,건설업
대우부품,9320,D,D,D,D,2022,운수장비
대우조선해양,42660,B+,B,B+,B+,2022,운수장비
대웅,3090,B+,B,A,B,2022,기타금융
대웅제약,69620,B+,B,A,B,2022,의약품
대원강업,430,C,C,D,C,2022,운수장비
대원전선,6340,D,D,D,D,2022,전기전자
대원제약,3220,B,D,B,B+,2022,의약품
대원화성,24890,D,C,C,D,2022,화학
대유에이텍,2880,D,D,C,D,2022,운수장비
대유플러스,300,D,D,D,D,2022,전기전자
대주전자재료,78600,D,D,C,C,2022,IT부품
대창,12800,D,D,C,D,2022,철강금속
대창단조,15230,C,C,C,C,2022,운수장비
대한방직,1070,C,D,D,B,2022,섬유의복
대한유화,6650,C,B,B,D,2022,화학
대한전선,1440,A,B+,A+,B+,2022,전기전자
대한제강,84010,D,D,D,C,2022,철강금속
대한제당,1790,D,D,D,C,2022,음식료품
대한제분,1130,D,C,D,D,2022,음식료품
대한항공,3490,A,A,A,A,2022,운수창고업
대한해운,5880,C,C,B+,C,2022,운수창고업
대한화섬,3830,C,C,C,B,2022,화학
대현,16090,C,D,D,B+,2022,섬유의복
대호에이엘,69460,D,C,D,D,2022,철강금속
더블유게임즈,192080,B,D,C,B+,2022,서비스업
더존비즈온,12510,D,D,C,D,2022,서비스업
덕산네오룩스,213420,D,D,C,C,2022,반도체
덕성,4830,D,D,C,C,2022,화학
덕양산업,24900,D,D,C,D,2022,운수장비
데브시스터즈,194480,B,D,B,B+,2022,디지털컨텐츠
덴티움,145720,D,D,C,D,2022,의료정밀
도화엔지니어링,2150,C,D,C,C,2022,서비스업
동국제강,1230,B,B+,B,B,2022,철강금속
동국제약,86450,C,D,B,C,2022,제약
동남합성,23450,C,D,D,B,2022,화학
동방,4140,D,C,C,D,2022,운수창고업
동방아그로,7590,D,D,D,C,2022,화학
동부건설,5960,C,C,B+,C,2022,건설업
동서,26960,D,C,C,D,2022,유통업
동성제약,2210,C,D,D,B,2022,의약품
동성케미컬,102260,B+,B+,A,B,2022,서비스업
동아쏘시오홀딩스,640,A,B,A,A,2022,기타금융
동아에스티,170900,A,B,A,A,2022,의약품
동아지질,28100,D,D,D,D,2022,건설업
동아타이어,282690,D,D,D,C,2022,화학
동양,1520,D,D,D,C,2022,비금속광물
동양고속,84670,D,D,D,D,2022,운수창고업
동양생명,82640,B,D,B,B+,2022,보험
동양철관,8970,D,D,D,D,2022,철강금속
동양피스톤,92780,C,D,B,D,2022,운수장비
동원F&B,49770,B,B,A,C,2022,음식료품
동원개발,13120,D,D,C,C,2022,건설
동원금속,18500,D,D,D,C,2022,운수장비
동원산업,6040,C,B,B+,C,2022,"농업, 임업 및 어업"
동원수산,30720,D,D,D,D,2022,"농업, 임업 및 어업"
동원시스템즈,14820,C,B,B+,D,2022,화학
동일고무벨트,163560,B,C,B+,B,2022,화학
동일산업,4890,C,C,D,B+,2022,철강금속
동일제강,2690,D,D,D,C,2022,철강금속
동진쎄미켐,5290,C,C,B+,D,2022,반도체
동화기업,25900,D,C,C,D,2022,종이·목재
동화약품,20,C,C,B+,C,2022,의약품
두산,150,B+,B+,A,B,2022,서비스업
두산밥캣,241560,B+,B,A,B+,2022,기계
두산퓨얼셀,336260,B+,B+,A+,B,2022,전기전자
두올,16740,D,D,C,C,2022,운수장비
드림어스컴퍼니,60570,C,D,C,B,2022,디지털컨텐츠
드림텍,192650,D,D,D,C,2022,전기전자
디씨엠,24090,C,D,C,B,2022,철강금속
디아이,3160,D,D,C,D,2022,의료정밀
디아이씨,92200,D,D,C,D,2022,운수장비
디와이,13570,C,D,D,B+,2022,기타금융
디와이파워,210540,C,D,D,B,2022,기계
디티알오토모티브,7340,C,C,D,B,2022,전기전자
락앤락,115390,B,B,B+,B,2022,화학
레고켐바이오,141080,C,D,C,B,2022,기타서비스
로보스타,90360,C,D,C,C,2022,기계·장비
롯데관광개발,32350,D,D,C,D,2022,서비스업
롯데손해보험,400,B+,B,B+,B+,2022,보험
롯데쇼핑,23530,A,A,A+,A,2022,유통업
롯데정밀화학,4000,A,A,A+,A,2022,화학
롯데정보통신,286940,A,A,A,A,2022,서비스업
롯데제과,280360,A,B,A,A,2022,음식료품
롯데지주,4990,A,A,A+,B+,2022,기타금융
롯데케미칼,11170,A,B+,A+,A,2022,화학
롯데하이마트,71840,A,A,A+,A,2022,유통업
리노공업,58470,C,D,D,B+,2022,반도체
리더스 기술투자,19570,D,D,D,D,2022,금융
마니커,27740,D,D,D,D,2022,음식료품
만도,204320,A,A,A,B+,2022,운수장비
만호제강,1080,C,D,C,B+,2022,철강금속
매일유업,267980,A,A,A,A,2022,음식료·담배
멀티캠퍼스,67280,B,D,B,B,2022,디지털컨텐츠
메가스터디교육,215200,B,D,B,B,2022,기타서비스
메드팩토,235980,D,D,D,C,2022,기타서비스
메디톡스,86900,D,D,D,C,2022,제약
메리츠금융지주,138040,B,C,C,B+,2022,기타금융
메리츠증권,8560,B+,C,A,B+,2022,증권
메리츠화재,60,B,C,B,B+,2022,보험
메이슨캐피탈,21880,D,D,D,D,2022,금융
메지온,140410,D,D,D,D,2022,기타서비스
메타랩스,90370,D,D,D,D,2022,섬유의복
명문제약,17180,D,D,D,C,2022,의약품
명신산업,9900,D,D,D,D,2022,운수장비
모나리자,12690,D,D,C,D,2022,종이목재
모나미,5360,D,D,D,D,2022,유통업
모두투어,80160,C,D,C,B,2022,기타서비스
모토닉,9680,B,C,B,B+,2022,운수장비
무림P&P,9580,B+,B,A,B+,2022,종이목재
무림페이퍼,9200,B,B,B+,B,2022,종이목재
무학,33920,C,D,C,B,2022,음식료품
문배철강,8420,D,D,D,C,2022,철강금속
미래산업,25560,D,D,D,D,2022,의료정밀
미래아이앤지,7120,D,D,D,D,2022,서비스업
미래에셋생명,85620,B+,B,A,B+,2022,보험
미래에셋증권,6800,A,A,A+,B+,2022,증권
미원상사,2840,C,C,D,C,2022,화학
미원에스씨,268280,C,C,C,B,2022,화학
미원홀딩스,107590,C,C,C,B,2022,기타금융
미원화학,134380,C,C,D,C,2022,화학
바이넥스,53030,D,D,D,D,2022,제약
바이오니아,64550,D,D,D,D,2022,제약
바텍,43150,D,D,D,D,2022,의료·정밀기기
박셀바이오,323990,D,D,D,C,2022,기타서비스
방림,3610,D,D,D,C,2022,섬유의복
백광산업,1340,D,C,D,D,2022,화학
백산,35150,D,D,D,D,2022,화학
범양건영,2410,D,D,C,D,2022,건설업
벽산,7210,D,C,C,D,2022,비금속광물
보락,2760,D,D,D,D,2022,화학
보해양조,890,D,D,D,C,2022,음식료품
부광약품,3000,C,D,D,B,2022,의약품
부국증권,1270,C,D,C,B,2022,증권
부국철강,26940,D,D,D,D,2022,철강금속
부산산업,11390,C,D,D,B,2022,비금속광물
부산주공,5030,D,D,D,D,2022,운수장비
비덴트,121800,D,D,D,D,2022,통신장비
비비안,2070,D,D,D,D,2022,섬유의복
비상교육,100220,B,D,B,B,2022,서비스업
비에이치,90460,C,C,B+,C,2022,IT부품
비케이탑스,30790,D,D,D,D,2022,서비스업
빙그레,5180,A,A,A,B+,2022,음식료품
사람인에이치알,143240,C,D,C,B,2022,인터넷
사조대림,3960,C,B,B,D,2022,음식료품
사조동아원,8040,C,C,B+,C,2022,음식료품
사조산업,7160,C,C,B,D,2022,"농업, 임업 및 어업"
사조씨푸드,14710,C,D,B,B,2022,음식료품
사조오양,6090,C,C,B,D,2022,음식료품
삼강엠앤티,100090,D,C,C,D,2022,금속
삼부토건,1470,D,D,D,C,2022,건설업
삼성SDI,6400,A,A,A+,B+,2022,전기전자
삼성공조,6660,C,D,C,B,2022,운수장비
삼성물산,28260,A,A,A,A,2022,유통업
삼성바이오로직스,207940,A,A,A+,A,2022,의약품
삼성생명,32830,A,A,A+,B+,2022,보험
삼성에스디에스,18260,A,A,A+,A,2022,서비스업
삼성엔지니어링,28050,A,A,A+,B+,2022,서비스업
삼성전기,9150,A,A,A+,A,2022,전기전자
삼성전자,5930,A,A,A+,B+,2022,전기전자
삼성제약,1360,D,D,D,D,2022,의약품
삼성중공업,10140,B+,B+,B+,B+,2022,운수장비
삼성증권,16360,A,A,A+,B+,2022,증권
삼성출판사,68290,C,D,D,B+,2022,서비스업
삼성카드,29780,A,A,A+,A,2022,기타금융
삼아알미늄,6110,C,D,D,B,2022,철강금속
삼양사,145990,B+,B+,A,B,2022,음식료품
삼양식품,3230,B+,A,A+,B,2022,음식료품
삼양통상,2170,C,D,D,B,2022,기타제조업
삼양패키징,272550,B,C,B+,B,2022,화학
삼양홀딩스,70,B+,B+,A,B,2022,기타금융
삼영무역,2810,B,D,C,B+,2022,유통업
삼원강재,23000,C,C,D,C,2022,운수장비
삼익THK,4380,C,C,C,C,2022,기계
삼익악기,2450,D,C,D,D,2022,기타제조업
삼일씨엔에스,4440,D,D,D,D,2022,비금속광물
삼일제약,520,D,D,D,C,2022,의약품
삼정펄프,9770,D,D,C,D,2022,종이목재
삼진제약,5500,D,D,D,D,2022,의약품
삼천당제약,250,D,D,D,C,2022,제약
삼천리,4690,C,C,B+,C,2022,전기가스업
삼표시멘트,38500,C,B,B,C,2022,비금속
삼호개발,10960,B,C,B+,B,2022,건설업
삼화왕관,4450,D,D,D,D,2022,기계
삼화전기,9470,D,D,D,D,2022,전기전자
상상인,38540,D,D,D,D,2022,컴퓨터서비스
상상인증권,1290,D,D,C,D,2022,증권
상신브레이크,41650,D,D,C,C,2022,운수장비
상아프론테크,89980,C,C,B+,C,2022,화학
새론오토모티브,75180,D,D,C,C,2022,운수장비
샘표,7540,C,D,C,C,2022,기타금융
샘표식품,248170,C,D,C,C,2022,음식료품
서부T&D,6730,D,D,D,C,2022,숙박·음식
서연,7860,B+,B,A,B,2022,기타금융
서연이화,200880,B+,B,A,B+,2022,운수장비
서울바이오시스,92190,D,D,C,C,2022,IT부품
서울반도체,46890,B,D,B+,B+,2022,반도체
서원,21050,C,C,D,C,2022,철강금속
서진시스템,178320,D,D,D,D,2022,통신장비
서흥,8490,B,C,B,B+,2022,화학
선도전기,7610,D,D,D,D,2022,전기전자
선진,136490,C,C,B+,C,2022,음식료품
성문전자,14910,D,D,C,D,2022,전기전자
성보화학,3080,D,D,C,C,2022,화학
성신양회,4980,C,C,B,C,2022,비금속광물
성안,11300,C,D,D,B,2022,섬유의복
성우하이텍,15750,D,D,C,D,2022,운송장비·부품
성창기업지주,180,D,D,D,D,2022,서비스업
세기상사,2420,D,D,D,D,2022,서비스업
세방,4360,C,C,C,B,2022,운수창고업
세방전지,4490,C,B,C,C,2022,전기전자
세아제강,306200,B+,B,B+,B+,2022,철강금속
세아제강지주,3030,B,B,B+,B,2022,기타금융
세아특수강,19440,B+,C,B+,A,2022,철강금속
세아홀딩스,58650,C,C,B+,C,2022,철강금속
세우글로벌,13000,D,D,D,D,2022,유통업
세원이앤씨,91090,D,D,C,D,2022,기계
세원정공,21820,D,D,C,D,2022,운수장비
세이브존I&C,67830,C,D,C,C,2022,유통업
세종공업,33530,C,D,B,D,2022,운수장비
세진중공업,75580,D,D,D,C,2022,운수장비
세하,27970,D,D,C,D,2022,종이목재
센트랄모텍,308170,B,D,B,B+,2022,운수장비
센트럴인사이트,12600,D,D,D,D,2022,기계
셀리드,299660,D,D,D,D,2022,기타서비스
셀리버리,268600,C,D,D,B,2022,기타서비스
셀트리온,68270,B,C,B+,B,2022,의약품
셀트리온제약,68760,D,D,C,D,2022,제약
셀트리온헬스케어,91990,B,D,B,B,2022,유통
솔루스첨단소재,336370,C,D,C,B,2022,전기전자
솔브레인,357780,C,C,B+,C,2022,화학
솔브레인홀딩스,36830,C,C,B+,C,2022,기타서비스
송원산업,4430,D,C,C,D,2022,화학
수산중공업,17550,D,D,D,C,2022,기계
스튜디오드래곤,253450,C,C,B,C,2022,오락·문화
시그네틱스,33170,D,C,D,D,2022,반도체
시디즈,134790,C,D,C,C,2022,기타제조업
신대양제지,16590,D,D,C,D,2022,종이목재
신도리코,29530,C,C,D,B+,2022,전기전자
신라교역,4970,D,D,D,C,2022,"농업, 임업 및 어업"
신성이엔지,11930,D,D,C,C,2022,전기전자
신성통상,5390,D,D,D,D,2022,유통업
신세계,4170,A,A,A+,B+,2022,유통업
신세계건설,34300,B+,B,A,B+,2022,건설업
신세계인터내셔날,31430,B+,C,B+,B+,2022,유통업
신세계푸드,31440,B,C,B+,B+,2022,서비스업
신송홀딩스,6880,D,D,D,C,2022,유통업
신영와코루,5800,D,D,D,D,2022,섬유의복
신영증권,1720,B+,C,B+,B+,2022,증권
신원,9270,D,D,C,C,2022,섬유의복
신일전자,2700,D,D,D,D,2022,유통업
신풍제약,19170,D,D,C,D,2022,의약품
신풍제지,2870,D,D,D,C,2022,종이목재
신한지주,55550,A+,A+,A+,A+,2022,기타금융
신화인터텍,56700,D,D,D,C,2022,IT부품
신흥,4080,D,D,C,D,2022,유통업
심텍,222800,C,C,B,D,2022,반도체
쌍방울,102280,D,D,C,D,2022,섬유의복
써니전자,4770,D,D,D,C,2022,전기전자
쎌마테라퓨틱스,15540,D,D,D,D,2022,서비스업
씨아이에스,222080,D,D,D,C,2022,기계·장비
씨아이테크,4920,D,D,D,D,2022,기타제조업
씨에스윈드,112610,C,C,B,C,2022,기계
씨젠,96530,C,B,B+,D,2022,제약
아난티,25980,C,C,B,D,2022,숙박·음식
아남전자,8700,D,D,C,D,2022,전기전자
아모레퍼시픽,90430,A,A,A+,A,2022,화학
아미코젠,92040,C,C,B+,C,2022,음식료·담배
아세아,2030,B+,B,B+,B+,2022,서비스업
아세아시멘트,183190,C,B,B+,C,2022,비금속광물
아세아제지,2310,C,C,B+,D,2022,종이목재
아센디오,12170,D,D,D,D,2022,서비스업
아시아나IDT,267850,C,D,C,C,2022,서비스업
아시아나항공,20560,B,B+,A,C,2022,운수창고업
아이마켓코리아,122900,C,D,B+,C,2022,유통업
아이에스동서,10780,B+,B,A,B+,2022,비금속광물
아이티엠반도체,84850,B,C,B+,B,2022,반도체
아주IB투자,27360,B,C,B+,B,2022,금융
아프리카TV,67160,C,C,B+,D,2022,소프트웨어
안랩,53800,B+,B+,A,B+,2022,소프트웨어
알루코,1780,D,D,C,D,2022,철강금속
알서포트,131370,D,D,C,D,2022,디지털컨텐츠
알테오젠,196170,C,D,C,B+,2022,기타서비스
압타바이오,293780,D,D,D,C,2022,기타서비스
애경산업,18250,A,B+,A+,B+,2022,화학
에넥스,11090,C,D,C,C,2022,기타제조업
에스앤에스텍,101490,C,D,D,B,2022,반도체
에스에프에이,56190,C,D,C,B,2022,기계·장비
에스엘,5850,B+,B,B+,B+,2022,운수장비
에스엠,41510,C,D,B,D,2022,오락·문화
에스엠코어,7820,C,D,D,B,2022,기계·장비
에스원,12750,B+,B+,A,B,2022,서비스업
에스티팜,237690,B+,B,B+,A,2022,제약
에쓰씨엔지니어링,23960,D,D,D,D,2022,건설업
에어부산,298690,D,C,C,D,2022,운수창고업
에이블씨엔씨,78520,B,D,B,B,2022,화학
에이비엘바이오,298380,C,D,D,B+,2022,제약
에이스침대,3800,C,D,C,B,2022,기타제조
에이스테크,88800,D,D,C,C,2022,통신장비
에이엔피,15260,D,D,D,D,2022,전기전자
에이프로젠 MED,7460,D,D,D,D,2022,기계
에이프로젠제약,3060,D,D,D,D,2022,의약품
에이플러스에셋,244920,D,D,D,C,2022,기타금융
에이피티씨,89970,C,D,D,B+,2022,기계·장비
에코마케팅,230360,C,D,D,B,2022,기타서비스
에코프로,86520,C,C,B,D,2022,IT부품
에코프로비엠,247540,B,C,B+,B,2022,일반전기전자
에프에스티,36810,D,D,D,D,2022,반도체
엑세스바이오,950130,D,D,D,D,2022,제약
엔씨소프트,36570,A,B+,A,A,2022,서비스업
엔지켐생명과학,183490,D,D,D,D,2022,제약
엔케이,85310,D,D,D,D,2022,기계
엘비세미콘,61970,D,C,C,D,2022,반도체
엘앤씨바이오,290650,C,D,D,B+,2022,제약
엘앤에프,66970,C,D,B,C,2022,IT부품
엠투엔,33310,D,D,D,D,2022,금속
영보화학,14440,D,C,C,D,2022,화학
영원무역,111770,B+,C,B+,B+,2022,유통업
영원무역홀딩스,9970,C,C,B+,C,2022,기타금융
영진약품,3520,B+,B+,B+,B,2022,의약품
영풍,670,B,C,B+,B,2022,철강금속
영풍정밀,36560,B,C,B,B+,2022,기계·장비
영풍제지,6740,D,C,D,D,2022,종이목재
영화금속,12280,D,D,D,C,2022,운수장비
영흥,12160,C,D,D,B,2022,철강금속
예스코홀딩스,15360,B,C,B,B,2022,기타금융
오뚜기,7310,C,C,B+,C,2022,음식료품
오리엔트바이오,2630,D,D,D,D,2022,의약품
오리온,271560,A,B+,A,A,2022,음식료품
오리온홀딩스,1800,A,B+,A,A,2022,기타금융
오리콤,10470,C,D,C,C,2022,기타서비스
오스코텍,39200,D,D,D,D,2022,제약
오스템임플란트,48260,D,D,D,D,2022,의료·정밀기기
오이솔루션,138080,C,D,D,B,2022,통신장비
오하임아이엔티,309930,D,D,D,C,2022,유통
와이즈버즈,273060,D,D,D,C,2022,기타서비스
와이지엔터테인먼트,122870,C,C,B+,D,2022,오락·문화
와이투솔루션,11690,D,D,D,C,2022,전기전자
용평리조트,70960,D,C,D,D,2022,서비스업
우리금융지주,316140,A,A,A+,B+,2022,기타금융
우리기술투자,41190,D,D,D,D,2022,금융
우신시스템,17370,D,D,D,C,2022,기계
우진,105840,C,D,C,B,2022,의료정밀
우진아이엔에스,10400,C,D,D,B,2022,건설업
우진플라임,49800,D,D,D,D,2022,기계
웅진,16880,C,C,B+,C,2022,기타금융
웅진씽크빅,95720,B+,C,B+,B+,2022,서비스업
원림,5820,D,D,D,C,2022,섬유의복
원익IPS,240810,B,C,B+,B,2022,반도체
원익QnC,74600,D,D,C,C,2022,비금속
원익머트리얼즈,104830,C,C,B,B,2022,반도체
원익홀딩스,30530,C,C,B,D,2022,기계·장비
웰바이오텍,10600,D,D,D,D,2022,유통업
웹젠,69080,C,D,C,C,2022,디지털컨텐츠
위메이드,112040,C,B,B+,C,2022,디지털컨텐츠
윌비스,8600,D,D,D,C,2022,유통업
유니드,14830,B,C,B+,B,2022,화학
유니슨,18000,D,D,D,C,2022,기계·장비
유니온,910,C,C,C,B,2022,비금속광물
유니온머티리얼,47400,D,D,D,C,2022,비금속광물
유니켐,11330,D,D,D,D,2022,기타제조업
유니퀘스트,77500,D,D,D,D,2022,유통업
유바이오로직스,206650,D,D,D,D,2022,제약
유성기업,2920,C,C,C,C,2022,운수장비
유수홀딩스,700,B+,B,B+,B+,2022,서비스업
유안타증권,3470,C,D,C,B,2022,증권
유엔젤,72130,D,D,D,D,2022,서비스업
유유제약,220,C,D,B,D,2022,의약품
유진기업,23410,D,D,C,D,2022,비금속
유진테크,84370,D,D,C,C,2022,반도체
유한양행,100,B+,B,A,B+,2022,의약품
유화증권,3460,D,D,D,C,2022,증권
율촌화학,8730,C,C,C,C,2022,화학
이건산업,8250,D,D,C,D,2022,종이목재
이구산업,25820,C,C,C,C,2022,철강금속
이노션,214320,B+,B,A,B+,2022,서비스업
이녹스첨단소재,272290,C,C,C,C,2022,IT부품
이니텍,53350,B,C,B+,B,2022,소프트웨어
이마트,139480,A,A+,A,B+,2022,유통업
이베스트투자증권,78020,C,D,C,B,2022,금융
이수페타시스,7660,C,B,B+,D,2022,전기전자
이수화학,5950,C,B,B+,D,2022,화학
이스타코,15020,D,D,D,C,2022,서비스업
이아이디,93230,D,D,D,D,2022,유통업
이엔에프테크놀로지,102710,D,D,C,D,2022,화학
이엔플러스,74610,D,D,C,D,2022,기계
이연제약,102460,C,D,D,B+,2022,의약품
이오테크닉스,39030,D,D,D,C,2022,반도체
이월드,84680,D,D,C,D,2022,기타제조업
이화산업,760,D,D,D,D,2022,유통업
인디에프,14990,D,D,D,C,2022,섬유의복
인바이오젠,101140,D,D,D,D,2022,유통업
인선이엔티,60150,D,C,C,D,2022,기타서비스
인스코비,6490,D,D,D,D,2022,통신업
인지컨트롤스,23800,D,D,C,D,2022,운수장비
인천도시가스,34590,C,D,B,B,2022,전기가스업
인크로스,216050,C,D,C,B,2022,기타서비스
인탑스,49070,B,C,B+,B+,2022,IT부품
인터지스,129260,C,C,B,C,2022,운수창고업
인터파크,35080,C,D,C,B,2022,유통
인터플렉스,51370,D,C,D,D,2022,IT부품
인트론바이오,48530,C,D,D,B,2022,제약
인팩,23810,C,D,C,B,2022,운수장비
일동제약,249420,B,C,A+,B,2022,의약품
일동홀딩스,230,B+,C,A+,B+,2022,의약품
일성건설,13360,D,D,D,C,2022,건설업
일성신약,3120,D,D,D,D,2022,의약품
일신방직,3200,D,C,C,D,2022,섬유의복
일신석재,7110,D,D,D,C,2022,유통업
일양약품,7570,C,D,C,B+,2022,의약품
일정실업,8500,D,D,D,C,2022,섬유의복
일진다이아,81000,D,D,D,C,2022,화학
일진디스플,20760,D,D,D,C,2022,전기전자
일진머티리얼즈,20150,D,D,D,D,2022,전기전자
일진전기,103590,D,D,C,D,2022,전기전자
일진홀딩스,15860,C,D,C,B,2022,기타금융
잇츠한불,226320,C,D,C,B,2022,화학
자이에스앤디,317400,B,C,B+,B+,2022,서비스업
자화전자,33240,D,D,C,C,2022,전기전자
전방,950,D,C,C,D,2022,섬유의복
제넥신,95700,D,D,C,D,2022,기타서비스
제이앤티씨,204270,D,D,D,D,2022,일반전기전자
제이에스코퍼레이션,194370,C,D,D,B,2022,기타제조업
제이준코스메틱,25620,D,D,D,C,2022,화학
제일기획,30000,A,B+,A,A,2022,서비스업
제일약품,271980,D,D,D,D,2022,의약품
제일연마,1560,C,D,D,B+,2022,비금속광물
제일파마홀딩스,2620,D,D,D,D,2022,서비스업
제주은행,6220,B+,A,A,B+,2022,은행
제주항공,89590,B,C,B+,B+,2022,운수창고업
젬백스,82270,D,D,D,D,2022,기계·장비
조광페인트,4910,C,C,C,C,2022,화학
조광피혁,4700,C,D,D,B,2022,기타제조업
조비,1550,D,D,D,D,2022,화학
조선내화,480,D,C,C,D,2022,비금속광물
조선선재,120030,D,D,D,C,2022,기계
조일알미늄,18470,C,C,C,B,2022,철강금속
조흥,2600,C,C,C,C,2022,음식료품
종근당,185750,B+,B+,A,B,2022,의약품
종근당바이오,63160,B+,B,A,B,2022,의약품
종근당홀딩스,1630,B+,B+,A,B,2022,의약품
주성엔지니어링,36930,C,C,B,C,2022,반도체
주연테크,44380,D,D,D,D,2022,전기전자
지누스,13890,B+,B,B+,A,2022,기타제조업
지니뮤직,43610,C,C,B,C,2022,디지털컨텐츠
지엠비코리아,13870,D,D,C,D,2022,운수장비
지역난방공사,71320,A+,A,A+,A+,2022,전기가스업
지투알,35000,B,D,B,B+,2022,서비스업
진도,88790,D,D,D,C,2022,유통업
진양산업,3780,D,D,D,D,2022,화학
진양홀딩스,100250,D,D,D,D,2022,화학
진양화학,51630,D,D,D,C,2022,화학
진에어,272450,B+,B,B+,A,2022,운수창고업
진원생명과학,11000,D,D,D,D,2022,의약품
진흥기업,2780,C,D,C,B,2022,건설업
차바이오텍,85660,D,D,D,C,2022,제약
참엔지니어링,9310,C,D,C,B,2022,기계
천보,278280,D,D,D,C,2022,화학
천일고속,650,D,D,D,D,2022,운수창고업
체시스,33250,D,D,D,C,2022,운수장비
카카오,35720,A,A,A,A,2022,서비스업
카카오게임즈,293490,B,D,B+,B,2022,디지털컨텐츠
카카오뱅크,323410,-,-,-,B+,2022,은행
카페24,42000,C,D,D,B,2022,인터넷
카프로,6380,C,C,D,C,2022,화학
컨버즈,109070,D,D,D,C,2022,종이목재
컴투스,78340,D,C,C,D,2022,디지털컨텐츠
케어젠,214370,C,D,D,B+,2022,제약
케이비아이동국실업,1620,D,D,D,D,2022,운수장비
케이씨,29460,C,D,B,C,2022,의료정밀
케이씨텍,281820,C,D,C,B,2022,의료정밀
케이엠더블유,32500,D,D,C,C,2022,통신장비
케이티알파,36030,B+,B,B+,B+,2022,유통
코나아이,52400,D,D,D,D,2022,소프트웨어
코리아센터,290510,C,D,C,B,2022,소프트웨어
코리아써키트,7810,D,C,D,D,2022,전기전자
코리아에셋투자증권,190650,C,D,C,C,2022,금융
코리안리,3690,B+,C,B+,B+,2022,보험
코미코,183300,C,C,B,C,2022,반도체
코미팜,41960,D,D,D,C,2022,제약
코스맥스,192820,B,B+,A,C,2022,화학
코스맥스비티아이,44820,B+,B+,A,B,2022,기타금융
코스모신소재,5070,D,C,C,D,2022,화학
코스모화학,5420,D,C,D,D,2022,화학
코아스,71950,C,D,D,B+,2022,기타제조업
코엔텍,29960,D,C,D,D,2022,기타서비스
코오롱,2020,C,C,A,C,2022,기타금융
코오롱글로벌,3070,C,D,C,B+,2022,건설업
코오롱생명과학,102940,C,D,C,B,2022,제약
코오롱인더,120110,B+,B,A,A,2022,화학
코오롱플라스틱,138490,B,C,B,B+,2022,화학
코웨이,21240,B+,A,A,B,2022,서비스업
코웰패션,33290,D,D,D,D,2022,유통
콜마비앤에이치,200130,B+,B,B+,B+,2022,제약
콤텍시스템,31820,D,D,D,D,2022,서비스업
쿠쿠홀딩스,192400,C,D,D,B,2022,기타금융
쿠쿠홈시스,284740,C,D,D,B,2022,서비스업
큐로,15590,D,D,C,D,2022,기계
큐캐피탈,16600,D,D,D,D,2022,금융
크라운제과,264900,C,C,B,C,2022,음식료품
크라운해태홀딩스,5740,C,C,B,C,2022,기타금융
클래시스,214150,B+,C,B+,A,2022,의료·정밀기기
키다리스튜디오,20120,D,D,D,C,2022,서비스업
키움증권,39490,B,B,C,B,2022,증권
태경비케이,14580,D,C,C,D,2022,비금속광물
태경산업,15890,C,C,C,C,2022,화학
태경케미컬,6890,D,D,C,D,2022,화학
태광산업,3240,D,D,C,C,2022,화학
태림포장,11280,C,C,B+,C,2022,종이목재
태영건설,9410,B+,B+,B,B+,2022,건설업
태원물산,1420,D,D,D,D,2022,운수장비
태평양물산,7980,C,D,B,D,2022,섬유의복
테스,95610,C,D,B,C,2022,반도체
테스나,131970,D,D,C,D,2022,반도체
테이팩스,55490,B+,B,A,B,2022,화학
텔코웨어,78000,D,D,D,C,2022,서비스업
토니모리,214420,C,D,D,B+,2022,화학
톱텍,108230,D,D,C,C,2022,기계·장비
티씨케이,64760,D,D,C,C,2022,반도체
티에스이,131290,C,D,C,B,2022,반도체
티에이치엔,19180,D,D,C,D,2022,전기전자
티와이홀딩스,363280,B+,B+,B,B+,2022,기타금융
티웨이항공,91810,C,D,C,B,2022,운수창고업
티웨이홀딩스,4870,D,D,C,D,2022,비금속광물
티케이케미칼,104480,D,C,C,D,2022,화학
파라다이스,34230,C,D,C,C,2022,오락·문화
파마리서치,214450,C,D,D,B+,2022,제약
파미셀,5690,D,D,D,D,2022,의약품
파크시스템스,140860,D,D,D,C,2022,의료·정밀기기
파트론,91700,D,D,D,C,2022,IT부품
팜스코,36580,B,B,A,C,2022,음식료품
팜젠사이언스,4720,D,D,D,D,2022,의약품
팬오션,28670,B,A,B+,C,2022,운수창고업
퍼스텍,10820,D,D,D,C,2022,기계
퍼시스,16800,D,D,C,D,2022,기타제조업
펄어비스,263750,B,C,B+,B,2022,디지털컨텐츠
페이퍼코리아,1020,D,C,D,D,2022,종이목재
평화산업,90080,C,D,C,B,2022,운수장비
평화홀딩스,10770,C,D,D,B+,2022,운수장비
포스코 ICT,22100,A,B+,A+,B+,2022,기타서비스
포스코엠텍,9520,B+,B+,A,B,2022,금속
포스코인터내셔널,47050,A,B+,A+,A,2022,유통업
포스코케미칼,3670,B+,B+,A,B,2022,비금속광물
풀무원,17810,A,B+,A+,A,2022,음식료품
풍산,103140,B,C,B+,B+,2022,철강금속
풍산홀딩스,5810,B,C,B+,B+,2022,기타금융
플레이디,237820,B,D,B,B+,2022,기타서비스
피에스케이,319660,C,D,C,B,2022,반도체
피엔티,137400,C,D,C,B,2022,기계·장비
하나금융지주,86790,A,A+,A+,A,2022,기타금융
하나마이크론,67310,C,C,B,C,2022,반도체
하나머티리얼즈,166090,D,D,C,C,2022,반도체
하나제약,293480,C,D,C,B,2022,의약품
하나투어,39130,B+,B+,B+,B+,2022,서비스업
하림,136480,B,C,B,B,2022,음식료·담배
하림지주,3380,C,B+,B+,C,2022,금융
하이브,352820,C,D,D,B,2022,서비스업
하이스틸,71090,C,D,C,B,2022,철강금속
하이트진로,80,B,B,B+,B,2022,음식료품
하이트진로홀딩스,140,B,B,B+,B,2022,기타금융
한국가스공사,36460,B+,B+,A,B+,2022,전기가스업
한국공항,5430,C,C,B+,C,2022,운수창고업
한국금융지주,71050,B,D,B+,B+,2022,기타금융
한국내화,10040,C,C,B+,D,2022,비금속광물
한국비엔씨,256840,D,D,D,C,2022,제약
한국쉘석유,2960,C,C,C,B,2022,화학
한국앤컴퍼니,240,B,C,B,B+,2022,기타금융
한국자산신탁,123890,C,C,D,B,2022,기타금융
한국전자홀딩스,6200,D,C,D,D,2022,기타금융
한국정보인증,53300,C,D,C,C,2022,소프트웨어
한국조선해양,9540,B+,B+,A,B+,2022,운수장비
한국종합기술,23350,C,D,C,B,2022,서비스업
한국주강,25890,D,D,D,D,2022,기계
한국철강,104700,C,C,D,B,2022,철강금속
한국카본,17960,C,B+,A,D,2022,기계
한국캐피탈,23760,D,D,D,C,2022,금융
한국콜마,161890,B+,B+,B+,B+,2022,화학
한국콜마홀딩스,24720,B+,B+,B+,B+,2022,기타금융
한국타이어앤테크놀로지,161390,B,B,A,C,2022,화학
한국토지신탁,34830,C,D,C,C,2022,기타금융
한국특강,7280,D,C,C,D,2022,철강금속
한국항공우주,47810,B,B,A,C,2022,운수장비
한국화장품,123690,C,D,C,C,2022,유통업
한국화장품제조,3350,D,D,C,C,2022,화학
한농화성,11500,D,D,D,D,2022,화학
한독,2390,B+,B,A,B+,2022,의약품
한라홀딩스,60980,B+,B+,A,B+,2022,기타금융
한미글로벌,53690,B+,B+,A,B+,2022,서비스업
한미반도체,42700,C,D,D,B,2022,기계
한미사이언스,8930,B+,B,A+,B,2022,기타금융
한미약품,128940,B+,B,A+,B,2022,의약품
한샘,9240,A,B+,A,A,2022,유통업
한섬,20000,B+,A,A,B,2022,섬유의복
한성기업,3680,D,D,D,D,2022,음식료품
한세실업,105630,C,C,B+,C,2022,섬유의복
한세엠케이,69640,C,C,B,C,2022,유통업
한세예스24홀딩스,16450,B+,C,B+,B+,2022,섬유의복
한솔로지스틱스,9180,B+,C,A,B+,2022,운수창고업
한솔제지,213500,B+,B+,A,B+,2022,종이목재
한솔케미칼,14680,B,C,B+,B+,2022,화학
한솔테크닉스,4710,B+,B,A,B+,2022,전기전자
한솔홀딩스,4150,A,B+,A,A,2022,기타금융
한솔홈데코,25750,B,C,B,B+,2022,종이목재
한신공영,4960,D,D,C,D,2022,건설업
한양증권,1750,D,D,D,C,2022,증권
한온시스템,18880,B,B+,A,C,2022,기계
한올바이오파마,9420,C,D,C,C,2022,의약품
한익스프레스,14130,D,D,C,D,2022,운수창고업
한일시멘트,300720,C,B+,A,D,2022,비금속광물
한일철강,2220,D,D,D,D,2022,철강금속
한일현대시멘트,6390,B+,B+,B+,B,2022,비금속광물
한일홀딩스,3300,C,B+,A,D,2022,비금속광물
한전KPS,51600,A,B+,A,A,2022,건설업
한전기술,52690,B+,B,B+,B+,2022,서비스업
한전산업,130660,C,C,B,C,2022,서비스업
한진,2320,B+,B+,A,B+,2022,운수창고업
한진중공업홀딩스,3480,C,D,D,B+,2022,전기가스업
한진칼,180640,A,A,A,A,2022,운수창고업
한창,5110,D,D,D,D,2022,유통업
한창제지,9460,C,C,C,B,2022,종이목재
한화,880,A,A,A+,A,2022,화학
한화생명,88350,A,A,A+,B+,2022,보험
한화손해보험,370,A,A,A,A,2022,보험
한화솔루션,9830,B,A,A,C,2022,화학
한화시스템,272210,A,B+,A+,A,2022,전기전자
한화에어로스페이스,12450,B+,B+,A,B,2022,운수장비
한화투자증권,3530,B+,B+,A,B+,2022,증권
해성디에스,195870,B+,B+,A,B+,2022,전기전자
해태제과식품,101530,C,D,B,C,2022,음식료품
핸즈코퍼레이션,143210,C,C,B,D,2022,운수장비
헬릭스미스,84990,D,D,D,D,2022,기타서비스
현대건설,720,A,A,A,B+,2022,건설업
현대건설기계,267270,A,B+,A,A,2022,기계
현대그린푸드,5440,A,A,A,A,2022,유통업
현대글로비스,86280,A,A,A+,A,2022,운수창고업
현대로템,64350,A,A,A+,A,2022,운수장비
현대리바트,79430,A,A,A,A,2022,기타제조업
현대모비스,12330,A,A,A+,B+,2022,운수장비
현대미포조선,10620,B+,B+,A,B+,2022,운수장비
현대바이오,48410,D,D,D,C,2022,화학
현대바이오랜드,52260,A,B+,A,A,2022,화학
현대백화점,69960,A,A,A,A,2022,유통업
현대비앤지스틸,4560,C,B+,B+,D,2022,철강금속
현대약품,4310,D,D,C,D,2022,의약품
현대에너지솔루션,322000,A,A,A+,B+,2022,전기전자
현대에버다임,41440,A,B,A,A,2022,기계·장비
현대오토에버,307950,B+,B+,A,B+,2022,서비스업
현대위아,11210,A,A,A,B+,2022,운수장비
현대이지웰,90850,A,A,A+,B+,2022,기타서비스
현대일렉트릭,267260,B+,B+,A,B+,2022,전기전자
현대제철,4020,A,A,A,B+,2022,철강금속
현대중공업,329180,B+,B+,A,B+,2022,운수장비
현대차증권,1500,A,B+,A+,B+,2022,증권
현대코퍼레이션,11760,B,C,B,B,2022,유통업
현대코퍼레이션홀딩스,227840,B,C,B,B+,2022,유통업
현대퓨처넷,126560,A,A,A,A,2022,서비스업
현대해상,1450,B+,A,A,B+,2022,보험
현대홈쇼핑,57050,A,A,A+,A,2022,유통업
형지엘리트,93240,D,D,C,D,2022,섬유의복
혜인,3010,D,D,D,D,2022,유통업
호전실업,111110,D,D,D,C,2022,섬유의복
호텔신라,8770,A,B+,A,A,2022,유통업
