업종명,종목명,2012_E,2012_S,2012_G,2013_E,2013_S,2013_G,Diff_E,Diff_S,Diff_G,2012_종가,2013_종가,등락률,연도
1차 산업,동원수산,2.0,1.5,1.5,1.0,1.5,1.5,-1.0,0.0,0.0,14000,14900,0.0642857142857142,"12,13년"
1차 산업,사조산업,1.0,1.5,1.5,1.0,1.5,1.5,0.0,0.0,0.0,56300,29550,-0.475133214920071,"12,13년"
1차 산업,신라교역,2.0,1.5,1.5,2.0,1.5,1.5,0.0,0.0,0.0,24300,29250,0.2037037037037037,"12,13년"
건설업,GS건설,4.0,4.0,4.0,4.0,4.0,4.0,0.0,0.0,0.0,61400,35800,-0.4169381107491857,"12,13년"
건설업,대우건설,3.0,1.5,1.5,3.0,4.0,4.0,0.0,2.5,2.5,9280,8590,-0.074353448275862,"12,13년"
건설업,동부건설,3.0,1.5,1.5,2.0,1.5,1.5,-1.0,0.0,0.0,3400,3340,-0.0176470588235294,"12,13년"
건설업,동아지질,2.0,1.5,1.5,2.0,1.5,1.5,0.0,0.0,0.0,9060,8730,-0.0364238410596026,"12,13년"
건설업,삼부토건,1.0,1.5,1.5,1.0,1.5,1.5,0.0,0.0,0.0,4035,5260,0.3035935563816604,"12,13년"
건설업,삼호개발,2.0,1.5,1.5,2.0,1.5,1.5,0.0,0.0,0.0,2100,2410,0.1476190476190476,"12,13년"
건설업,신세계건설,1.0,1.5,1.5,1.0,3.0,1.5,0.0,1.5,0.0,11200,9950,-0.1116071428571428,"12,13년"
건설업,에쓰씨엔지니어링,1.0,1.5,1.5,1.0,1.5,1.5,0.0,0.0,0.0,2240,1940,-0.1339285714285714,"12,13년"
건설업,일성건설,2.0,1.5,1.5,1.0,1.5,1.5,-1.0,0.0,0.0,5210,5680,0.0902111324376199,"12,13년"
건설업,진흥기업,,1.5,1.5,2.0,3.0,3.0,,1.5,1.5,647,1640,1.534775888717156,"12,13년"
건설업,코오롱글로벌,2.0,1.5,1.5,3.0,1.5,1.5,1.0,0.0,0.0,3140,3870,0.232484076433121,"12,13년"
건설업,태영건설,2.0,1.5,1.5,3.0,1.5,1.5,1.0,0.0,0.0,5480,5720,0.0437956204379562,"12,13년"
건설업,한신공영,2.0,3.0,1.5,2.0,1.5,1.5,0.0,-1.5,0.0,7120,11200,0.5730337078651685,"12,13년"
건설업,한전KPS,2.0,4.0,1.5,2.0,4.0,1.5,0.0,0.0,0.0,60000,53800,-0.1033333333333333,"12,13년"
건설업,현대건설,3.0,4.0,3.0,3.0,3.0,3.0,0.0,-1.0,0.0,65700,60900,-0.0730593607305936,"12,13년"
건설업,화성산업,3.0,1.5,1.5,3.0,1.5,1.5,0.0,0.0,0.0,3610,5580,0.5457063711911357,"12,13년"
금융 및 보험업,AK홀딩스,1.0,1.5,3.0,1.0,1.5,1.5,0.0,0.0,-1.5,22350,40150,0.796420581655481,"12,13년"
금융 및 보험업,CJ,2.0,1.5,1.5,2.0,4.0,1.5,0.0,2.5,0.0,106500,111000,0.0422535211267605,"12,13년"
금융 및 보험업,CS홀딩스,1.0,1.5,,1.0,1.5,1.5,0.0,0.0,,35550,37300,0.0492264416315049,"12,13년"
금융 및 보험업,DGB금융지주,4.0,1.5,3.0,4.0,1.5,3.0,0.0,0.0,0.0,13800,17000,0.2318840579710145,"12,13년"
금융 및 보험업,GS,3.0,1.5,1.5,3.0,1.5,1.5,0.0,0.0,0.0,68600,58500,-0.1472303206997084,"12,13년"
금융 및 보험업,JW홀딩스,2.0,1.5,1.5,2.0,1.5,1.5,0.0,0.0,0.0,2410,2680,0.1120331950207468,"12,13년"
금융 및 보험업,KB금융,5.0,5.0,4.0,5.0,5.0,5.0,0.0,0.0,1.0,37100,42000,0.1320754716981132,"12,13년"
금융 및 보험업,KC그린홀딩스,2.0,1.5,1.5,2.0,1.5,1.5,0.0,0.0,0.0,2935,10450,2.5604770017035774,"12,13년"
금융 및 보험업,LG,2.0,1.5,1.5,4.0,3.0,1.5,2.0,1.5,0.0,66600,62700,-0.0585585585585585,"12,13년"
금융 및 보험업,LS,3.0,1.5,1.5,3.0,1.5,1.5,0.0,0.0,0.0,89200,79300,-0.1109865470852018,"12,13년"
금융 및 보험업,SK,3.0,4.0,4.0,2.0,3.0,1.5,-1.0,-1.0,-2.5,152000,192500,0.2664473684210526,"12,13년"
금융 및 보험업,SK증권,4.0,4.0,1.5,3.0,3.0,1.5,-1.0,-1.0,0.0,1160,803,-0.3077586206896551,"12,13년"
금융 및 보험업,교보증권,2.0,1.5,1.5,2.0,1.5,1.5,0.0,0.0,0.0,4610,4555,-0.0119305856832971,"12,13년"
금융 및 보험업,기업은행,3.0,3.0,1.5,3.0,3.0,3.0,0.0,0.0,1.5,12000,12250,0.0208333333333333,"12,13년"
금융 및 보험업,노루홀딩스,2.0,1.5,1.5,2.0,1.5,1.5,0.0,0.0,0.0,8260,19500,1.360774818401937,"12,13년"
금융 및 보험업,농심홀딩스,2.0,1.5,1.5,2.0,1.5,1.5,0.0,0.0,0.0,62000,76100,0.2274193548387096,"12,13년"
금융 및 보험업,대상홀딩스,2.0,1.5,1.5,1.0,1.5,1.5,-1.0,0.0,0.0,5890,7470,0.2682512733446519,"12,13년"
금융 및 보험업,대신증권,4.0,1.5,1.5,4.0,1.5,1.5,0.0,0.0,0.0,8690,8850,0.0184119677790563,"12,13년"
금융 및 보험업,동양생명,3.0,1.5,1.5,3.0,1.5,1.5,0.0,0.0,0.0,11800,11250,-0.0466101694915254,"12,13년"
금융 및 보험업,동원산업,2.0,1.5,1.5,2.0,1.5,1.5,0.0,0.0,0.0,285000,284000,-0.0035087719298245,"12,13년"
금융 및 보험업,두산,5.0,5.0,5.0,5.0,4.0,5.0,0.0,-1.0,0.0,126000,142000,0.1269841269841269,"12,13년"
금융 및 보험업,롯데손해보험,4.0,4.0,1.5,3.0,3.0,1.5,-1.0,-1.0,0.0,3995,3005,-0.2478097622027534,"12,13년"
금융 및 보험업,미래에셋증권,3.0,3.0,1.5,3.0,3.0,1.5,0.0,0.0,0.0,29600,35800,0.2094594594594594,"12,13년"
금융 및 보험업,부국증권,2.0,1.5,,2.0,1.5,1.5,0.0,0.0,,17550,14100,-0.1965811965811965,"12,13년"
금융 및 보험업,삼성생명,3.0,1.5,1.5,4.0,5.0,4.0,1.0,3.5,2.5,94000,104500,0.1117021276595744,"12,13년"
금융 및 보험업,삼성증권,4.0,5.0,3.0,4.0,3.0,1.5,0.0,-2.0,-1.5,48850,47050,-0.0368474923234391,"12,13년"
금융 및 보험업,삼성카드,3.0,3.0,1.5,2.0,3.0,1.5,-1.0,0.0,0.0,42200,39300,-0.0687203791469194,"12,13년"
금융 및 보험업,삼양홀딩스,2.0,1.5,3.0,2.0,1.5,1.5,0.0,0.0,-1.5,71500,88500,0.2377622377622377,"12,13년"
금융 및 보험업,신영증권,3.0,1.5,,3.0,1.5,1.5,0.0,0.0,,30300,41800,0.3795379537953795,"12,13년"
금융 및 보험업,신한지주,5.0,4.0,3.0,5.0,5.0,4.0,0.0,1.0,1.0,37450,46350,0.2376502002670227,"12,13년"
금융 및 보험업,영원무역홀딩스,2.0,1.5,1.5,1.0,1.5,1.5,-1.0,0.0,0.0,60700,64500,0.0626029654036243,"12,13년"
금융 및 보험업,유화증권,2.0,1.5,,2.0,1.5,1.5,0.0,0.0,,12900,11850,-0.0813953488372093,"12,13년"
금융 및 보험업,일진홀딩스,1.0,1.5,1.5,1.0,1.5,1.5,0.0,0.0,0.0,1680,2430,0.4464285714285714,"12,13년"
금융 및 보험업,코리안리,3.0,1.5,1.5,4.0,1.5,1.5,1.0,0.0,0.0,10700,11900,0.1121495327102803,"12,13년"
금융 및 보험업,코오롱,2.0,3.0,1.5,2.0,1.5,1.5,0.0,-1.5,0.0,17200,19850,0.1540697674418604,"12,13년"
금융 및 보험업,키움증권,3.0,1.5,,3.0,1.5,1.5,0.0,0.0,,55200,55600,0.0072463768115942,"12,13년"
금융 및 보험업,풍산홀딩스,2.0,1.5,1.5,2.0,1.5,1.5,0.0,0.0,0.0,23250,28100,0.2086021505376344,"12,13년"
금융 및 보험업,하나금융지주,5.0,4.0,1.5,5.0,3.0,3.0,0.0,-1.0,1.5,31750,40900,0.2881889763779527,"12,13년"
금융 및 보험업,하이트진로홀딩스,2.0,1.5,1.5,3.0,1.5,1.5,1.0,0.0,0.0,14000,11550,-0.175,"12,13년"
금융 및 보험업,한국금융지주,4.0,1.5,1.5,4.0,1.5,1.5,0.0,0.0,0.0,37300,41350,0.1085790884718498,"12,13년"
금융 및 보험업,한국전자홀딩스,2.0,1.5,,1.0,1.5,1.5,-1.0,0.0,,1215,1060,-0.1275720164609053,"12,13년"
금융 및 보험업,한국콜마홀딩스,1.0,1.5,1.5,1.0,1.5,1.5,0.0,0.0,0.0,10200,10350,0.0147058823529411,"12,13년"
금융 및 보험업,한미사이언스,2.0,1.5,1.5,2.0,1.5,1.5,0.0,0.0,0.0,4700,16000,2.404255319148936,"12,13년"
금융 및 보험업,한양증권,3.0,3.0,1.5,3.0,1.5,1.5,0.0,-1.5,0.0,6830,6220,-0.089311859443631,"12,13년"
금융 및 보험업,한화생명,3.0,1.5,1.5,4.0,1.5,1.5,1.0,0.0,0.0,7690,7100,-0.0767230169050715,"12,13년"
금융 및 보험업,한화손해보험,3.0,1.5,1.5,2.0,1.5,1.5,-1.0,0.0,0.0,7400,4195,-0.4331081081081081,"12,13년"
금융 및 보험업,한화투자증권,2.0,1.5,1.5,3.0,1.5,1.5,1.0,0.0,0.0,3915,3585,-0.0842911877394636,"12,13년"
금융 및 보험업,현대해상,4.0,4.0,1.5,4.0,4.0,1.5,0.0,0.0,0.0,35250,30350,-0.1390070921985815,"12,13년"
금융 및 보험업,효성,3.0,1.5,3.0,3.0,3.0,3.0,0.0,1.5,0.0,60100,71600,0.1913477537437604,"12,13년"
금융 및 보험업,흥국화재,2.0,1.5,1.5,2.0,1.5,1.5,0.0,0.0,0.0,4990,4525,-0.0931863727454909,"12,13년"
서비스업,CJ CGV,2.0,1.5,1.5,2.0,1.5,1.5,0.0,0.0,0.0,33800,49950,0.4778106508875739,"12,13년"
서비스업,GKL,3.0,3.0,,3.0,3.0,1.5,0.0,0.0,,30700,38700,0.260586319218241,"12,13년"
서비스업,KTcs,2.0,1.5,,2.0,1.5,1.5,0.0,0.0,,2170,3100,0.4285714285714285,"12,13년"
서비스업,NICE,2.0,1.5,,2.0,1.5,1.5,0.0,0.0,,57900,12950,-0.7763385146804835,"12,13년"
서비스업,SBS,3.0,1.5,1.5,3.0,1.5,1.5,0.0,0.0,0.0,40700,40050,-0.0159705159705159,"12,13년"
서비스업,강원랜드,3.0,4.0,3.0,3.0,4.0,3.0,0.0,0.0,0.0,25400,29150,0.1476377952755905,"12,13년"
서비스업,녹십자홀딩스,2.0,1.5,1.5,2.0,1.5,1.5,0.0,0.0,0.0,17000,13200,-0.2235294117647059,"12,13년"
서비스업,다우기술,1.0,1.5,,1.0,1.5,1.5,0.0,0.0,,15500,14550,-0.0612903225806451,"12,13년"
서비스업,대교,3.0,1.5,1.5,4.0,1.5,1.5,1.0,0.0,0.0,6020,6710,0.1146179401993355,"12,13년"
서비스업,대성홀딩스,2.0,1.5,1.5,2.0,1.5,1.5,0.0,0.0,0.0,6960,8600,0.2356321839080459,"12,13년"
서비스업,더존비즈온,1.0,1.5,,1.0,1.5,1.5,0.0,0.0,,11000,9960,-0.0945454545454545,"12,13년"
서비스업,도화엔지니어링,3.0,1.5,1.5,3.0,1.5,1.5,0.0,0.0,0.0,9790,5200,-0.4688457609805924,"12,13년"
서비스업,비상교육,2.0,1.5,,2.0,1.5,1.5,0.0,0.0,,13000,12400,-0.0461538461538461,"12,13년"
서비스업,삼성엔지니어링,3.0,3.0,1.5,3.0,4.0,3.0,0.0,1.0,1.5,142500,74700,-0.4757894736842105,"12,13년"
서비스업,삼성출판사,2.0,1.5,,2.0,1.5,1.5,0.0,0.0,,4240,5640,0.330188679245283,"12,13년"
서비스업,성창기업지주,2.0,1.5,1.5,1.0,1.5,1.5,-1.0,0.0,0.0,23900,17700,-0.2594142259414226,"12,13년"
서비스업,신세계푸드,1.0,3.0,1.5,1.0,1.5,1.5,0.0,-1.5,0.0,109000,88900,-0.1844036697247706,"12,13년"
서비스업,에스원,2.0,3.0,1.5,2.0,3.0,1.5,0.0,0.0,0.0,65800,63300,-0.0379939209726443,"12,13년"
서비스업,엔씨소프트,4.0,1.5,1.5,3.0,1.5,1.5,-1.0,0.0,0.0,209000,205500,-0.0167464114832535,"12,13년"
서비스업,웅진씽크빅,2.0,3.0,3.0,1.0,3.0,3.0,-1.0,0.0,0.0,6370,6060,-0.0486656200941915,"12,13년"
서비스업,유엔젤,2.0,1.5,,2.0,1.5,1.5,0.0,0.0,,5900,4355,-0.261864406779661,"12,13년"
서비스업,이스타코,1.0,1.5,,1.0,1.5,1.5,0.0,0.0,,759,1770,1.33201581027668,"12,13년"
서비스업,제일기획,2.0,1.5,1.5,2.0,1.5,1.5,0.0,0.0,0.0,21000,26150,0.2452380952380952,"12,13년"
서비스업,콤텍시스템,2.0,1.5,,2.0,1.5,1.5,0.0,0.0,,1150,1310,0.1391304347826087,"12,13년"
서비스업,텔코웨어,2.0,1.5,,2.0,1.5,1.5,0.0,0.0,,8110,10350,0.2762022194821208,"12,13년"
서비스업,하나투어,3.0,1.5,1.5,2.0,1.5,1.5,-1.0,0.0,0.0,61400,69100,0.1254071661237785,"12,13년"
서비스업,한미글로벌,2.0,1.5,1.5,2.0,1.5,1.5,0.0,0.0,0.0,7080,6920,-0.0225988700564971,"12,13년"
서비스업,한전기술,2.0,4.0,1.5,2.0,1.5,3.0,0.0,-2.5,1.5,64200,56300,-0.1230529595015576,"12,13년"
서비스업,한전산업,1.0,1.5,3.0,1.0,1.5,1.5,0.0,0.0,-1.5,5440,4395,-0.1920955882352941,"12,13년"
에너지업,대성에너지,2.0,1.5,1.5,2.0,1.5,1.5,0.0,0.0,0.0,5610,5710,0.017825311942959,"12,13년"
에너지업,삼천리,3.0,3.0,1.5,3.0,3.0,1.5,0.0,0.0,0.0,97300,131000,0.3463514902363823,"12,13년"
에너지업,인천도시가스,2.0,1.5,1.5,1.0,1.5,1.5,-1.0,0.0,0.0,23150,26900,0.161987041036717,"12,13년"
에너지업,지역난방공사,3.0,3.0,3.0,3.0,3.0,3.0,0.0,0.0,0.0,71300,99200,0.391304347826087,"12,13년"
에너지업,한국가스공사,3.0,3.0,3.0,3.0,4.0,3.0,0.0,1.0,0.0,76600,63900,-0.1657963446475195,"12,13년"
에너지업,한진중공업홀딩스,3.0,1.5,1.5,3.0,1.5,1.5,0.0,0.0,0.0,6970,9150,0.3127690100430416,"12,13년"
운수 및 창고업,CJ대한통운,2.0,3.0,1.5,3.0,4.0,3.0,1.0,1.0,1.5,113500,92300,-0.186784140969163,"12,13년"
운수 및 창고업,E1,2.0,3.0,1.5,2.0,1.5,1.5,0.0,-1.5,0.0,62100,76100,0.2254428341384863,"12,13년"
운수 및 창고업,GS글로벌,2.0,1.5,1.5,2.0,1.5,1.5,0.0,0.0,0.0,13800,9680,-0.2985507246376812,"12,13년"
운수 및 창고업,KSS해운,2.0,1.5,1.5,2.0,1.5,1.5,0.0,0.0,0.0,7000,10250,0.4642857142857143,"12,13년"
운수 및 창고업,LS네트웍스,2.0,1.5,1.5,2.0,1.5,1.5,0.0,0.0,0.0,4320,4820,0.1157407407407407,"12,13년"
운수 및 창고업,SG세계물산,1.0,1.5,1.5,1.0,1.5,1.5,0.0,0.0,0.0,649,700,0.0785824345146379,"12,13년"
운수 및 창고업,SK가스,1.0,3.0,1.5,3.0,3.0,1.5,2.0,0.0,0.0,79000,74900,-0.0518987341772151,"12,13년"
운수 및 창고업,SK네트웍스,4.0,4.0,1.5,4.0,3.0,1.5,0.0,-1.0,0.0,9550,6660,-0.3026178010471204,"12,13년"
운수 및 창고업,STX,2.0,3.0,3.0,2.0,3.0,3.0,0.0,0.0,0.0,8000,1785,-0.776875,"12,13년"
운수 및 창고업,경방,2.0,1.5,1.5,2.0,1.5,1.5,0.0,0.0,0.0,101500,115500,0.1379310344827586,"12,13년"
운수 및 창고업,광주신세계,2.0,3.0,1.5,2.0,3.0,1.5,0.0,0.0,0.0,236000,262000,0.1101694915254237,"12,13년"
운수 및 창고업,국동,2.0,1.5,1.5,1.0,1.5,1.5,-1.0,0.0,0.0,1460,1605,0.0993150684931506,"12,13년"
운수 및 창고업,국보,1.0,1.5,1.5,1.0,1.5,1.5,0.0,0.0,0.0,14100,11800,-0.1631205673758865,"12,13년"
운수 및 창고업,남성,2.0,1.5,1.5,1.0,1.5,1.5,-1.0,0.0,0.0,7400,7830,0.0581081081081081,"12,13년"
운수 및 창고업,대구백화점,2.0,3.0,1.5,2.0,1.5,1.5,0.0,-1.5,0.0,13600,16400,0.2058823529411764,"12,13년"
운수 및 창고업,대성산업,2.0,1.5,1.5,2.0,1.5,1.5,0.0,0.0,0.0,18050,4300,-0.7617728531855956,"12,13년"
운수 및 창고업,대한항공,2.0,4.0,5.0,3.0,4.0,4.0,1.0,0.0,-1.0,48950,34050,-0.3043922369765066,"12,13년"
운수 및 창고업,동방,1.0,1.5,1.5,2.0,1.5,1.5,1.0,0.0,0.0,3950,2570,-0.3493670886075949,"12,13년"
운수 및 창고업,동양고속,2.0,1.5,1.5,2.0,1.5,1.5,0.0,0.0,0.0,22300,24050,0.0784753363228699,"12,13년"
운수 및 창고업,롯데쇼핑,4.0,5.0,4.0,3.0,3.0,4.0,-1.0,-2.0,0.0,337500,402500,0.1925925925925926,"12,13년"
운수 및 창고업,모나미,2.0,1.5,1.5,1.0,1.5,1.5,-1.0,0.0,0.0,4790,2250,-0.5302713987473904,"12,13년"
운수 및 창고업,삼성물산,3.0,4.0,4.0,3.0,4.0,4.0,0.0,0.0,0.0,59300,63000,0.0623946037099494,"12,13년"
운수 및 창고업,삼영무역,2.0,1.5,1.5,2.0,1.5,1.5,0.0,0.0,0.0,10600,16950,0.5990566037735849,"12,13년"
운수 및 창고업,세기상사,1.0,1.5,,2.0,1.5,1.5,1.0,0.0,,31100,28250,-0.0916398713826366,"12,13년"
운수 및 창고업,세방,2.0,1.5,1.5,2.0,1.5,1.5,0.0,0.0,0.0,17800,19100,0.0730337078651685,"12,13년"
운수 및 창고업,세우글로벌,1.0,1.5,1.5,1.0,1.5,1.5,0.0,0.0,0.0,1515,1285,-0.1518151815181518,"12,13년"
운수 및 창고업,세이브존I&C,2.0,1.5,1.5,1.0,1.5,1.5,-1.0,0.0,0.0,2670,4680,0.7528089887640449,"12,13년"
운수 및 창고업,신성통상,1.0,1.5,1.5,1.0,1.5,1.5,0.0,0.0,0.0,1270,1100,-0.1338582677165354,"12,13년"
운수 및 창고업,신세계,3.0,3.0,1.5,3.0,4.0,3.0,0.0,1.0,1.5,195000,267500,0.3717948717948718,"12,13년"
운수 및 창고업,신세계인터내셔날,2.0,1.5,1.5,2.0,1.5,1.5,0.0,0.0,0.0,85600,90200,0.0537383177570093,"12,13년"
운수 및 창고업,신흥,2.0,1.5,1.5,2.0,1.5,1.5,0.0,0.0,0.0,7480,6900,-0.0775401069518716,"12,13년"
운수 및 창고업,아시아나항공,2.0,3.0,4.0,3.0,3.0,4.0,1.0,0.0,0.0,6300,5040,-0.2,"12,13년"
운수 및 창고업,아이마켓코리아,2.0,1.5,1.5,2.0,1.5,1.5,0.0,0.0,0.0,25900,25250,-0.025096525096525,"12,13년"
운수 및 창고업,영원무역,2.0,1.5,1.5,1.0,1.5,1.5,-1.0,0.0,0.0,33800,35900,0.0621301775147929,"12,13년"
운수 및 창고업,윌비스,2.0,1.5,1.5,2.0,1.5,1.5,0.0,0.0,0.0,2915,1080,-0.6295025728987993,"12,13년"
운수 및 창고업,유니퀘스트,2.0,1.5,1.5,2.0,1.5,1.5,0.0,0.0,0.0,6580,13600,1.0668693009118542,"12,13년"
운수 및 창고업,이마트,3.0,3.0,1.5,3.0,3.0,3.0,0.0,0.0,1.5,236500,254000,0.0739957716701902,"12,13년"
운수 및 창고업,이화산업,1.0,1.5,1.5,1.0,1.5,1.5,0.0,0.0,0.0,7510,7970,0.0612516644474034,"12,13년"
운수 및 창고업,일신석재,1.0,1.5,1.5,1.0,1.5,1.5,0.0,0.0,0.0,843,1190,0.4116251482799525,"12,13년"
운수 및 창고업,진도,1.0,1.5,1.5,1.0,1.5,1.5,0.0,0.0,0.0,4380,4400,0.0045662100456621,"12,13년"
운수 및 창고업,천일고속,1.0,1.5,1.5,1.0,1.5,1.5,0.0,0.0,0.0,29900,34100,0.1404682274247491,"12,13년"
운수 및 창고업,한국공항,1.0,1.5,1.5,1.0,3.0,1.5,0.0,1.5,0.0,28500,21700,-0.2385964912280701,"12,13년"
운수 및 창고업,한국화장품,2.0,1.5,1.5,2.0,1.5,1.5,0.0,0.0,0.0,2970,1770,-0.404040404040404,"12,13년"
운수 및 창고업,한샘,2.0,1.5,1.5,3.0,1.5,1.5,1.0,0.0,0.0,18350,43000,1.3433242506811989,"12,13년"
운수 및 창고업,한익스프레스,1.0,1.5,1.5,1.0,1.5,1.5,0.0,0.0,0.0,17700,24650,0.3926553672316384,"12,13년"
운수 및 창고업,한진,1.0,1.5,3.0,2.0,1.5,3.0,1.0,0.0,0.0,23050,18350,-0.2039045553145336,"12,13년"
운수 및 창고업,한창,1.0,1.5,1.5,1.0,1.5,1.5,0.0,0.0,0.0,626,502,-0.1980830670926517,"12,13년"
운수 및 창고업,현대그린푸드,2.0,3.0,1.5,2.0,3.0,1.5,0.0,0.0,0.0,18100,16900,-0.0662983425414364,"12,13년"
운수 및 창고업,현대글로비스,2.0,3.0,1.5,3.0,3.0,1.5,1.0,0.0,0.0,227000,235500,0.0374449339207048,"12,13년"
운수 및 창고업,현대백화점,3.0,3.0,1.5,2.0,3.0,1.5,-1.0,0.0,0.0,135500,169000,0.2472324723247232,"12,13년"
운수 및 창고업,현대홈쇼핑,2.0,3.0,1.5,2.0,1.5,1.5,0.0,-1.5,0.0,129500,168000,0.2972972972972973,"12,13년"
운수 및 창고업,혜인,2.0,1.5,1.5,2.0,1.5,1.5,0.0,0.0,0.0,3715,3595,-0.0323014804845222,"12,13년"
운수 및 창고업,호텔신라,2.0,1.5,1.5,1.0,1.5,1.5,-1.0,0.0,0.0,46000,68500,0.4891304347826087,"12,13년"
운수 및 창고업,흥아해운,2.0,1.5,1.5,2.0,1.5,1.5,0.0,0.0,0.0,1095,1595,0.45662100456621,"12,13년"
의약품,JW중외제약,2.0,1.5,1.5,1.0,1.5,1.5,-1.0,0.0,0.0,14000,15400,0.1,"12,13년"
의약품,광동제약,2.0,1.5,1.5,2.0,1.5,1.5,0.0,0.0,0.0,5260,7290,0.3859315589353612,"12,13년"
의약품,국제약품,2.0,1.5,1.5,1.0,1.5,1.5,-1.0,0.0,0.0,2810,2120,-0.2455516014234875,"12,13년"
의약품,녹십자,2.0,1.5,3.0,1.0,1.5,1.5,-1.0,0.0,-1.5,158000,131000,-0.170886075949367,"12,13년"
의약품,대웅,2.0,1.5,1.5,1.0,1.5,1.5,-1.0,0.0,0.0,20900,37350,0.7870813397129187,"12,13년"
의약품,대웅제약,2.0,3.0,3.0,2.0,1.5,1.5,0.0,-1.5,-1.5,48100,83600,0.738045738045738,"12,13년"
의약품,대원제약,2.0,3.0,1.5,2.0,1.5,1.5,0.0,-1.5,0.0,10850,10550,-0.0276497695852534,"12,13년"
의약품,동성제약,2.0,1.5,1.5,1.0,1.5,1.5,-1.0,0.0,0.0,4790,4290,-0.104384133611691,"12,13년"
의약품,동화약품,3.0,1.5,1.5,2.0,1.5,1.5,-1.0,0.0,0.0,6500,5570,-0.143076923076923,"12,13년"
의약품,명문제약,2.0,1.5,1.5,2.0,1.5,1.5,0.0,0.0,0.0,3420,2485,-0.2733918128654971,"12,13년"
의약품,부광약품,3.0,1.5,1.5,3.0,1.5,1.5,0.0,0.0,0.0,16650,14450,-0.1321321321321321,"12,13년"
의약품,삼성제약,2.0,,1.5,2.0,1.5,1.5,0.0,,0.0,2355,2055,-0.1273885350318471,"12,13년"
의약품,삼일제약,2.0,1.5,1.5,1.0,1.5,1.5,-1.0,0.0,0.0,5570,5450,-0.0215439856373429,"12,13년"
의약품,삼진제약,2.0,1.5,1.5,2.0,1.5,1.5,0.0,0.0,0.0,12150,13500,0.1111111111111111,"12,13년"
의약품,신풍제약,1.0,1.5,1.5,2.0,1.5,1.5,1.0,0.0,0.0,5100,5100,0.0,"12,13년"
의약품,영진약품,2.0,1.5,1.5,2.0,1.5,1.5,0.0,0.0,0.0,1900,1770,-0.0684210526315789,"12,13년"
의약품,오리엔트바이오,1.0,1.5,1.5,1.0,1.5,1.5,0.0,0.0,0.0,814,605,-0.2567567567567567,"12,13년"
의약품,유유제약,2.0,1.5,1.5,2.0,1.5,1.5,0.0,0.0,0.0,7540,6950,-0.0782493368700265,"12,13년"
의약품,유한양행,3.0,1.5,3.0,2.0,1.5,3.0,-1.0,0.0,0.0,188500,187000,-0.0079575596816976,"12,13년"
의약품,이연제약,2.0,1.5,1.5,2.0,1.5,1.5,0.0,0.0,0.0,15400,21000,0.3636363636363636,"12,13년"
의약품,일양약품,2.0,1.5,1.5,2.0,1.5,1.5,0.0,0.0,0.0,25250,28250,0.1188118811881188,"12,13년"
의약품,종근당바이오,1.0,1.5,1.5,2.0,1.5,1.5,1.0,0.0,0.0,13800,16250,0.1775362318840579,"12,13년"
의약품,파미셀,2.0,1.5,1.5,1.0,1.5,1.5,-1.0,0.0,0.0,5830,4500,-0.2281303602058319,"12,13년"
의약품,한미약품,2.0,1.5,1.5,2.0,3.0,3.0,0.0,1.5,1.5,110500,129000,0.167420814479638,"12,13년"
의약품,한올바이오파마,2.0,1.5,1.5,2.0,1.5,1.5,0.0,0.0,0.0,8800,6220,-0.2931818181818181,"12,13년"
의약품,현대약품,3.0,3.0,3.0,2.0,1.5,1.5,-1.0,-1.5,-1.5,1750,1990,0.1371428571428571,"12,13년"
의약품,환인제약,3.0,1.5,1.5,3.0,1.5,1.5,0.0,0.0,0.0,9600,11000,0.1458333333333333,"12,13년"
정보통신업,LG유플러스,3.0,3.0,1.5,4.0,1.5,1.5,1.0,-1.5,0.0,6970,12150,0.7431850789096126,"12,13년"
정보통신업,SK텔레콤,3.0,4.0,5.0,3.0,4.0,4.0,0.0,0.0,-1.0,153500,227000,0.4788273615635179,"12,13년"
제조업,BYC,1.0,1.5,1.5,2.0,1.5,1.5,1.0,0.0,0.0,185000,188500,0.0189189189189189,"12,13년"
제조업,CJ씨푸드,1.0,1.5,1.5,1.0,1.5,1.5,0.0,0.0,0.0,3095,2545,-0.1777059773828756,"12,13년"
제조업,CJ제일제당,3.0,1.5,3.0,2.0,4.0,4.0,-1.0,2.5,1.0,342500,257500,-0.2481751824817518,"12,13년"
제조업,DRB동일,2.0,1.5,1.5,1.0,1.5,1.5,-1.0,0.0,0.0,5810,7760,0.3356282271944922,"12,13년"
제조업,DSR제강,1.0,1.5,1.5,1.0,1.5,1.5,0.0,0.0,0.0,2940,3545,0.20578231292517,"12,13년"
제조업,F&F,2.0,1.5,1.5,2.0,1.5,1.5,0.0,0.0,0.0,6100,6600,0.081967213114754,"12,13년"
제조업,KC코트렐,2.0,1.5,1.5,2.0,1.5,1.5,0.0,0.0,0.0,14000,11250,-0.1964285714285714,"12,13년"
제조업,KEC,1.0,1.5,1.5,2.0,1.5,1.5,1.0,0.0,0.0,542,1000,0.8450184501845018,"12,13년"
제조업,KG케미칼,1.0,1.5,1.5,,1.5,1.5,,0.0,0.0,11550,17500,0.5151515151515151,"12,13년"
제조업,KISCO홀딩스,2.0,1.5,1.5,2.0,1.5,1.5,0.0,0.0,0.0,37400,41800,0.1176470588235294,"12,13년"
제조업,KPX케미칼,2.0,1.5,3.0,3.0,1.5,1.5,1.0,0.0,-1.5,50200,69500,0.3844621513944223,"12,13년"
제조업,KPX홀딩스,2.0,1.5,1.5,2.0,1.5,1.5,0.0,0.0,0.0,40400,48050,0.1893564356435643,"12,13년"
제조업,LG디스플레이,3.0,3.0,3.0,3.0,4.0,3.0,0.0,1.0,0.0,32400,24950,-0.2299382716049382,"12,13년"
제조업,LG생활건강,3.0,5.0,4.0,3.0,5.0,4.0,0.0,0.0,0.0,641000,551000,-0.1404056162246489,"12,13년"
제조업,LG이노텍,3.0,4.0,4.0,3.0,4.0,4.0,0.0,0.0,0.0,75300,85700,0.1381142098273572,"12,13년"
제조업,LG전자,3.0,4.0,4.0,3.0,4.0,4.0,0.0,0.0,0.0,75900,68000,-0.1040843214756258,"12,13년"
제조업,LG화학,3.0,4.0,4.0,4.0,4.0,3.0,1.0,0.0,-1.0,306000,299500,-0.0212418300653594,"12,13년"
제조업,MH에탄올,2.0,1.5,1.5,1.0,1.5,1.5,-1.0,0.0,0.0,3025,3060,0.0115702479338842,"12,13년"
제조업,NI스틸,1.0,1.5,1.5,1.0,1.5,1.5,0.0,0.0,0.0,1610,1805,0.1211180124223602,"12,13년"
제조업,OCI,3.0,4.0,4.0,3.0,4.0,4.0,0.0,0.0,0.0,154000,192000,0.2467532467532467,"12,13년"
제조업,S-Oil,4.0,4.0,5.0,4.0,5.0,5.0,0.0,1.0,0.0,99900,77500,-0.2242242242242242,"12,13년"
제조업,SH에너지화학,2.0,1.5,1.5,1.0,1.5,1.5,-1.0,0.0,0.0,913,886,-0.0295728368017524,"12,13년"
제조업,SIMPAC,2.0,1.5,1.5,1.0,1.5,1.5,-1.0,0.0,0.0,7500,6310,-0.1586666666666666,"12,13년"
제조업,SKC,4.0,4.0,4.0,3.0,4.0,4.0,-1.0,0.0,0.0,44600,32200,-0.2780269058295964,"12,13년"
제조업,SK이노베이션,4.0,3.0,4.0,2.0,4.0,4.0,-2.0,1.0,0.0,160500,149000,-0.0716510903426791,"12,13년"
제조업,SK하이닉스,5.0,5.0,5.0,3.0,5.0,4.0,-2.0,0.0,-1.0,24850,31950,0.2857142857142857,"12,13년"
제조업,STX엔진,2.0,4.0,4.0,2.0,3.0,3.0,0.0,-1.0,-1.0,8000,5240,-0.345,"12,13년"
제조업,WISCOM,3.0,1.5,1.5,2.0,1.5,1.5,-1.0,0.0,0.0,4325,4915,0.1364161849710982,"12,13년"
제조업,가온전선,2.0,1.5,1.5,2.0,1.5,1.5,0.0,0.0,0.0,21650,19550,-0.0969976905311778,"12,13년"
제조업,경농,2.0,1.5,3.0,1.0,1.5,3.0,-1.0,0.0,0.0,3370,3905,0.158753709198813,"12,13년"
제조업,경동나비엔,1.0,1.5,1.5,1.0,1.5,1.5,0.0,0.0,0.0,11450,18150,0.5851528384279476,"12,13년"
제조업,경인양행,2.0,1.5,3.0,2.0,1.5,1.5,0.0,0.0,-1.5,2745,4310,0.5701275045537341,"12,13년"
제조업,경인전자,2.0,1.5,1.5,2.0,1.5,1.5,0.0,0.0,0.0,13700,15600,0.1386861313868613,"12,13년"
제조업,계양전기,2.0,3.0,1.5,2.0,3.0,1.5,0.0,0.0,0.0,2480,3270,0.3185483870967742,"12,13년"
제조업,고려산업,1.0,1.5,1.5,1.0,1.5,1.5,0.0,0.0,0.0,4700,1130,-0.7595744680851064,"12,13년"
제조업,고려아연,3.0,1.5,3.0,2.0,1.5,3.0,-1.0,0.0,0.0,448000,310000,-0.3080357142857143,"12,13년"
제조업,고려제강,1.0,1.5,1.5,1.0,1.5,3.0,0.0,0.0,1.5,31650,36950,0.1674565560821485,"12,13년"
제조업,광명전기,2.0,1.5,1.5,2.0,1.5,1.5,0.0,0.0,0.0,2390,2350,-0.0167364016736401,"12,13년"
제조업,광전자,2.0,1.5,1.5,2.0,1.5,1.5,0.0,0.0,0.0,2125,2455,0.1552941176470588,"12,13년"
제조업,국도화학,2.0,1.5,3.0,2.0,1.5,3.0,0.0,0.0,0.0,42700,50600,0.1850117096018735,"12,13년"
제조업,극동유화,2.0,1.5,1.5,2.0,1.5,1.5,0.0,0.0,0.0,22300,23700,0.0627802690582959,"12,13년"
제조업,금강공업,2.0,1.5,1.5,2.0,1.5,1.5,0.0,0.0,0.0,10650,14600,0.3708920187793427,"12,13년"
제조업,금비,1.0,1.5,1.5,1.0,1.5,1.5,0.0,0.0,0.0,31000,29250,-0.0564516129032258,"12,13년"
제조업,금양,2.0,1.5,1.5,2.0,1.5,1.5,0.0,0.0,0.0,1035,1105,0.0676328502415458,"12,13년"
제조업,금호전기,2.0,1.5,1.5,1.0,1.5,1.5,-1.0,0.0,0.0,27500,26250,-0.0454545454545454,"12,13년"
제조업,금호타이어,1.0,1.5,3.0,2.0,1.5,3.0,1.0,0.0,0.0,13150,12400,-0.0570342205323193,"12,13년"
제조업,기신정기,2.0,1.5,1.5,3.0,1.5,1.5,1.0,0.0,0.0,5970,8000,0.3400335008375209,"12,13년"
제조업,깨끗한나라,1.0,1.5,3.0,2.0,1.5,3.0,1.0,0.0,0.0,4230,5190,0.226950354609929,"12,13년"
제조업,남선알미늄,1.0,1.5,1.5,1.0,1.5,1.5,0.0,0.0,0.0,495,686,0.3858585858585858,"12,13년"
제조업,남양유업,2.0,1.5,1.5,2.0,1.5,3.0,0.0,0.0,1.5,945000,867000,-0.0825396825396825,"12,13년"
제조업,남해화학,1.0,1.5,3.0,1.0,1.5,3.0,0.0,0.0,0.0,9880,7250,-0.2661943319838056,"12,13년"
제조업,넥센,2.0,1.5,1.5,2.0,1.5,1.5,0.0,0.0,0.0,84500,74600,-0.1171597633136094,"12,13년"
제조업,넥센타이어,1.0,1.5,3.0,2.0,1.5,3.0,1.0,0.0,0.0,17050,15900,-0.0674486803519061,"12,13년"
제조업,노루페인트,2.0,1.5,3.0,1.0,1.5,3.0,-1.0,0.0,0.0,4980,5400,0.0843373493975903,"12,13년"
제조업,농심,2.0,1.5,3.0,2.0,1.5,3.0,0.0,0.0,0.0,258000,257000,-0.003875968992248,"12,13년"
제조업,대덕전자,2.0,1.5,1.5,2.0,3.0,3.0,0.0,1.5,1.5,9230,9350,0.0130010834236186,"12,13년"
제조업,대동전자,1.0,1.5,1.5,1.0,1.5,1.5,0.0,0.0,0.0,2210,3200,0.4479638009049774,"12,13년"
제조업,대림통상,2.0,1.5,1.5,1.0,1.5,1.5,-1.0,0.0,0.0,4155,4025,-0.0312876052948255,"12,13년"
제조업,대상,1.0,3.0,1.5,1.0,1.5,3.0,0.0,-1.5,1.5,26450,34700,0.3119092627599243,"12,13년"
제조업,대양금속,1.0,1.5,1.5,,1.5,1.5,,0.0,0.0,187,1120,4.989304812834225,"12,13년"
제조업,대영포장,1.0,1.5,1.5,1.0,1.5,1.5,0.0,0.0,0.0,930,852,-0.0838709677419354,"12,13년"
제조업,대우부품,1.0,1.5,1.5,1.0,1.5,1.5,0.0,0.0,0.0,807,1100,0.3630731102850062,"12,13년"
제조업,대우조선해양,3.0,1.5,3.0,3.0,3.0,3.0,0.0,1.5,0.0,23400,33450,0.4294871794871794,"12,13년"
제조업,대원강업,2.0,1.5,1.5,2.0,1.5,1.5,0.0,0.0,0.0,7610,7510,-0.0131406044678055,"12,13년"
제조업,대원전선,2.0,,1.5,1.0,1.5,1.5,-1.0,,0.0,859,778,-0.0942956926658905,"12,13년"
제조업,대원화성,2.0,1.5,3.0,1.0,1.5,1.5,-1.0,0.0,-1.5,927,1505,0.6235167206040992,"12,13년"
제조업,대유에이텍,1.0,1.5,1.5,1.0,1.5,1.5,0.0,0.0,0.0,1725,1130,-0.344927536231884,"12,13년"
제조업,대창,2.0,1.5,3.0,1.0,1.5,3.0,-1.0,0.0,0.0,1250,1060,-0.152,"12,13년"
제조업,대창단조,1.0,1.5,1.5,2.0,1.5,1.5,1.0,0.0,0.0,47200,48300,0.0233050847457627,"12,13년"
제조업,대한방직,2.0,1.5,1.5,2.0,1.5,1.5,0.0,0.0,0.0,21900,20450,-0.0662100456621004,"12,13년"
제조업,대한유화,2.0,1.5,3.0,1.0,1.5,1.5,-1.0,0.0,-1.5,49750,74500,0.4974874371859296,"12,13년"
제조업,대한전선,2.0,1.5,3.0,1.0,1.5,3.0,-1.0,0.0,0.0,1615,2050,0.2693498452012384,"12,13년"
제조업,대한제강,2.0,3.0,3.0,2.0,1.5,3.0,0.0,-1.5,0.0,9080,6590,-0.2742290748898678,"12,13년"
제조업,대한제당,2.0,1.5,1.5,2.0,1.5,1.5,0.0,0.0,0.0,26450,28000,0.0586011342155009,"12,13년"
제조업,대한제분,2.0,1.5,1.5,2.0,1.5,1.5,0.0,0.0,0.0,125000,143000,0.144,"12,13년"
제조업,대한화섬,1.0,1.5,1.5,1.0,1.5,1.5,0.0,0.0,0.0,64300,59700,-0.0715396578538102,"12,13년"
제조업,대현,2.0,1.5,1.5,2.0,1.5,1.5,0.0,0.0,0.0,1210,2410,0.9917355371900828,"12,13년"
제조업,대호에이엘,1.0,1.5,3.0,1.0,1.5,1.5,0.0,0.0,-1.5,2460,3040,0.2357723577235772,"12,13년"
제조업,덕성,2.0,1.5,1.5,2.0,1.5,1.5,0.0,0.0,0.0,3000,3235,0.0783333333333333,"12,13년"
제조업,덕양산업,2.0,1.5,1.5,1.0,1.5,1.5,-1.0,0.0,0.0,16200,20000,0.2345679012345679,"12,13년"
제조업,동국제강,3.0,1.5,3.0,3.0,1.5,3.0,0.0,0.0,0.0,14000,14850,0.0607142857142857,"12,13년"
제조업,동남합성,1.0,1.5,1.5,1.0,1.5,1.5,0.0,0.0,0.0,35000,33950,-0.03,"12,13년"
제조업,동방아그로,2.0,1.5,1.5,2.0,1.5,1.5,0.0,0.0,0.0,6430,6400,-0.0046656298600311,"12,13년"
제조업,동양,2.0,1.5,1.5,2.0,1.5,1.5,0.0,0.0,0.0,809,462,-0.4289245982694685,"12,13년"
제조업,동양철관,1.0,1.5,1.5,1.0,1.5,1.5,0.0,0.0,0.0,1715,1930,0.1253644314868804,"12,13년"
제조업,동원F&B,2.0,1.5,1.5,1.0,1.5,1.5,-1.0,0.0,0.0,70500,108500,0.5390070921985816,"12,13년"
제조업,동원금속,1.0,1.5,1.5,1.0,1.5,1.5,0.0,0.0,0.0,1770,1765,-0.0028248587570621,"12,13년"
제조업,동원시스템즈,1.0,1.5,1.5,1.0,1.5,1.5,0.0,0.0,0.0,1040,7000,5.730769230769231,"12,13년"
제조업,동일산업,2.0,,3.0,2.0,1.5,1.5,0.0,,-1.5,48550,52700,0.0854788877445932,"12,13년"
제조업,디씨엠,2.0,1.5,1.5,2.0,1.5,1.5,0.0,0.0,0.0,10500,11650,0.1095238095238095,"12,13년"
제조업,디아이,1.0,1.5,1.5,1.0,1.5,1.5,0.0,0.0,0.0,8120,10000,0.2315270935960591,"12,13년"
제조업,디아이씨,2.0,1.5,1.5,2.0,1.5,1.5,0.0,0.0,0.0,4205,4865,0.1569560047562425,"12,13년"
제조업,락앤락,3.0,1.5,1.5,3.0,1.5,1.5,0.0,0.0,0.0,20750,27650,0.3325301204819277,"12,13년"
제조업,마니커,1.0,1.5,1.5,,1.5,1.5,,0.0,0.0,679,699,0.0294550810014727,"12,13년"
제조업,만호제강,2.0,1.5,1.5,2.0,1.5,1.5,0.0,0.0,0.0,14700,15200,0.0340136054421768,"12,13년"
제조업,모나리자,1.0,1.5,1.5,1.0,1.5,3.0,0.0,0.0,1.5,4200,2645,-0.3702380952380952,"12,13년"
제조업,모토닉,2.0,1.5,1.5,2.0,1.5,1.5,0.0,0.0,0.0,12350,9530,-0.2283400809716599,"12,13년"
제조업,무림P&P,2.0,1.5,1.5,2.0,1.5,3.0,0.0,0.0,1.5,3560,6250,0.7556179775280899,"12,13년"
제조업,무림페이퍼,2.0,1.5,3.0,1.0,1.5,3.0,-1.0,0.0,0.0,2495,2395,-0.0400801603206412,"12,13년"
제조업,무학,2.0,1.5,1.5,2.0,1.5,1.5,0.0,0.0,0.0,13450,19200,0.4275092936802974,"12,13년"
제조업,문배철강,2.0,1.5,1.5,1.0,1.5,1.5,-1.0,0.0,0.0,1675,1860,0.1104477611940298,"12,13년"
제조업,미래산업,3.0,1.5,1.5,2.0,1.5,1.5,-1.0,0.0,0.0,529,358,-0.3232514177693761,"12,13년"
제조업,미원상사,2.0,1.5,1.5,2.0,1.5,1.5,0.0,0.0,0.0,133000,192000,0.4436090225563909,"12,13년"
제조업,방림,2.0,1.5,1.5,2.0,1.5,1.5,0.0,0.0,0.0,11600,11500,-0.0086206896551724,"12,13년"
제조업,백광산업,2.0,1.5,3.0,1.0,1.5,3.0,-1.0,0.0,0.0,4235,3760,-0.1121605667060212,"12,13년"
제조업,백산,2.0,1.5,1.5,2.0,1.5,1.5,0.0,0.0,0.0,3900,5900,0.5128205128205128,"12,13년"
제조업,벽산,1.0,1.5,3.0,1.0,1.5,1.5,0.0,0.0,-1.5,2070,2590,0.251207729468599,"12,13년"
제조업,보락,2.0,1.5,3.0,2.0,1.5,1.5,0.0,0.0,-1.5,3285,2800,-0.1476407914764079,"12,13년"
제조업,보해양조,1.0,1.5,3.0,,1.5,1.5,,0.0,-1.5,810,733,-0.0950617283950617,"12,13년"
제조업,부국철강,2.0,1.5,1.5,2.0,1.5,1.5,0.0,0.0,0.0,2030,2075,0.022167487684729,"12,13년"
제조업,부산산업,2.0,1.5,1.5,2.0,1.5,1.5,0.0,0.0,0.0,17100,17350,0.0146198830409356,"12,13년"
제조업,부산주공,2.0,1.5,1.5,2.0,1.5,1.5,0.0,0.0,0.0,1700,1405,-0.1735294117647058,"12,13년"
제조업,빙그레,2.0,3.0,1.5,2.0,3.0,1.5,0.0,0.0,0.0,118500,89500,-0.2447257383966244,"12,13년"
제조업,사조오양,2.0,1.5,1.5,2.0,1.5,1.5,0.0,0.0,0.0,13700,7450,-0.4562043795620438,"12,13년"
제조업,삼성SDI,3.0,4.0,5.0,2.0,4.0,5.0,-1.0,0.0,0.0,137000,177000,0.291970802919708,"12,13년"
제조업,삼성공조,2.0,1.5,1.5,2.0,1.5,1.5,0.0,0.0,0.0,7430,8240,0.1090174966352624,"12,13년"
제조업,삼성전기,4.0,5.0,5.0,4.0,5.0,5.0,0.0,0.0,0.0,93400,81500,-0.1274089935760171,"12,13년"
제조업,삼성전자,4.0,4.0,4.0,4.0,3.0,4.0,0.0,-1.0,0.0,1310000,1465000,0.1183206106870229,"12,13년"
제조업,삼성중공업,2.0,5.0,3.0,2.0,4.0,3.0,0.0,-1.0,0.0,33350,38950,0.1679160419790105,"12,13년"
제조업,삼아알미늄,2.0,1.5,1.5,2.0,1.5,1.5,0.0,0.0,0.0,3300,2770,-0.1606060606060606,"12,13년"
제조업,삼양사,2.0,3.0,1.5,2.0,3.0,3.0,0.0,0.0,1.5,52800,44300,-0.1609848484848484,"12,13년"
제조업,삼양식품,1.0,1.5,1.5,1.0,1.5,1.5,0.0,0.0,0.0,28350,24400,-0.1393298059964726,"12,13년"
제조업,삼양통상,2.0,1.5,1.5,2.0,1.5,1.5,0.0,0.0,0.0,22900,25800,0.1266375545851528,"12,13년"
제조업,삼원강재,1.0,1.5,1.5,1.0,1.5,1.5,0.0,0.0,0.0,4585,4125,-0.1003271537622682,"12,13년"
제조업,삼익THK,2.0,1.5,1.5,2.0,1.5,1.5,0.0,0.0,0.0,5920,7910,0.3361486486486486,"12,13년"
제조업,삼익악기,2.0,1.5,1.5,1.0,1.5,1.5,-1.0,0.0,0.0,1570,1825,0.1624203821656051,"12,13년"
제조업,삼정펄프,2.0,1.5,1.5,2.0,1.5,1.5,0.0,0.0,0.0,49100,50700,0.0325865580448065,"12,13년"
제조업,삼화왕관,1.0,1.5,1.5,1.0,1.5,1.5,0.0,0.0,0.0,21900,27750,0.2671232876712329,"12,13년"
제조업,삼화전기,1.0,1.5,1.5,2.0,1.5,1.5,1.0,0.0,0.0,3230,6880,1.130030959752322,"12,13년"
제조업,상신브레이크,2.0,1.5,1.5,2.0,1.5,1.5,0.0,0.0,0.0,3980,6000,0.507537688442211,"12,13년"
제조업,새론오토모티브,2.0,1.5,3.0,1.0,1.5,3.0,-1.0,0.0,0.0,5670,8110,0.4303350970017636,"12,13년"
제조업,서원,2.0,1.5,1.5,2.0,1.5,1.5,0.0,0.0,0.0,3545,1860,-0.4753173483779971,"12,13년"
제조업,선도전기,1.0,1.5,1.5,1.0,1.5,1.5,0.0,0.0,0.0,2500,2715,0.086,"12,13년"
제조업,성문전자,1.0,1.5,1.5,1.0,1.5,1.5,0.0,0.0,0.0,2080,1830,-0.1201923076923077,"12,13년"
제조업,성보화학,2.0,1.5,1.5,1.0,1.5,1.5,-1.0,0.0,0.0,25000,29100,0.164,"12,13년"
제조업,성신양회,2.0,1.5,3.0,3.0,1.5,3.0,1.0,0.0,0.0,4270,5600,0.3114754098360656,"12,13년"
제조업,성안,1.0,1.5,1.5,1.0,1.5,1.5,0.0,0.0,0.0,1380,710,-0.4855072463768116,"12,13년"
제조업,세방전지,3.0,3.0,3.0,2.0,1.5,3.0,-1.0,-1.5,0.0,46400,49800,0.0732758620689655,"12,13년"
제조업,세아제강,2.0,1.5,3.0,2.0,1.5,3.0,0.0,0.0,0.0,94100,90300,-0.0403825717321997,"12,13년"
제조업,세아특수강,2.0,1.5,1.5,3.0,1.5,1.5,1.0,0.0,0.0,19050,26350,0.3832020997375328,"12,13년"
제조업,세아홀딩스,2.0,1.5,1.5,2.0,1.5,1.5,0.0,0.0,0.0,94000,98300,0.0457446808510638,"12,13년"
제조업,세원정공,2.0,1.5,1.5,1.0,1.5,1.5,-1.0,0.0,0.0,17350,25200,0.4524495677233429,"12,13년"
제조업,세종공업,2.0,1.5,3.0,2.0,1.5,1.5,0.0,0.0,-1.5,12450,16650,0.3373493975903614,"12,13년"
제조업,세하,2.0,1.5,1.5,1.0,1.5,1.5,-1.0,0.0,0.0,820,744,-0.0926829268292682,"12,13년"
제조업,송원산업,2.0,1.5,3.0,1.0,1.5,3.0,-1.0,0.0,0.0,10800,11450,0.0601851851851851,"12,13년"
제조업,수산중공업,1.0,1.5,1.5,1.0,1.5,1.5,0.0,0.0,0.0,1655,1330,-0.1963746223564954,"12,13년"
제조업,신대양제지,1.0,1.5,1.5,1.0,1.5,1.5,0.0,0.0,0.0,20900,25000,0.1961722488038277,"12,13년"
제조업,신도리코,2.0,1.5,3.0,2.0,3.0,3.0,0.0,1.5,0.0,66200,70000,0.0574018126888217,"12,13년"
제조업,신성이엔지,1.0,1.5,1.5,1.0,1.5,1.5,0.0,0.0,0.0,1520,940,-0.3815789473684211,"12,13년"
제조업,신영와코루,2.0,1.5,1.5,1.0,1.5,1.5,-1.0,0.0,0.0,96400,100000,0.0373443983402489,"12,13년"
제조업,신원,2.0,1.5,1.5,2.0,1.5,1.5,0.0,0.0,0.0,1705,1250,-0.2668621700879765,"12,13년"
제조업,쌍방울,1.0,1.5,1.5,1.0,1.5,1.5,0.0,0.0,0.0,1195,772,-0.3539748953974895,"12,13년"
제조업,써니전자,1.0,1.5,1.5,1.0,1.5,1.5,0.0,0.0,0.0,6100,4060,-0.3344262295081967,"12,13년"
제조업,아남전자,1.0,1.5,1.5,2.0,1.5,1.5,1.0,0.0,0.0,653,694,0.0627871362940275,"12,13년"
제조업,아모레퍼시픽,3.0,5.0,4.0,3.0,4.0,3.0,0.0,-1.0,-1.0,1240000,870000,-0.2983870967741935,"12,13년"
제조업,아세아제지,1.0,1.5,1.5,1.0,1.5,1.5,0.0,0.0,0.0,13750,21450,0.56,"12,13년"
제조업,아이에스동서,1.0,1.5,1.5,1.0,1.5,1.5,0.0,0.0,0.0,10850,16450,0.5161290322580645,"12,13년"
제조업,에넥스,2.0,1.5,1.5,1.0,1.5,1.5,-1.0,0.0,0.0,519,563,0.0847784200385356,"12,13년"
제조업,에스엘,2.0,3.0,1.5,2.0,1.5,1.5,0.0,-1.5,0.0,12650,14800,0.1699604743083003,"12,13년"
제조업,에이블씨엔씨,2.0,1.5,1.5,2.0,1.5,1.5,0.0,0.0,0.0,90800,31200,-0.6563876651982379,"12,13년"
제조업,에이엔피,1.0,1.5,1.5,1.0,1.5,1.5,0.0,0.0,0.0,1275,1125,-0.1176470588235294,"12,13년"
제조업,엔케이,2.0,1.5,1.5,1.0,1.5,1.5,-1.0,0.0,0.0,3800,3705,-0.025,"12,13년"
제조업,영보화학,1.0,1.5,1.5,1.0,1.5,1.5,0.0,0.0,0.0,3275,3735,0.1404580152671755,"12,13년"
제조업,영풍,1.0,1.5,3.0,1.0,1.5,3.0,0.0,0.0,0.0,1008000,1410000,0.3988095238095238,"12,13년"
제조업,영풍제지,2.0,1.5,1.5,1.0,1.5,1.5,-1.0,0.0,0.0,15900,19000,0.1949685534591195,"12,13년"
제조업,영화금속,1.0,1.5,1.5,1.0,1.5,1.5,0.0,0.0,0.0,1360,1005,-0.2610294117647059,"12,13년"
제조업,오뚜기,1.0,1.5,3.0,1.0,1.5,3.0,0.0,0.0,0.0,237000,342500,0.4451476793248945,"12,13년"
제조업,우신시스템,2.0,1.5,1.5,2.0,1.5,1.5,0.0,0.0,0.0,2190,2895,0.3219178082191781,"12,13년"
제조업,우진,2.0,1.5,1.5,3.0,1.5,1.5,1.0,0.0,0.0,13900,7910,-0.4309352517985611,"12,13년"
제조업,우진플라임,2.0,1.5,1.5,1.0,1.5,1.5,-1.0,0.0,0.0,4155,6100,0.4681107099879663,"12,13년"
제조업,원림,2.0,1.5,1.5,1.0,1.5,1.5,-1.0,0.0,0.0,13600,14900,0.0955882352941176,"12,13년"
제조업,유니드,2.0,1.5,3.0,2.0,1.5,1.5,0.0,0.0,-1.5,36550,66500,0.8194254445964432,"12,13년"
제조업,유니온,2.0,1.5,1.5,2.0,1.5,1.5,0.0,0.0,0.0,4465,4540,0.0167973124300112,"12,13년"
제조업,유니켐,1.0,1.5,1.5,1.0,1.5,1.5,0.0,0.0,0.0,414,520,0.2560386473429952,"12,13년"
제조업,유성기업,1.0,1.5,3.0,2.0,1.5,1.5,1.0,0.0,-1.5,2980,5070,0.7013422818791947,"12,13년"
제조업,율촌화학,2.0,1.5,1.5,2.0,1.5,1.5,0.0,0.0,0.0,8610,12450,0.445993031358885,"12,13년"
제조업,이건산업,1.0,1.5,1.5,1.0,1.5,1.5,0.0,0.0,0.0,6280,12900,1.0541401273885351,"12,13년"
제조업,이구산업,2.0,1.5,1.5,2.0,1.5,1.5,0.0,0.0,0.0,1360,1305,-0.0404411764705882,"12,13년"
제조업,이수페타시스,1.0,1.5,1.5,1.0,1.5,1.5,0.0,0.0,0.0,4340,7050,0.6244239631336406,"12,13년"
제조업,이수화학,2.0,1.5,3.0,1.0,3.0,3.0,-1.0,1.5,0.0,21150,16500,-0.2198581560283688,"12,13년"
제조업,이월드,1.0,1.5,1.5,1.0,1.5,1.5,0.0,0.0,0.0,791,903,0.1415929203539823,"12,13년"
제조업,인디에프,1.0,1.5,1.5,1.0,1.5,1.5,0.0,0.0,0.0,595,909,0.5277310924369748,"12,13년"
제조업,인지컨트롤스,1.0,1.5,1.5,1.0,1.5,1.5,0.0,0.0,0.0,7290,5290,-0.2743484224965706,"12,13년"
제조업,인팩,2.0,1.5,1.5,1.0,1.5,1.5,-1.0,0.0,0.0,3630,5640,0.5537190082644629,"12,13년"
제조업,일신방직,2.0,1.5,1.5,3.0,1.5,1.5,1.0,0.0,0.0,79100,110500,0.3969658659924147,"12,13년"
제조업,일정실업,1.0,1.5,1.5,2.0,1.5,1.5,1.0,0.0,0.0,14900,23800,0.5973154362416108,"12,13년"
제조업,일진다이아,2.0,1.5,1.5,2.0,1.5,1.5,0.0,0.0,0.0,6710,7860,0.1713859910581222,"12,13년"
제조업,일진디스플,1.0,1.5,1.5,1.0,1.5,1.5,0.0,0.0,0.0,21500,15000,-0.3023255813953488,"12,13년"
제조업,일진전기,2.0,3.0,3.0,1.0,1.5,1.5,-1.0,-1.5,-1.5,4600,6140,0.3347826086956522,"12,13년"
제조업,자화전자,2.0,1.5,1.5,1.0,1.5,1.5,-1.0,0.0,0.0,14550,21100,0.4501718213058419,"12,13년"
제조업,전방,2.0,1.5,1.5,2.0,1.5,1.5,0.0,0.0,0.0,24050,29050,0.2079002079002079,"12,13년"
제조업,제일연마,1.0,1.5,1.5,2.0,1.5,1.5,1.0,0.0,0.0,5390,6320,0.1725417439703154,"12,13년"
제조업,조광페인트,2.0,1.5,3.0,1.0,1.5,1.5,-1.0,0.0,-1.5,7240,7390,0.0207182320441988,"12,13년"
제조업,조광피혁,3.0,1.5,1.5,2.0,1.5,1.5,-1.0,0.0,0.0,17400,37100,1.132183908045977,"12,13년"
제조업,조비,1.0,1.5,1.5,,1.5,1.5,,0.0,0.0,13850,11650,-0.1588447653429603,"12,13년"
제조업,조선내화,2.0,1.5,1.5,2.0,3.0,1.5,0.0,1.5,0.0,63300,78800,0.244865718799368,"12,13년"
제조업,조선선재,1.0,1.5,1.5,1.0,1.5,1.5,0.0,0.0,0.0,36000,41100,0.1416666666666666,"12,13년"
제조업,조일알미늄,2.0,1.5,3.0,2.0,1.5,3.0,0.0,0.0,0.0,1370,1065,-0.2226277372262773,"12,13년"
제조업,조흥,2.0,1.5,3.0,1.0,1.5,1.5,-1.0,0.0,-1.5,70000,87900,0.2557142857142857,"12,13년"
제조업,주연테크,2.0,1.5,1.5,1.0,1.5,1.5,-1.0,0.0,0.0,1235,625,-0.4939271255060729,"12,13년"
제조업,진양산업,2.0,1.5,1.5,1.0,1.5,1.5,-1.0,0.0,0.0,2620,2420,-0.0763358778625954,"12,13년"
제조업,진양홀딩스,2.0,1.5,1.5,2.0,1.5,1.5,0.0,0.0,0.0,1630,2080,0.2760736196319018,"12,13년"
제조업,진양화학,2.0,1.5,1.5,2.0,1.5,1.5,0.0,0.0,0.0,1655,2135,0.2900302114803625,"12,13년"
제조업,참엔지니어링,1.0,1.5,1.5,2.0,1.5,1.5,1.0,0.0,0.0,1920,2365,0.2317708333333333,"12,13년"
제조업,체시스,1.0,1.5,1.5,1.0,1.5,1.5,0.0,0.0,0.0,1705,2000,0.1730205278592375,"12,13년"
제조업,카프로,2.0,1.5,3.0,2.0,1.5,3.0,0.0,0.0,0.0,12900,7770,-0.3976744186046511,"12,13년"
제조업,코리아써키트,1.0,1.5,1.5,1.0,1.5,1.5,0.0,0.0,0.0,19000,13500,-0.2894736842105263,"12,13년"
제조업,코스모신소재,2.0,1.5,1.5,1.0,1.5,1.5,-1.0,0.0,0.0,4705,5310,0.128586609989373,"12,13년"
제조업,코스모화학,2.0,1.5,3.0,2.0,1.5,3.0,0.0,0.0,0.0,9600,9660,0.00625,"12,13년"
제조업,코아스,1.0,1.5,1.5,2.0,1.5,1.5,1.0,0.0,0.0,1240,1335,0.0766129032258064,"12,13년"
제조업,코오롱인더,3.0,1.5,1.5,3.0,1.5,3.0,0.0,0.0,1.5,55500,59300,0.0684684684684684,"12,13년"
제조업,코오롱플라스틱,2.0,1.5,1.5,3.0,3.0,3.0,1.0,1.5,1.5,7050,5090,-0.2780141843971631,"12,13년"
제조업,태경산업,1.0,1.5,1.5,2.0,1.5,1.5,1.0,0.0,0.0,3385,4690,0.3855243722304283,"12,13년"
제조업,태광산업,1.0,1.5,1.5,,1.5,1.5,,0.0,0.0,1014000,1310000,0.291913214990138,"12,13년"
제조업,태림포장,1.0,1.5,1.5,1.0,1.5,1.5,0.0,0.0,0.0,1685,2600,0.543026706231454,"12,13년"
제조업,태원물산,2.0,1.5,1.5,2.0,1.5,1.5,0.0,0.0,0.0,2265,2440,0.0772626931567329,"12,13년"
제조업,태평양물산,2.0,1.5,1.5,2.0,1.5,1.5,0.0,0.0,0.0,22600,3110,-0.8623893805309735,"12,13년"
제조업,티에이치엔,2.0,1.5,1.5,1.0,1.5,1.5,-1.0,0.0,0.0,1960,1530,-0.2193877551020408,"12,13년"
제조업,팜스코,1.0,1.5,1.5,1.0,1.5,1.5,0.0,0.0,0.0,4450,6370,0.4314606741573034,"12,13년"
제조업,퍼스텍,2.0,1.5,1.5,2.0,1.5,1.5,0.0,0.0,0.0,1890,1850,-0.0211640211640211,"12,13년"
제조업,퍼시스,2.0,1.5,1.5,2.0,1.5,3.0,0.0,0.0,1.5,27200,31300,0.150735294117647,"12,13년"
제조업,페이퍼코리아,1.0,1.5,1.5,1.0,1.5,1.5,0.0,0.0,0.0,800,802,0.0025,"12,13년"
제조업,평화산업,2.0,1.5,1.5,2.0,1.5,1.5,0.0,0.0,0.0,2040,1640,-0.196078431372549,"12,13년"
제조업,평화홀딩스,2.0,1.5,,2.0,1.5,1.5,0.0,0.0,,2800,2935,0.0482142857142857,"12,13년"
제조업,풍산,3.0,1.5,3.0,3.0,1.5,3.0,0.0,0.0,0.0,31800,29500,-0.0723270440251572,"12,13년"
제조업,하이스틸,2.0,1.5,1.5,2.0,1.5,1.5,0.0,0.0,0.0,25900,27800,0.0733590733590733,"12,13년"
제조업,하이트진로,3.0,1.5,3.0,2.0,3.0,3.0,-1.0,1.5,0.0,32250,26050,-0.1922480620155038,"12,13년"
제조업,한국내화,2.0,1.5,1.5,2.0,1.5,1.5,0.0,0.0,0.0,3290,3360,0.0212765957446808,"12,13년"
제조업,한국쉘석유,2.0,3.0,3.0,3.0,3.0,3.0,1.0,0.0,0.0,246000,526000,1.1382113821138211,"12,13년"
제조업,한국주강,1.0,1.5,1.5,1.0,1.5,1.5,0.0,0.0,0.0,4700,3960,-0.1574468085106383,"12,13년"
제조업,한국철강,3.0,3.0,1.5,3.0,1.5,3.0,0.0,-1.5,1.5,29450,28400,-0.0356536502546689,"12,13년"
제조업,한국카본,2.0,1.5,3.0,2.0,1.5,1.5,0.0,0.0,-1.5,7080,8910,0.2584745762711864,"12,13년"
제조업,한국항공우주,2.0,1.5,1.5,3.0,3.0,1.5,1.0,1.5,0.0,27400,28000,0.0218978102189781,"12,13년"
제조업,한국화장품제조,1.0,1.5,1.5,1.0,1.5,1.5,0.0,0.0,0.0,5050,3390,-0.3287128712871287,"12,13년"
제조업,한농화성,2.0,1.5,1.5,2.0,1.5,1.5,0.0,0.0,0.0,3010,4790,0.5913621262458472,"12,13년"
제조업,한미반도체,2.0,1.5,1.5,3.0,1.5,1.5,1.0,0.0,0.0,6950,12550,0.8057553956834532,"12,13년"
제조업,한섬,2.0,1.5,1.5,2.0,1.5,1.5,0.0,0.0,0.0,27650,30400,0.0994575045207956,"12,13년"
제조업,한성기업,1.0,1.5,1.5,1.0,1.5,1.5,0.0,0.0,0.0,8900,6770,-0.2393258426966292,"12,13년"
제조업,한세실업,2.0,1.5,1.5,2.0,1.5,1.5,0.0,0.0,0.0,14550,16950,0.1649484536082474,"12,13년"
제조업,한세예스24홀딩스,2.0,1.5,1.5,2.0,1.5,1.5,0.0,0.0,0.0,7400,4795,-0.352027027027027,"12,13년"
제조업,한솔케미칼,2.0,1.5,3.0,1.0,1.5,3.0,-1.0,0.0,0.0,23750,27300,0.1494736842105263,"12,13년"
제조업,한솔테크닉스,1.0,1.5,1.5,2.0,1.5,1.5,1.0,0.0,0.0,14000,19000,0.3571428571428571,"12,13년"
제조업,한솔홈데코,1.0,1.5,1.5,1.0,1.5,3.0,0.0,0.0,1.5,1240,1735,0.3991935483870967,"12,13년"
제조업,한일시멘트,2.0,1.5,3.0,2.0,1.5,3.0,0.0,0.0,0.0,44150,83600,0.8935447338618346,"12,13년"
제조업,한일철강,2.0,1.5,1.5,1.0,1.5,1.5,-1.0,0.0,0.0,12850,13700,0.0661478599221789,"12,13년"
제조업,한창제지,2.0,1.5,1.5,2.0,1.5,1.5,0.0,0.0,0.0,618,701,0.1343042071197411,"12,13년"
제조업,한화,2.0,1.5,3.0,,1.5,3.0,,0.0,0.0,31150,40150,0.2889245585874799,"12,13년"
제조업,현대모비스,3.0,4.0,3.0,3.0,3.0,3.0,0.0,-1.0,0.0,278000,299500,0.0773381294964028,"12,13년"
제조업,현대미포조선,2.0,1.5,3.0,3.0,4.0,4.0,1.0,2.5,1.0,116500,169000,0.4506437768240343,"12,13년"
제조업,현대비앤지스틸,1.0,1.5,1.5,1.0,1.5,1.5,0.0,0.0,0.0,9860,13900,0.40973630831643,"12,13년"
제조업,현대위아,2.0,1.5,1.5,2.0,3.0,3.0,0.0,1.5,1.5,176500,183000,0.036827195467422,"12,13년"
제조업,현대제철,3.0,4.0,4.0,3.0,3.0,3.0,0.0,-1.0,-1.0,78500,87500,0.1146496815286624,"12,13년"
제조업,화승알앤에이,2.0,1.5,3.0,1.0,1.5,3.0,-1.0,0.0,0.0,10600,18650,0.7594339622641509,"12,13년"
제조업,화신,1.0,1.5,1.5,1.0,1.5,1.5,0.0,0.0,0.0,8760,12800,0.4611872146118721,"12,13년"
제조업,화천기계,2.0,1.5,1.5,2.0,1.5,1.5,0.0,0.0,0.0,25250,29050,0.1504950495049505,"12,13년"
제조업,화천기공,2.0,1.5,1.5,2.0,1.5,1.5,0.0,0.0,0.0,42350,51700,0.2207792207792207,"12,13년"
제조업,황금에스티,2.0,1.5,1.5,2.0,1.5,1.5,0.0,0.0,0.0,3815,3925,0.0288335517693315,"12,13년"
제조업,후성,2.0,1.5,1.5,1.0,1.5,1.5,-1.0,0.0,0.0,5120,4010,-0.216796875,"12,13년"
제조업,휴스틸,2.0,1.5,3.0,2.0,1.5,1.5,0.0,0.0,-1.5,27400,19400,-0.291970802919708,"12,13년"
