업종명,종목명,2015_E,2015_S,2015_G,2016_E,2016_S,2016_G,Diff_E,Diff_S,Diff_G,2015_종가,2016_종가,등락률,연도
1차 산업,동원수산,2.0,1.5,1.5,2.0,1.5,1.5,0.0,0.0,0.0,9900,8490,-0.1424242424242424,"15,16년"
1차 산업,사조산업,2.0,1.5,1.5,1.0,1.5,1.5,-1.0,0.0,0.0,68500,62500,-0.0875912408759124,"15,16년"
1차 산업,신라교역,1.0,1.5,1.5,2.0,1.5,1.5,1.0,0.0,0.0,17350,14050,-0.1902017291066282,"15,16년"
건설업,GS건설,2.0,4.0,4.0,3.0,3.0,4.0,1.0,-1.0,0.0,23300,26800,0.1502145922746781,"15,16년"
건설업,대우건설,,3.0,4.0,2.0,4.0,4.0,,1.0,0.0,6510,6330,-0.0276497695852534,"15,16년"
건설업,동아지질,1.0,1.5,1.5,2.0,1.5,1.5,1.0,0.0,0.0,7960,8250,0.0364321608040201,"15,16년"
건설업,범양건영,1.0,1.5,1.5,1.0,1.5,1.5,0.0,0.0,0.0,14400,13250,-0.0798611111111111,"15,16년"
건설업,삼호개발,1.0,1.5,1.5,2.0,1.5,1.5,1.0,0.0,0.0,3410,3250,-0.0469208211143695,"15,16년"
건설업,신세계건설,2.0,3.0,1.5,2.0,3.0,3.0,0.0,0.0,1.5,49500,40200,-0.1878787878787878,"15,16년"
건설업,에쓰씨엔지니어링,1.0,1.5,1.5,1.0,1.5,1.5,0.0,0.0,0.0,6080,3305,-0.4564144736842105,"15,16년"
건설업,일성건설,1.0,1.5,1.5,1.0,1.5,1.5,0.0,0.0,0.0,11400,9100,-0.2017543859649122,"15,16년"
건설업,진흥기업,1.0,1.5,3.0,2.0,1.5,3.0,1.0,0.0,0.0,2240,1755,-0.2165178571428571,"15,16년"
건설업,코오롱글로벌,2.0,1.5,1.5,3.0,3.0,1.5,1.0,1.5,0.0,17000,13350,-0.2147058823529411,"15,16년"
건설업,태영건설,3.0,1.5,3.0,3.0,3.0,1.5,0.0,1.5,-1.5,5890,4875,-0.1723259762308998,"15,16년"
건설업,한신공영,2.0,1.5,1.5,1.0,1.5,1.5,-1.0,0.0,0.0,18800,17800,-0.0531914893617021,"15,16년"
건설업,한전KPS,2.0,3.0,3.0,2.0,3.0,3.0,0.0,0.0,0.0,104000,54900,-0.4721153846153846,"15,16년"
건설업,현대건설,2.0,3.0,4.0,2.0,3.0,4.0,0.0,0.0,0.0,34600,41450,0.1979768786127167,"15,16년"
건설업,화성산업,3.0,3.0,1.5,3.0,1.5,1.5,0.0,-1.5,0.0,17200,12600,-0.2674418604651162,"15,16년"
금융 및 보험업,AK홀딩스,1.0,1.5,1.5,2.0,1.5,1.5,1.0,0.0,0.0,86000,61600,-0.2837209302325581,"15,16년"
금융 및 보험업,BNK금융지주,5.0,4.0,1.5,5.0,3.0,1.5,0.0,-1.0,0.0,14000,9290,-0.3364285714285714,"15,16년"
금융 및 보험업,CJ,2.0,4.0,3.0,3.0,4.0,3.0,1.0,0.0,0.0,240000,174500,-0.2729166666666666,"15,16년"
금융 및 보험업,CS홀딩스,2.0,1.5,1.5,1.0,1.5,1.5,-1.0,0.0,0.0,79900,87000,0.0888610763454317,"15,16년"
금융 및 보험업,DGB금융지주,5.0,3.0,4.0,5.0,5.0,4.0,0.0,2.0,0.0,10600,9600,-0.0943396226415094,"15,16년"
금융 및 보험업,GS,2.0,1.5,1.5,2.0,1.5,1.5,0.0,0.0,0.0,50200,51100,0.0179282868525896,"15,16년"
금융 및 보험업,JB금융지주,5.0,1.5,1.5,5.0,1.5,1.5,0.0,0.0,0.0,5940,5940,0.0,"15,16년"
금융 및 보험업,JW홀딩스,2.0,1.5,1.5,1.0,3.0,1.5,-1.0,1.5,0.0,8580,9970,0.162004662004662,"15,16년"
금융 및 보험업,KB금융,4.0,3.0,3.0,5.0,5.0,4.0,1.0,2.0,1.0,36150,42300,0.1701244813278008,"15,16년"
금융 및 보험업,KC그린홀딩스,2.0,1.5,1.5,2.0,4.0,1.5,0.0,2.5,0.0,9690,8650,-0.1073271413828689,"15,16년"
금융 및 보험업,LG,4.0,3.0,1.5,4.0,3.0,1.5,0.0,0.0,0.0,66000,61300,-0.0712121212121212,"15,16년"
금융 및 보험업,LS,2.0,1.5,1.5,2.0,1.5,1.5,0.0,0.0,0.0,38700,54900,0.4186046511627907,"15,16년"
금융 및 보험업,NH투자증권,4.0,3.0,1.5,5.0,3.0,1.5,1.0,0.0,0.0,10100,10100,0.0,"15,16년"
금융 및 보험업,SK,4.0,4.0,4.0,4.0,5.0,4.0,0.0,1.0,0.0,267000,223500,-0.1629213483146067,"15,16년"
금융 및 보험업,SK증권,3.0,3.0,1.5,4.0,3.0,1.5,1.0,0.0,0.0,1175,1040,-0.1148936170212766,"15,16년"
금융 및 보험업,교보증권,4.0,3.0,1.5,5.0,3.0,1.5,1.0,0.0,0.0,9850,9300,-0.0558375634517766,"15,16년"
금융 및 보험업,기업은행,4.0,3.0,1.5,3.0,3.0,1.5,-1.0,0.0,0.0,14000,13200,-0.0571428571428571,"15,16년"
금융 및 보험업,노루홀딩스,2.0,1.5,1.5,,1.5,1.5,,0.0,0.0,28750,16700,-0.4191304347826087,"15,16년"
금융 및 보험업,농심홀딩스,2.0,1.5,1.5,1.0,1.5,1.5,-1.0,0.0,0.0,150000,101000,-0.3266666666666666,"15,16년"
금융 및 보험업,대상홀딩스,1.0,1.5,1.5,2.0,1.5,1.5,1.0,0.0,0.0,21350,10450,-0.5105386416861827,"15,16년"
금융 및 보험업,대신증권,4.0,1.5,1.5,4.0,1.5,1.5,0.0,0.0,0.0,10500,10550,0.0047619047619047,"15,16년"
금융 및 보험업,동아쏘시오홀딩스,2.0,1.5,1.5,2.0,1.5,1.5,0.0,0.0,0.0,162500,145000,-0.1076923076923077,"15,16년"
금융 및 보험업,동양생명,4.0,3.0,1.5,5.0,1.5,1.5,1.0,-1.5,0.0,13950,12000,-0.1397849462365591,"15,16년"
금융 및 보험업,동원산업,2.0,3.0,1.5,2.0,1.5,1.5,0.0,-1.5,0.0,320000,308000,-0.0375,"15,16년"
금융 및 보험업,두산,4.0,4.0,4.0,4.0,4.0,4.0,0.0,0.0,0.0,110500,102500,-0.0723981900452488,"15,16년"
금융 및 보험업,디와이,2.0,1.5,1.5,2.0,1.5,1.5,0.0,0.0,0.0,6930,6270,-0.0952380952380952,"15,16년"
금융 및 보험업,롯데손해보험,3.0,4.0,1.5,5.0,4.0,1.5,2.0,0.0,0.0,2830,2720,-0.03886925795053,"15,16년"
금융 및 보험업,메리츠금융지주,4.0,1.5,1.5,4.0,1.5,1.5,0.0,0.0,0.0,14650,11250,-0.2320819112627986,"15,16년"
금융 및 보험업,미래에셋증권,3.0,3.0,1.5,4.0,3.0,1.5,1.0,0.0,0.0,25550,22650,-0.1135029354207436,"15,16년"
금융 및 보험업,부국증권,2.0,1.5,1.5,3.0,1.5,1.5,1.0,0.0,0.0,17200,20000,0.1627906976744186,"15,16년"
금융 및 보험업,삼성생명,4.0,4.0,5.0,5.0,3.0,4.0,1.0,-1.0,-1.0,109000,110500,0.0137614678899082,"15,16년"
금융 및 보험업,삼성증권,5.0,3.0,1.5,5.0,3.0,1.5,0.0,0.0,0.0,48300,34550,-0.2846790890269151,"15,16년"
금융 및 보험업,삼성카드,4.0,1.5,1.5,5.0,3.0,1.5,1.0,1.5,0.0,38600,48200,0.2487046632124352,"15,16년"
금융 및 보험업,삼양홀딩스,1.0,1.5,1.5,1.0,1.5,1.5,0.0,0.0,0.0,160500,125000,-0.2211838006230529,"15,16년"
금융 및 보험업,서연,1.0,1.5,1.5,1.0,1.5,1.5,0.0,0.0,0.0,12250,11100,-0.0938775510204081,"15,16년"
금융 및 보험업,신영증권,3.0,1.5,1.5,4.0,1.5,1.5,1.0,0.0,0.0,55200,49700,-0.0996376811594202,"15,16년"
금융 및 보험업,신한지주,5.0,5.0,4.0,5.0,5.0,5.0,0.0,0.0,1.0,43550,43850,0.0068886337543053,"15,16년"
금융 및 보험업,영원무역홀딩스,2.0,1.5,1.5,2.0,1.5,1.5,0.0,0.0,0.0,72000,57600,-0.2,"15,16년"
금융 및 보험업,우리종금,2.0,1.5,1.5,3.0,1.5,1.5,1.0,0.0,0.0,611,686,0.1227495908346972,"15,16년"
금융 및 보험업,유안타증권,2.0,1.5,1.5,4.0,1.5,1.5,2.0,0.0,0.0,3995,3140,-0.2140175219023779,"15,16년"
금융 및 보험업,유화증권,3.0,1.5,1.5,3.0,1.5,1.5,0.0,0.0,0.0,14700,15700,0.0680272108843537,"15,16년"
금융 및 보험업,일진홀딩스,1.0,1.5,1.5,2.0,1.5,1.5,1.0,0.0,0.0,12050,5850,-0.5145228215767634,"15,16년"
금융 및 보험업,제주은행,4.0,1.5,1.5,5.0,3.0,1.5,1.0,1.5,0.0,9950,7770,-0.2190954773869346,"15,16년"
금융 및 보험업,코리안리,4.0,1.5,1.5,5.0,1.5,1.5,1.0,0.0,0.0,13600,11800,-0.1323529411764706,"15,16년"
금융 및 보험업,코스맥스비티아이,2.0,1.5,1.5,2.0,1.5,1.5,0.0,0.0,0.0,71300,40300,-0.4347826086956521,"15,16년"
금융 및 보험업,코오롱,2.0,1.5,1.5,1.0,1.5,1.5,-1.0,0.0,0.0,64100,50900,-0.2059282371294852,"15,16년"
금융 및 보험업,키움증권,4.0,1.5,1.5,4.0,3.0,1.5,0.0,1.5,0.0,58700,66500,0.1328790459965928,"15,16년"
금융 및 보험업,풍산홀딩스,2.0,1.5,1.5,2.0,1.5,1.5,0.0,0.0,0.0,40150,46700,0.1631382316313823,"15,16년"
금융 및 보험업,하나금융지주,5.0,3.0,1.5,5.0,4.0,1.5,0.0,1.0,0.0,27800,32800,0.1798561151079136,"15,16년"
금융 및 보험업,하이트진로홀딩스,2.0,1.5,1.5,3.0,1.5,1.5,1.0,0.0,0.0,13650,11950,-0.1245421245421245,"15,16년"
금융 및 보험업,한국금융지주,4.0,1.5,1.5,5.0,1.5,1.5,1.0,0.0,0.0,61000,41100,-0.3262295081967213,"15,16년"
금융 및 보험업,한국전자홀딩스,2.0,1.5,1.5,2.0,1.5,1.5,0.0,0.0,0.0,1105,942,-0.1475113122171945,"15,16년"
금융 및 보험업,한국콜마홀딩스,2.0,1.5,1.5,2.0,1.5,1.5,0.0,0.0,0.0,66200,29300,-0.5574018126888217,"15,16년"
금융 및 보험업,한미사이언스,2.0,1.5,1.5,1.0,1.5,1.5,-1.0,0.0,0.0,131500,76100,-0.4212927756653992,"15,16년"
금융 및 보험업,한솔홀딩스,2.0,1.5,1.5,2.0,1.5,1.5,0.0,0.0,0.0,7180,6430,-0.1044568245125348,"15,16년"
금융 및 보험업,한양증권,3.0,1.5,1.5,3.0,1.5,1.5,0.0,0.0,0.0,8500,7440,-0.1247058823529411,"15,16년"
금융 및 보험업,한화생명,4.0,4.0,1.5,3.0,3.0,1.5,-1.0,-1.0,0.0,8490,6250,-0.2638398115429917,"15,16년"
금융 및 보험업,한화손해보험,2.0,3.0,1.5,4.0,1.5,1.5,2.0,-1.5,0.0,7530,7590,0.0079681274900398,"15,16년"
금융 및 보험업,한화투자증권,2.0,1.5,1.5,4.0,3.0,1.5,2.0,1.5,0.0,4490,2240,-0.5011135857461024,"15,16년"
금융 및 보험업,현대해상,4.0,4.0,1.5,5.0,3.0,1.5,1.0,-1.0,0.0,33950,35350,0.0412371134020618,"15,16년"
금융 및 보험업,효성,1.0,3.0,3.0,,3.0,4.0,,0.0,1.0,117000,134000,0.1452991452991453,"15,16년"
금융 및 보험업,흥국화재,3.0,1.5,1.5,5.0,1.5,1.5,2.0,0.0,0.0,4010,3455,-0.1384039900249376,"15,16년"
서비스업,CJ CGV,2.0,1.5,1.5,1.0,3.0,1.5,-1.0,1.5,0.0,104000,67800,-0.348076923076923,"15,16년"
서비스업,GKL,3.0,3.0,1.5,2.0,3.0,1.5,-1.0,0.0,0.0,31800,21700,-0.3176100628930817,"15,16년"
서비스업,KTcs,3.0,1.5,1.5,3.0,3.0,1.5,0.0,1.5,0.0,3600,2460,-0.3166666666666666,"15,16년"
서비스업,NAVER,3.0,1.5,1.5,2.0,3.0,3.0,-1.0,1.5,1.5,600000,857000,0.4283333333333333,"15,16년"
서비스업,NICE,3.0,1.5,1.5,2.0,1.5,1.5,-1.0,0.0,0.0,25450,16850,-0.3379174852652259,"15,16년"
서비스업,SBS,3.0,1.5,1.5,2.0,1.5,1.5,-1.0,0.0,0.0,38500,24250,-0.3701298701298701,"15,16년"
서비스업,강원랜드,4.0,3.0,3.0,3.0,4.0,4.0,-1.0,1.0,1.0,42300,37950,-0.1028368794326241,"15,16년"
서비스업,녹십자홀딩스,1.0,3.0,1.5,2.0,3.0,1.5,1.0,0.0,0.0,41050,22200,-0.4591961023142509,"15,16년"
서비스업,다우기술,2.0,1.5,1.5,2.0,1.5,1.5,0.0,0.0,0.0,24850,20700,-0.1670020120724346,"15,16년"
서비스업,대교,4.0,1.5,1.5,4.0,3.0,1.5,0.0,1.5,0.0,9150,8340,-0.0885245901639344,"15,16년"
서비스업,대성홀딩스,2.0,1.5,1.5,2.0,1.5,1.5,0.0,0.0,0.0,11900,9230,-0.2243697478991596,"15,16년"
서비스업,더존비즈온,2.0,1.5,1.5,2.0,1.5,1.5,0.0,0.0,0.0,21500,22350,0.0395348837209302,"15,16년"
서비스업,도화엔지니어링,2.0,1.5,1.5,3.0,1.5,1.5,1.0,0.0,0.0,4055,4690,0.156596794081381,"15,16년"
서비스업,롯데관광개발,1.0,1.5,1.5,1.0,1.5,1.5,0.0,0.0,0.0,15750,8720,-0.4463492063492063,"15,16년"
서비스업,미래아이앤지,1.0,1.5,1.5,1.0,1.5,1.5,0.0,0.0,0.0,2230,1400,-0.3721973094170404,"15,16년"
서비스업,비상교육,1.0,1.5,1.5,1.0,1.5,1.5,0.0,0.0,0.0,8800,15050,0.7102272727272727,"15,16년"
서비스업,삼성엔지니어링,3.0,4.0,4.0,3.0,3.0,4.0,0.0,-1.0,0.0,18200,9470,-0.4796703296703297,"15,16년"
서비스업,삼성출판사,2.0,1.5,1.5,2.0,1.5,1.5,0.0,0.0,0.0,12700,11500,-0.0944881889763779,"15,16년"
서비스업,성창기업지주,,1.5,1.5,1.0,1.5,1.5,,0.0,0.0,29450,3050,-0.8964346349745331,"15,16년"
서비스업,신세계푸드,2.0,3.0,1.5,1.0,3.0,1.5,-1.0,0.0,0.0,172000,144500,-0.1598837209302325,"15,16년"
서비스업,아세아,1.0,1.5,1.5,2.0,1.5,1.5,1.0,0.0,0.0,117000,100500,-0.141025641025641,"15,16년"
서비스업,에스원,1.0,1.5,1.5,2.0,3.0,1.5,1.0,1.5,0.0,99000,92500,-0.0656565656565656,"15,16년"
서비스업,엔씨소프트,4.0,1.5,1.5,3.0,1.5,1.5,-1.0,0.0,0.0,189500,264500,0.3957783641160949,"15,16년"
서비스업,웅진,1.0,1.5,1.5,2.0,1.5,1.5,1.0,0.0,0.0,3010,2680,-0.1096345514950166,"15,16년"
서비스업,웅진씽크빅,2.0,1.5,1.5,1.0,1.5,1.5,-1.0,0.0,0.0,8180,9530,0.1650366748166259,"15,16년"
서비스업,유수홀딩스,2.0,1.5,1.5,2.0,1.5,1.5,0.0,0.0,0.0,8830,6260,-0.291053227633069,"15,16년"
서비스업,유엔젤,2.0,1.5,1.5,1.0,1.5,1.5,-1.0,0.0,0.0,5710,5450,-0.0455341506129597,"15,16년"
서비스업,이스타코,1.0,1.5,1.5,1.0,1.5,1.5,0.0,0.0,0.0,2835,1675,-0.4091710758377425,"15,16년"
서비스업,제일기획,1.0,3.0,3.0,2.0,1.5,3.0,1.0,-1.5,0.0,20000,16950,-0.1525,"15,16년"
서비스업,지투알,3.0,1.5,1.5,3.0,1.5,1.5,0.0,0.0,0.0,9740,7880,-0.190965092402464,"15,16년"
서비스업,코웨이,2.0,4.0,4.0,2.0,5.0,4.0,0.0,1.0,0.0,85200,89600,0.0516431924882629,"15,16년"
서비스업,콤텍시스템,1.0,1.5,1.5,2.0,1.5,1.5,1.0,0.0,0.0,1570,1475,-0.0605095541401273,"15,16년"
서비스업,텔코웨어,2.0,1.5,1.5,1.0,1.5,1.5,-1.0,0.0,0.0,14550,12100,-0.1683848797250859,"15,16년"
서비스업,하나투어,2.0,1.5,1.5,1.0,1.5,1.5,-1.0,0.0,0.0,126000,64500,-0.4880952380952381,"15,16년"
서비스업,한국종합기술,2.0,1.5,1.5,3.0,1.5,1.5,1.0,0.0,0.0,5040,5920,0.1746031746031746,"15,16년"
서비스업,한미글로벌,2.0,1.5,1.5,2.0,1.5,1.5,0.0,0.0,0.0,12350,8990,-0.2720647773279352,"15,16년"
서비스업,한전기술,2.0,1.5,3.0,2.0,3.0,3.0,0.0,1.5,0.0,34200,25100,-0.2660818713450292,"15,16년"
서비스업,한전산업,2.0,1.5,1.5,1.0,3.0,1.5,-1.0,1.5,0.0,4690,4880,0.0405117270788912,"15,16년"
에너지업,대성에너지,1.0,1.5,1.5,1.0,1.5,1.5,0.0,0.0,0.0,6630,6440,-0.028657616892911,"15,16년"
에너지업,삼천리,1.0,3.0,3.0,3.0,3.0,3.0,2.0,0.0,0.0,102500,97600,-0.0478048780487804,"15,16년"
에너지업,인천도시가스,2.0,1.5,1.5,2.0,1.5,1.5,0.0,0.0,0.0,34650,31300,-0.0966810966810966,"15,16년"
에너지업,지역난방공사,4.0,3.0,3.0,4.0,3.0,3.0,0.0,0.0,0.0,62100,69000,0.1111111111111111,"15,16년"
에너지업,한국가스공사,3.0,3.0,4.0,3.0,1.5,4.0,0.0,-1.5,0.0,42600,46350,0.0880281690140845,"15,16년"
에너지업,한진중공업홀딩스,2.0,1.5,1.5,2.0,1.5,1.5,0.0,0.0,0.0,6590,5200,-0.2109256449165402,"15,16년"
운수 및 창고업,CJ대한통운,3.0,3.0,3.0,3.0,4.0,4.0,0.0,1.0,1.0,195000,201000,0.0307692307692307,"15,16년"
운수 및 창고업,E1,2.0,3.0,1.5,3.0,3.0,1.5,1.0,0.0,0.0,69000,60800,-0.1188405797101449,"15,16년"
운수 및 창고업,GS글로벌,2.0,1.5,1.5,2.0,1.5,1.5,0.0,0.0,0.0,6200,2675,-0.5685483870967742,"15,16년"
운수 및 창고업,GS리테일,2.0,1.5,1.5,2.0,1.5,1.5,0.0,0.0,0.0,57600,48800,-0.1527777777777778,"15,16년"
운수 및 창고업,KSS해운,2.0,1.5,1.5,2.0,4.0,1.5,0.0,2.5,0.0,17700,8060,-0.5446327683615819,"15,16년"
운수 및 창고업,LS네트웍스,,1.5,1.5,1.0,1.5,1.5,,0.0,0.0,3960,3130,-0.2095959595959595,"15,16년"
운수 및 창고업,SG세계물산,1.0,1.5,1.5,1.0,1.5,1.5,0.0,0.0,0.0,1280,1220,-0.046875,"15,16년"
운수 및 창고업,SK가스,3.0,1.5,1.5,3.0,3.0,1.5,0.0,1.5,0.0,85200,96100,0.1279342723004694,"15,16년"
운수 및 창고업,SK네트웍스,3.0,3.0,1.5,4.0,3.0,1.5,1.0,0.0,0.0,7090,6520,-0.080394922425952,"15,16년"
운수 및 창고업,경방,2.0,1.5,1.5,1.0,1.5,1.5,-1.0,0.0,0.0,192000,18100,-0.9057291666666668,"15,16년"
운수 및 창고업,광주신세계,3.0,1.5,1.5,2.0,1.5,1.5,-1.0,0.0,0.0,298500,251000,-0.1591289782244556,"15,16년"
운수 및 창고업,국동,2.0,1.5,1.5,2.0,1.5,1.5,0.0,0.0,0.0,9600,10600,0.1041666666666666,"15,16년"
운수 및 창고업,국보,1.0,1.5,1.5,1.0,1.5,1.5,0.0,0.0,0.0,17950,23950,0.3342618384401114,"15,16년"
운수 및 창고업,남성,1.0,1.5,1.5,1.0,1.5,1.5,0.0,0.0,0.0,2140,1810,-0.1542056074766355,"15,16년"
운수 및 창고업,대구백화점,2.0,1.5,1.5,3.0,3.0,1.5,1.0,1.5,0.0,14200,13250,-0.0669014084507042,"15,16년"
운수 및 창고업,대성산업,2.0,1.5,3.0,1.0,1.5,1.5,-1.0,0.0,-1.5,4030,3205,-0.2047146401985111,"15,16년"
운수 및 창고업,대한항공,,3.0,4.0,1.0,3.0,4.0,,0.0,0.0,30850,32000,0.0372771474878444,"15,16년"
운수 및 창고업,대한해운,1.0,1.5,1.5,2.0,1.5,1.5,1.0,0.0,0.0,20200,18050,-0.1064356435643564,"15,16년"
운수 및 창고업,동방,2.0,1.5,1.5,2.0,1.5,1.5,0.0,0.0,0.0,3050,2100,-0.3114754098360656,"15,16년"
운수 및 창고업,동양고속,1.0,1.5,1.5,2.0,1.5,1.5,1.0,0.0,0.0,37150,38800,0.044414535666218,"15,16년"
운수 및 창고업,롯데쇼핑,1.0,1.5,4.0,1.0,4.0,4.0,0.0,2.5,0.0,232000,228500,-0.0150862068965517,"15,16년"
운수 및 창고업,롯데하이마트,3.0,3.0,1.5,3.0,4.0,1.5,0.0,1.0,0.0,58200,44150,-0.2414089347079037,"15,16년"
운수 및 창고업,모나미,1.0,1.5,1.5,2.0,1.5,1.5,1.0,0.0,0.0,4565,4335,-0.0503833515881708,"15,16년"
운수 및 창고업,삼성물산,2.0,3.0,4.0,5.0,5.0,4.0,3.0,2.0,0.0,155000,161500,0.0419354838709677,"15,16년"
운수 및 창고업,삼영무역,2.0,1.5,1.5,2.0,1.5,1.5,0.0,0.0,0.0,23050,17600,-0.2364425162689804,"15,16년"
운수 및 창고업,세기상사,2.0,1.5,1.5,2.0,1.5,1.5,0.0,0.0,0.0,54000,63500,0.1759259259259259,"15,16년"
운수 및 창고업,세방,3.0,1.5,1.5,3.0,3.0,1.5,0.0,1.5,0.0,17950,15050,-0.1615598885793872,"15,16년"
운수 및 창고업,세우글로벌,1.0,1.5,1.5,1.0,1.5,1.5,0.0,0.0,0.0,2075,1720,-0.1710843373493976,"15,16년"
운수 및 창고업,세이브존I&C,2.0,1.5,1.5,2.0,1.5,1.5,0.0,0.0,0.0,6020,5500,-0.0863787375415282,"15,16년"
운수 및 창고업,신성통상,1.0,1.5,1.5,2.0,1.5,1.5,1.0,0.0,0.0,1915,1220,-0.3629242819843342,"15,16년"
운수 및 창고업,신세계,1.0,4.0,3.0,1.0,5.0,3.0,0.0,1.0,0.0,232500,186000,-0.2,"15,16년"
운수 및 창고업,신세계인터내셔날,3.0,3.0,3.0,3.0,4.0,3.0,0.0,1.0,0.0,111000,78300,-0.2945945945945946,"15,16년"
운수 및 창고업,신송홀딩스,2.0,1.5,1.5,2.0,1.5,1.5,0.0,0.0,0.0,9140,6550,-0.2833698030634573,"15,16년"
운수 및 창고업,신흥,3.0,1.5,1.5,3.0,1.5,1.5,0.0,0.0,0.0,10900,9970,-0.0853211009174312,"15,16년"
운수 및 창고업,아시아나항공,1.0,3.0,4.0,2.0,5.0,3.0,1.0,2.0,-1.0,4845,4620,-0.0464396284829721,"15,16년"
운수 및 창고업,아이마켓코리아,2.0,1.5,1.5,1.0,1.5,1.5,-1.0,0.0,0.0,29700,12800,-0.569023569023569,"15,16년"
운수 및 창고업,영원무역,2.0,1.5,1.5,2.0,1.5,1.5,0.0,0.0,0.0,47900,32150,-0.3288100208768267,"15,16년"
운수 및 창고업,윌비스,2.0,1.5,1.5,2.0,1.5,1.5,0.0,0.0,0.0,2325,2750,0.1827956989247312,"15,16년"
운수 및 창고업,유니퀘스트,3.0,1.5,1.5,2.0,1.5,1.5,-1.0,0.0,0.0,4135,4925,0.1910519951632406,"15,16년"
운수 및 창고업,이마트,1.0,1.5,4.0,1.0,1.5,4.0,0.0,0.0,0.0,212500,162500,-0.2352941176470588,"15,16년"
운수 및 창고업,이아이디,1.0,1.5,1.5,,1.5,1.5,,0.0,0.0,1275,729,-0.428235294117647,"15,16년"
운수 및 창고업,이화산업,1.0,1.5,1.5,1.0,1.5,1.5,0.0,0.0,0.0,20050,20100,0.0024937655860349,"15,16년"
운수 및 창고업,인터지스,2.0,1.5,1.5,2.0,1.5,1.5,0.0,0.0,0.0,3590,3305,-0.0793871866295264,"15,16년"
운수 및 창고업,일신석재,1.0,1.5,1.5,1.0,1.5,1.5,0.0,0.0,0.0,1375,1260,-0.0836363636363636,"15,16년"
운수 및 창고업,진도,1.0,1.5,1.5,1.0,1.5,1.5,0.0,0.0,0.0,6560,6730,0.0259146341463414,"15,16년"
운수 및 창고업,천일고속,2.0,1.5,1.5,2.0,1.5,1.5,0.0,0.0,0.0,77100,90500,0.1738002594033722,"15,16년"
운수 및 창고업,한국공항,,1.5,1.5,1.0,1.5,1.5,,0.0,0.0,30300,44800,0.4785478547854785,"15,16년"
운수 및 창고업,한국화장품,1.0,1.5,1.5,1.0,1.5,1.5,0.0,0.0,0.0,11150,14450,0.2959641255605381,"15,16년"
운수 및 창고업,한샘,3.0,1.5,1.5,3.0,1.5,1.5,0.0,0.0,0.0,233500,177500,-0.2398286937901499,"15,16년"
운수 및 창고업,한솔로지스틱스,1.0,1.5,1.5,2.0,1.5,1.5,1.0,0.0,0.0,4200,2690,-0.3595238095238095,"15,16년"
운수 및 창고업,한익스프레스,2.0,1.5,1.5,2.0,1.5,1.5,0.0,0.0,0.0,88300,78800,-0.1075877689694224,"15,16년"
운수 및 창고업,한진,1.0,1.5,1.5,1.0,3.0,1.5,0.0,1.5,0.0,44450,29450,-0.3374578177727784,"15,16년"
운수 및 창고업,한진칼,1.0,1.5,1.5,1.0,1.5,1.5,0.0,0.0,0.0,21750,16900,-0.2229885057471264,"15,16년"
운수 및 창고업,한창,,1.5,1.5,1.0,1.5,1.5,,0.0,0.0,2720,4490,0.6507352941176471,"15,16년"
운수 및 창고업,현대그린푸드,3.0,1.5,1.5,3.0,1.5,1.5,0.0,0.0,0.0,23850,16750,-0.2976939203354298,"15,16년"
운수 및 창고업,현대글로비스,2.0,1.5,3.0,2.0,5.0,3.0,0.0,3.5,0.0,196500,173500,-0.1170483460559796,"15,16년"
운수 및 창고업,현대백화점,3.0,3.0,1.5,3.0,3.0,1.5,0.0,0.0,0.0,125500,117500,-0.0637450199203187,"15,16년"
운수 및 창고업,현대홈쇼핑,4.0,1.5,1.5,4.0,1.5,1.5,0.0,0.0,0.0,122000,113500,-0.0696721311475409,"15,16년"
운수 및 창고업,혜인,1.0,1.5,1.5,2.0,1.5,1.5,1.0,0.0,0.0,3540,3635,0.0268361581920903,"15,16년"
운수 및 창고업,호텔신라,2.0,1.5,3.0,2.0,1.5,1.5,0.0,0.0,-1.5,110000,57300,-0.479090909090909,"15,16년"
운수 및 창고업,흥아해운,2.0,1.5,1.5,1.0,1.5,1.5,-1.0,0.0,0.0,1935,1680,-0.1317829457364341,"15,16년"
의약품,JW중외제약,1.0,1.5,1.5,2.0,1.5,1.5,1.0,0.0,0.0,34900,49200,0.4097421203438395,"15,16년"
의약품,광동제약,2.0,1.5,1.5,2.0,1.5,1.5,0.0,0.0,0.0,11650,8270,-0.2901287553648068,"15,16년"
의약품,국제약품,2.0,1.5,1.5,3.0,1.5,1.5,1.0,0.0,0.0,4340,3940,-0.0921658986175115,"15,16년"
의약품,녹십자,2.0,3.0,1.5,1.0,3.0,1.5,-1.0,0.0,0.0,181500,139500,-0.2314049586776859,"15,16년"
의약품,대웅,1.0,1.5,1.5,1.0,1.5,1.5,0.0,0.0,0.0,63700,44000,-0.3092621664050236,"15,16년"
의약품,대웅제약,1.0,3.0,1.5,1.0,3.0,1.5,0.0,0.0,0.0,76200,68300,-0.1036745406824147,"15,16년"
의약품,대원제약,3.0,1.5,1.5,3.0,3.0,1.5,0.0,1.5,0.0,20800,17050,-0.1802884615384615,"15,16년"
의약품,동성제약,2.0,1.5,1.5,1.0,1.5,1.5,-1.0,0.0,0.0,5020,4095,-0.1842629482071713,"15,16년"
의약품,동아에스티,3.0,1.5,1.5,3.0,3.0,1.5,0.0,1.5,0.0,124500,85900,-0.3100401606425703,"15,16년"
의약품,동화약품,1.0,1.5,1.5,2.0,3.0,1.5,1.0,1.5,0.0,6920,7780,0.1242774566473988,"15,16년"
의약품,명문제약,2.0,1.5,1.5,2.0,1.5,1.5,0.0,0.0,0.0,3090,4390,0.4207119741100323,"15,16년"
의약품,부광약품,2.0,1.5,1.5,3.0,1.5,1.5,1.0,0.0,0.0,25150,25000,-0.0059642147117296,"15,16년"
의약품,삼성제약,,1.5,1.5,1.0,1.5,1.5,,0.0,0.0,12950,4125,-0.6814671814671814,"15,16년"
의약품,삼일제약,2.0,1.5,1.5,1.0,1.5,1.5,-1.0,0.0,0.0,6970,7820,0.1219512195121951,"15,16년"
의약품,삼진제약,2.0,1.5,1.5,2.0,1.5,1.5,0.0,0.0,0.0,24450,31600,0.2924335378323108,"15,16년"
의약품,신풍제약,2.0,1.5,1.5,2.0,1.5,1.5,0.0,0.0,0.0,4155,6090,0.4657039711191336,"15,16년"
의약품,영진약품,2.0,1.5,1.5,2.0,1.5,1.5,0.0,0.0,0.0,2280,8750,2.837719298245614,"15,16년"
의약품,오리엔트바이오,1.0,1.5,1.5,1.0,1.5,1.5,0.0,0.0,0.0,1275,1670,0.3098039215686274,"15,16년"
의약품,유유제약,1.0,1.5,1.5,2.0,1.5,1.5,1.0,0.0,0.0,11850,10200,-0.1392405063291139,"15,16년"
의약품,유한양행,3.0,1.5,3.0,3.0,1.5,3.0,0.0,0.0,0.0,283000,210000,-0.2579505300353357,"15,16년"
의약품,이연제약,2.0,1.5,1.5,2.0,1.5,1.5,0.0,0.0,0.0,36200,25500,-0.2955801104972376,"15,16년"
의약품,일성신약,2.0,1.5,1.5,1.0,1.5,1.5,-1.0,0.0,0.0,104500,113500,0.0861244019138756,"15,16년"
의약품,일양약품,2.0,1.5,1.5,2.0,1.5,1.5,0.0,0.0,0.0,56100,39150,-0.302139037433155,"15,16년"
의약품,종근당,2.0,1.5,1.5,2.0,3.0,1.5,0.0,1.5,0.0,63800,92700,0.4529780564263322,"15,16년"
의약품,종근당바이오,2.0,1.5,1.5,2.0,1.5,3.0,0.0,0.0,1.5,19750,22350,0.1316455696202531,"15,16년"
의약품,종근당홀딩스,1.0,1.5,1.5,2.0,1.5,1.5,1.0,0.0,0.0,79800,66400,-0.1679197994987468,"15,16년"
의약품,진원생명과학,1.0,1.5,1.5,,1.5,1.5,,0.0,0.0,13800,11050,-0.1992753623188405,"15,16년"
의약품,파미셀,2.0,1.5,1.5,1.0,1.5,1.5,-1.0,0.0,0.0,4905,4610,-0.0601427115188583,"15,16년"
의약품,한독,2.0,3.0,1.5,2.0,3.0,3.0,0.0,0.0,1.5,24950,22700,-0.0901803607214428,"15,16년"
의약품,한미약품,1.0,3.0,3.0,,3.0,1.5,,0.0,-1.5,517000,362000,-0.299806576402321,"15,16년"
의약품,한올바이오파마,2.0,1.5,1.5,1.0,3.0,1.5,-1.0,1.5,0.0,11500,11800,0.0260869565217391,"15,16년"
의약품,현대약품,3.0,1.5,1.5,2.0,3.0,1.5,-1.0,1.5,0.0,3790,4455,0.1754617414248021,"15,16년"
의약품,환인제약,2.0,1.5,1.5,3.0,1.5,1.5,1.0,0.0,0.0,20700,14600,-0.2946859903381642,"15,16년"
정보통신업,LG유플러스,3.0,3.0,4.0,3.0,3.0,4.0,0.0,0.0,0.0,10950,11800,0.0776255707762557,"15,16년"
정보통신업,SK텔레콤,4.0,4.0,4.0,4.0,3.0,4.0,0.0,-1.0,0.0,241000,223500,-0.0726141078838174,"15,16년"
정보통신업,인스코비,1.0,1.5,1.5,2.0,1.5,1.5,1.0,0.0,0.0,1310,2085,0.5916030534351145,"15,16년"
제조업,BYC,1.0,1.5,1.5,1.0,1.5,1.5,0.0,0.0,0.0,399000,436500,0.093984962406015,"15,16년"
제조업,CJ씨푸드,2.0,1.5,3.0,2.0,1.5,1.5,0.0,0.0,-1.5,3655,3325,-0.0902872777017783,"15,16년"
제조업,CJ제일제당,2.0,3.0,4.0,2.0,3.0,4.0,0.0,0.0,0.0,350000,349500,-0.0014285714285714,"15,16년"
제조업,DRB동일,1.0,1.5,1.5,2.0,1.5,1.5,1.0,0.0,0.0,14650,12800,-0.1262798634812286,"15,16년"
제조업,DSR,1.0,1.5,1.5,1.0,1.5,1.5,0.0,0.0,0.0,3710,6210,0.6738544474393531,"15,16년"
제조업,DSR제강,1.0,1.5,1.5,1.0,1.5,1.5,0.0,0.0,0.0,4085,8480,1.0758873929008568,"15,16년"
제조업,F&F,2.0,1.5,1.5,2.0,1.5,1.5,0.0,0.0,0.0,19900,16100,-0.1909547738693467,"15,16년"
제조업,KC코트렐,2.0,1.5,1.5,2.0,1.5,1.5,0.0,0.0,0.0,7900,5940,-0.2481012658227848,"15,16년"
제조업,KEC,1.0,1.5,3.0,1.0,1.5,3.0,0.0,0.0,0.0,1140,963,-0.1552631578947368,"15,16년"
제조업,KG케미칼,2.0,1.5,1.5,1.0,1.5,1.5,-1.0,0.0,0.0,16100,14000,-0.1304347826086956,"15,16년"
제조업,KISCO홀딩스,3.0,1.5,1.5,2.0,1.5,1.5,-1.0,0.0,0.0,59500,61500,0.0336134453781512,"15,16년"
제조업,KPX케미칼,2.0,1.5,1.5,2.0,1.5,1.5,0.0,0.0,0.0,56900,63200,0.1107205623901581,"15,16년"
제조업,KPX홀딩스,2.0,1.5,1.5,2.0,1.5,1.5,0.0,0.0,0.0,69500,63700,-0.0834532374100719,"15,16년"
제조업,KR모터스,1.0,1.5,1.5,2.0,1.5,1.5,1.0,0.0,0.0,1050,930,-0.1142857142857142,"15,16년"
제조업,LF,2.0,1.5,1.5,2.0,1.5,1.5,0.0,0.0,0.0,31650,21700,-0.3143759873617693,"15,16년"
제조업,LG디스플레이,3.0,3.0,4.0,3.0,4.0,3.0,0.0,1.0,-1.0,21600,27300,0.2638888888888889,"15,16년"
제조업,LG생활건강,3.0,5.0,4.0,3.0,5.0,4.0,0.0,0.0,0.0,947000,820000,-0.1341077085533263,"15,16년"
제조업,LG이노텍,4.0,4.0,4.0,4.0,5.0,4.0,0.0,1.0,0.0,92700,78000,-0.1585760517799352,"15,16년"
제조업,LG전자,1.0,4.0,4.0,2.0,5.0,4.0,1.0,1.0,0.0,49100,47800,-0.0264765784114052,"15,16년"
제조업,LG화학,3.0,3.0,3.0,2.0,3.0,3.0,-1.0,0.0,0.0,304500,246500,-0.1904761904761904,"15,16년"
제조업,MH에탄올,2.0,1.5,1.5,2.0,1.5,1.5,0.0,0.0,0.0,10200,7770,-0.238235294117647,"15,16년"
제조업,NI스틸,1.0,1.5,1.5,2.0,1.5,1.5,1.0,0.0,0.0,2695,3145,0.1669758812615955,"15,16년"
제조업,OCI,2.0,4.0,1.5,3.0,4.0,3.0,1.0,0.0,1.5,82200,90500,0.1009732360097323,"15,16년"
제조업,S-Oil,4.0,5.0,4.0,5.0,5.0,4.0,1.0,0.0,0.0,68300,78500,0.1493411420204978,"15,16년"
제조업,SH에너지화학,2.0,1.5,1.5,2.0,1.5,1.5,0.0,0.0,0.0,1595,1550,-0.0282131661442006,"15,16년"
제조업,SIMPAC,2.0,1.5,1.5,1.0,1.5,1.5,-1.0,0.0,0.0,6440,4900,-0.2391304347826087,"15,16년"
제조업,SKC,3.0,4.0,4.0,3.0,3.0,4.0,0.0,-1.0,0.0,38450,27050,-0.2964889466840052,"15,16년"
제조업,SK이노베이션,3.0,4.0,4.0,5.0,3.0,4.0,2.0,-1.0,0.0,118500,151500,0.2784810126582278,"15,16년"
제조업,SK하이닉스,3.0,3.0,3.0,4.0,3.0,3.0,1.0,0.0,0.0,30700,41000,0.3355048859934853,"15,16년"
제조업,WISCOM,2.0,1.5,1.5,3.0,1.5,1.5,1.0,0.0,0.0,5260,4435,-0.1568441064638783,"15,16년"
제조업,가온전선,3.0,1.5,1.5,2.0,1.5,3.0,-1.0,0.0,1.5,20950,20200,-0.035799522673031,"15,16년"
제조업,경농,1.0,1.5,1.5,2.0,3.0,1.5,1.0,1.5,0.0,5170,5810,0.1237911025145067,"15,16년"
제조업,경동나비엔,1.0,1.5,1.5,1.0,1.5,1.5,0.0,0.0,0.0,37800,58700,0.5529100529100529,"15,16년"
제조업,경인양행,2.0,1.5,1.5,2.0,1.5,1.5,0.0,0.0,0.0,3980,4600,0.1557788944723618,"15,16년"
제조업,경인전자,2.0,1.5,1.5,2.0,1.5,1.5,0.0,0.0,0.0,19600,22100,0.1275510204081632,"15,16년"
제조업,계양전기,2.0,1.5,1.5,2.0,1.5,1.5,0.0,0.0,0.0,4855,4995,0.0288362512873326,"15,16년"
제조업,고려산업,2.0,1.5,1.5,2.0,1.5,1.5,0.0,0.0,0.0,2140,5980,1.794392523364486,"15,16년"
제조업,고려아연,2.0,3.0,3.0,3.0,1.5,1.5,1.0,-1.5,-1.5,474000,455000,-0.040084388185654,"15,16년"
제조업,고려제강,2.0,1.5,3.0,,1.5,3.0,,0.0,0.0,41250,39000,-0.0545454545454545,"15,16년"
제조업,광명전기,2.0,1.5,1.5,1.0,1.5,1.5,-1.0,0.0,0.0,2495,3200,0.282565130260521,"15,16년"
제조업,광전자,2.0,1.5,1.5,3.0,1.5,1.5,1.0,0.0,0.0,2430,2235,-0.0802469135802469,"15,16년"
제조업,국도화학,1.0,1.5,3.0,1.0,1.5,3.0,0.0,0.0,0.0,61400,54200,-0.1172638436482084,"15,16년"
제조업,극동유화,2.0,1.5,1.5,2.0,1.5,1.5,0.0,0.0,0.0,31000,3225,-0.8959677419354839,"15,16년"
제조업,금강공업,1.0,1.5,1.5,1.0,1.5,1.5,0.0,0.0,0.0,62500,45500,-0.272,"15,16년"
제조업,금비,1.0,1.5,1.5,1.0,1.5,1.5,0.0,0.0,0.0,70500,86000,0.2198581560283688,"15,16년"
제조업,금양,1.0,1.5,1.5,2.0,1.5,1.5,1.0,0.0,0.0,1875,2865,0.528,"15,16년"
제조업,금호전기,1.0,1.5,1.5,2.0,1.5,1.5,1.0,0.0,0.0,17550,9450,-0.4615384615384615,"15,16년"
제조업,금호타이어,1.0,3.0,3.0,1.0,5.0,3.0,0.0,2.0,0.0,6900,10250,0.4855072463768116,"15,16년"
제조업,기신정기,2.0,1.5,1.5,2.0,1.5,1.5,0.0,0.0,0.0,7530,5310,-0.2948207171314741,"15,16년"
제조업,깨끗한나라,2.0,1.5,3.0,2.0,1.5,3.0,0.0,0.0,0.0,6600,5350,-0.1893939393939394,"15,16년"
제조업,남선알미늄,1.0,3.0,1.5,2.0,1.5,1.5,1.0,-1.5,0.0,1195,1180,-0.0125523012552301,"15,16년"
제조업,남양유업,1.0,1.5,1.5,,3.0,1.5,,1.5,0.0,841000,674000,-0.1985731272294887,"15,16년"
제조업,남해화학,1.0,1.5,3.0,2.0,1.5,3.0,1.0,0.0,0.0,10050,8150,-0.1890547263681592,"15,16년"
제조업,넥센,2.0,1.5,1.5,2.0,1.5,3.0,0.0,0.0,1.5,84600,7990,-0.9055555555555556,"15,16년"
제조업,넥센타이어,1.0,1.5,3.0,3.0,3.0,3.0,2.0,1.5,0.0,13200,13150,-0.0037878787878787,"15,16년"
제조업,노루페인트,2.0,1.5,1.5,2.0,1.5,1.5,0.0,0.0,0.0,10900,9270,-0.1495412844036697,"15,16년"
제조업,농심,1.0,1.5,3.0,,1.5,3.0,,0.0,0.0,369000,288000,-0.2195121951219512,"15,16년"
제조업,대덕전자,2.0,1.5,1.5,2.0,1.5,3.0,0.0,0.0,1.5,7350,7530,0.0244897959183673,"15,16년"
제조업,대동전자,1.0,1.5,1.5,2.0,1.5,1.5,1.0,0.0,0.0,5190,4625,-0.1088631984585741,"15,16년"
제조업,대림통상,1.0,1.5,1.5,1.0,1.5,1.5,0.0,0.0,0.0,6820,6480,-0.0498533724340175,"15,16년"
제조업,대상,1.0,1.5,1.5,1.0,3.0,1.5,0.0,1.5,0.0,31100,26950,-0.1334405144694533,"15,16년"
제조업,대양금속,1.0,1.5,1.5,2.0,1.5,3.0,1.0,0.0,1.5,601,3895,5.480865224625624,"15,16년"
제조업,대영포장,1.0,1.5,1.5,1.0,1.5,1.5,0.0,0.0,0.0,1135,1005,-0.1145374449339207,"15,16년"
제조업,대우부품,1.0,1.5,1.5,2.0,1.5,1.5,1.0,0.0,0.0,1200,1525,0.2708333333333333,"15,16년"
제조업,대우조선해양,2.0,1.5,4.0,1.0,3.0,4.0,-1.0,1.5,0.0,6940,4480,-0.3544668587896253,"15,16년"
제조업,대원강업,1.0,1.5,3.0,2.0,1.5,1.5,1.0,0.0,-1.5,4955,5170,0.0433905146316851,"15,16년"
제조업,대원전선,1.0,1.5,1.5,2.0,1.5,1.5,1.0,0.0,0.0,1990,1710,-0.1407035175879397,"15,16년"
제조업,대원화성,2.0,1.5,3.0,2.0,1.5,3.0,0.0,0.0,0.0,3530,2540,-0.2804532577903683,"15,16년"
제조업,대유에이텍,1.0,1.5,1.5,1.0,1.5,1.5,0.0,0.0,0.0,2580,1650,-0.3604651162790697,"15,16년"
제조업,대창,1.0,1.5,3.0,1.0,1.5,3.0,0.0,0.0,0.0,947,930,-0.0179514255543822,"15,16년"
제조업,대창단조,2.0,1.5,3.0,2.0,1.5,3.0,0.0,0.0,0.0,49800,45400,-0.0883534136546184,"15,16년"
제조업,대한방직,2.0,1.5,1.5,2.0,1.5,1.5,0.0,0.0,0.0,68200,63000,-0.0762463343108504,"15,16년"
제조업,대한유화,1.0,1.5,3.0,1.0,3.0,1.5,0.0,1.5,-1.5,177000,204500,0.1553672316384181,"15,16년"
제조업,대한전선,,1.5,3.0,2.0,1.5,3.0,,0.0,0.0,6000,1890,-0.685,"15,16년"
제조업,대한제강,2.0,1.5,3.0,1.0,1.5,3.0,-1.0,0.0,0.0,9650,9310,-0.0352331606217616,"15,16년"
제조업,대한제당,3.0,1.5,1.5,2.0,1.5,1.5,-1.0,0.0,0.0,22500,24050,0.0688888888888888,"15,16년"
제조업,대한제분,1.0,1.5,3.0,2.0,1.5,1.5,1.0,0.0,-1.5,194500,176500,-0.0925449871465295,"15,16년"
제조업,대한화섬,2.0,1.5,3.0,2.0,1.5,1.5,0.0,0.0,-1.5,111000,106000,-0.045045045045045,"15,16년"
제조업,대현,2.0,1.5,1.5,2.0,1.5,1.5,0.0,0.0,0.0,3685,3750,0.0176390773405698,"15,16년"
제조업,대호에이엘,1.0,1.5,3.0,2.0,1.5,3.0,1.0,0.0,0.0,1470,1645,0.119047619047619,"15,16년"
제조업,덕성,1.0,1.5,1.5,1.0,1.5,1.5,0.0,0.0,0.0,10550,6460,-0.3876777251184834,"15,16년"
제조업,덕양산업,2.0,1.5,1.5,2.0,1.5,1.5,0.0,0.0,0.0,2020,1840,-0.0891089108910891,"15,16년"
제조업,동국제강,1.0,1.5,3.0,1.0,3.0,3.0,0.0,1.5,0.0,6840,8180,0.195906432748538,"15,16년"
제조업,동남합성,1.0,1.5,1.5,1.0,1.5,1.5,0.0,0.0,0.0,40650,66900,0.6457564575645757,"15,16년"
제조업,동방아그로,2.0,1.5,1.5,2.0,1.5,1.5,0.0,0.0,0.0,6560,6860,0.0457317073170731,"15,16년"
제조업,동양철관,1.0,1.5,1.5,1.0,1.5,1.5,0.0,0.0,0.0,1365,1215,-0.1098901098901098,"15,16년"
제조업,동원F&B,1.0,1.5,1.5,1.0,3.0,1.5,0.0,1.5,0.0,376500,201500,-0.4648074369189907,"15,16년"
제조업,동원금속,2.0,1.5,1.5,2.0,1.5,1.5,0.0,0.0,0.0,2110,3295,0.5616113744075829,"15,16년"
제조업,동원시스템즈,1.0,1.5,1.5,1.0,1.5,1.5,0.0,0.0,0.0,79500,55900,-0.2968553459119497,"15,16년"
제조업,동일고무벨트,1.0,1.5,1.5,1.0,1.5,1.5,0.0,0.0,0.0,14500,11800,-0.1862068965517241,"15,16년"
제조업,동일산업,2.0,1.5,3.0,2.0,1.5,3.0,0.0,0.0,0.0,57400,72500,0.2630662020905923,"15,16년"
제조업,디씨엠,1.0,1.5,1.5,2.0,1.5,1.5,1.0,0.0,0.0,11200,11900,0.0625,"15,16년"
제조업,디아이,2.0,1.5,1.5,2.0,1.5,1.5,0.0,0.0,0.0,8910,4760,-0.4657687991021324,"15,16년"
제조업,디아이씨,2.0,1.5,1.5,2.0,1.5,1.5,0.0,0.0,0.0,8730,10000,0.145475372279496,"15,16년"
제조업,락앤락,3.0,1.5,1.5,3.0,1.5,1.5,0.0,0.0,0.0,12250,13400,0.0938775510204081,"15,16년"
제조업,롯데케미칼,2.0,5.0,5.0,2.0,5.0,4.0,0.0,0.0,-1.0,240500,288500,0.1995841995841996,"15,16년"
제조업,마니커,1.0,1.5,1.5,,1.5,1.5,,0.0,0.0,757,751,-0.0079260237780713,"15,16년"
제조업,만호제강,2.0,1.5,1.5,2.0,1.5,1.5,0.0,0.0,0.0,18550,18450,-0.0053908355795148,"15,16년"
제조업,모나리자,1.0,1.5,1.5,1.0,1.5,1.5,0.0,0.0,0.0,5220,6110,0.1704980842911877,"15,16년"
제조업,모토닉,2.0,1.5,1.5,2.0,1.5,1.5,0.0,0.0,0.0,12550,9230,-0.2645418326693227,"15,16년"
제조업,무림P&P,1.0,1.5,3.0,2.0,1.5,3.0,1.0,0.0,0.0,5380,4080,-0.241635687732342,"15,16년"
제조업,무림페이퍼,2.0,1.5,3.0,2.0,1.5,3.0,0.0,0.0,0.0,3545,2775,-0.2172073342736248,"15,16년"
제조업,무학,1.0,1.5,1.5,2.0,1.5,1.5,1.0,0.0,0.0,48000,22750,-0.5260416666666666,"15,16년"
제조업,문배철강,2.0,1.5,1.5,2.0,1.5,1.5,0.0,0.0,0.0,2920,2710,-0.071917808219178,"15,16년"
제조업,미래산업,2.0,1.5,1.5,3.0,1.5,1.5,1.0,0.0,0.0,623,281,-0.5489566613162119,"15,16년"
제조업,미원상사,1.0,1.5,1.5,1.0,1.5,1.5,0.0,0.0,0.0,186000,233000,0.2526881720430107,"15,16년"
제조업,미원화학,1.0,1.5,1.5,1.0,1.5,1.5,0.0,0.0,0.0,47400,72300,0.5253164556962026,"15,16년"
제조업,방림,1.0,1.5,1.5,2.0,1.5,3.0,1.0,0.0,1.5,27850,24150,-0.1328545780969479,"15,16년"
제조업,백광산업,2.0,1.5,3.0,2.0,1.5,3.0,0.0,0.0,0.0,2575,1865,-0.2757281553398058,"15,16년"
제조업,백산,2.0,1.5,1.5,2.0,1.5,1.5,0.0,0.0,0.0,4515,8900,0.9712070874861573,"15,16년"
제조업,벽산,,1.5,1.5,1.0,1.5,3.0,,0.0,1.5,9440,4930,-0.4777542372881356,"15,16년"
제조업,보락,2.0,1.5,1.5,1.0,1.5,1.5,-1.0,0.0,0.0,4400,5130,0.1659090909090909,"15,16년"
제조업,보해양조,1.0,1.5,1.5,2.0,1.5,1.5,1.0,0.0,0.0,1815,1250,-0.3112947658402203,"15,16년"
제조업,부국철강,1.0,1.5,1.5,2.0,1.5,1.5,1.0,0.0,0.0,2950,3080,0.0440677966101694,"15,16년"
제조업,부산산업,2.0,1.5,1.5,2.0,1.5,1.5,0.0,0.0,0.0,32600,38550,0.1825153374233128,"15,16년"
제조업,부산주공,3.0,1.5,3.0,2.0,1.5,3.0,-1.0,0.0,0.0,2045,3015,0.4743276283618582,"15,16년"
제조업,빙그레,2.0,1.5,1.5,2.0,3.0,1.5,0.0,1.5,0.0,68300,62400,-0.0863836017569546,"15,16년"
제조업,사조대림,1.0,1.5,1.5,1.0,1.5,1.5,0.0,0.0,0.0,18000,16500,-0.0833333333333333,"15,16년"
제조업,사조씨푸드,2.0,1.5,1.5,2.0,1.5,1.5,0.0,0.0,0.0,7330,6660,-0.0914051841746248,"15,16년"
제조업,사조오양,1.0,1.5,1.5,1.0,1.5,1.5,0.0,0.0,0.0,12350,11250,-0.0890688259109311,"15,16년"
제조업,삼성SDI,3.0,4.0,5.0,3.0,4.0,4.0,0.0,0.0,-1.0,106500,94300,-0.1145539906103286,"15,16년"
제조업,삼성공조,3.0,1.5,1.5,2.0,1.5,1.5,-1.0,0.0,0.0,10450,11250,0.0765550239234449,"15,16년"
제조업,삼성전기,4.0,4.0,4.0,5.0,5.0,5.0,1.0,1.0,1.0,65200,47100,-0.2776073619631902,"15,16년"
제조업,삼성전자,3.0,3.0,5.0,3.0,5.0,4.0,0.0,2.0,-1.0,1372000,1639000,0.1946064139941691,"15,16년"
제조업,삼성중공업,3.0,3.0,3.0,2.0,4.0,4.0,-1.0,1.0,1.0,13300,9750,-0.2669172932330827,"15,16년"
제조업,삼아알미늄,2.0,1.5,1.5,2.0,1.5,1.5,0.0,0.0,0.0,3125,3985,0.2752,"15,16년"
제조업,삼양사,1.0,3.0,3.0,1.0,3.0,1.5,0.0,0.0,-1.5,103500,103000,-0.0048309178743961,"15,16년"
제조업,삼양식품,1.0,1.5,1.5,,1.5,3.0,,0.0,1.5,22950,38450,0.6753812636165577,"15,16년"
제조업,삼양통상,2.0,1.5,1.5,2.0,1.5,1.5,0.0,0.0,0.0,50800,49200,-0.0314960629921259,"15,16년"
제조업,삼원강재,1.0,1.5,3.0,1.0,1.5,3.0,0.0,0.0,0.0,3630,3550,-0.0220385674931129,"15,16년"
제조업,삼익THK,2.0,1.5,1.5,1.0,1.5,1.5,-1.0,0.0,0.0,8550,10500,0.2280701754385964,"15,16년"
제조업,삼익악기,1.0,1.5,1.5,,1.5,1.5,,0.0,0.0,4060,2300,-0.4334975369458128,"15,16년"
제조업,삼정펄프,2.0,1.5,1.5,2.0,1.5,1.5,0.0,0.0,0.0,37300,43050,0.1541554959785522,"15,16년"
제조업,삼화왕관,1.0,1.5,1.5,1.0,1.5,1.5,0.0,0.0,0.0,43500,44100,0.0137931034482758,"15,16년"
제조업,삼화전기,2.0,1.5,1.5,2.0,1.5,1.5,0.0,0.0,0.0,4715,5160,0.0943796394485683,"15,16년"
제조업,상신브레이크,2.0,1.5,1.5,2.0,1.5,1.5,0.0,0.0,0.0,7080,6500,-0.0819209039548022,"15,16년"
제조업,새론오토모티브,1.0,1.5,3.0,1.0,1.5,3.0,0.0,0.0,0.0,8770,7990,-0.088939566704675,"15,16년"
제조업,서원,2.0,1.5,1.5,2.0,1.5,3.0,0.0,0.0,1.5,1275,1720,0.3490196078431372,"15,16년"
제조업,서흥,2.0,1.5,1.5,1.0,1.5,1.5,-1.0,0.0,0.0,49900,39550,-0.2074148296593186,"15,16년"
제조업,선도전기,2.0,1.5,1.5,2.0,1.5,1.5,0.0,0.0,0.0,2435,3920,0.6098562628336756,"15,16년"
제조업,선진,2.0,1.5,1.5,3.0,1.5,1.5,1.0,0.0,0.0,27900,26300,-0.057347670250896,"15,16년"
제조업,성문전자,2.0,1.5,1.5,1.0,1.5,1.5,-1.0,0.0,0.0,1915,8700,3.5430809399477807,"15,16년"
제조업,성보화학,1.0,1.5,1.5,2.0,1.5,1.5,1.0,0.0,0.0,59800,5610,-0.9061872909698996,"15,16년"
제조업,성신양회,2.0,1.5,3.0,2.0,1.5,3.0,0.0,0.0,0.0,11400,7610,-0.3324561403508771,"15,16년"
제조업,성안,1.0,1.5,1.5,1.0,1.5,1.5,0.0,0.0,0.0,1095,1015,-0.0730593607305936,"15,16년"
제조업,세방전지,1.0,3.0,3.0,2.0,3.0,3.0,1.0,0.0,0.0,40800,37100,-0.0906862745098039,"15,16년"
제조업,세아제강,1.0,1.5,3.0,1.0,3.0,3.0,0.0,1.5,0.0,63900,69700,0.0907668231611893,"15,16년"
제조업,세아특수강,2.0,1.5,3.0,2.0,1.5,3.0,0.0,0.0,0.0,17750,19250,0.0845070422535211,"15,16년"
제조업,세아홀딩스,1.0,1.5,1.5,2.0,1.5,1.5,1.0,0.0,0.0,175000,120000,-0.3142857142857143,"15,16년"
제조업,세원정공,2.0,1.5,1.5,2.0,1.5,1.5,0.0,0.0,0.0,24350,18950,-0.2217659137577002,"15,16년"
제조업,세종공업,2.0,1.5,1.5,1.0,1.5,1.5,-1.0,0.0,0.0,11050,10300,-0.0678733031674208,"15,16년"
제조업,세하,1.0,1.5,3.0,1.0,1.5,3.0,0.0,0.0,0.0,1860,1750,-0.0591397849462365,"15,16년"
제조업,송원산업,1.0,1.5,3.0,1.0,1.5,3.0,0.0,0.0,0.0,11000,17550,0.5954545454545455,"15,16년"
제조업,수산중공업,1.0,1.5,1.5,2.0,1.5,1.5,1.0,0.0,0.0,2070,2045,-0.0120772946859903,"15,16년"
제조업,신대양제지,2.0,1.5,1.5,1.0,1.5,1.5,-1.0,0.0,0.0,27200,23650,-0.1305147058823529,"15,16년"
제조업,신도리코,3.0,1.5,3.0,2.0,1.5,3.0,-1.0,0.0,0.0,60900,52500,-0.1379310344827586,"15,16년"
제조업,신성이엔지,,1.5,1.5,2.0,1.5,1.5,,0.0,0.0,1580,4170,1.639240506329114,"15,16년"
제조업,신영와코루,1.0,1.5,1.5,1.0,1.5,1.5,0.0,0.0,0.0,163000,154500,-0.0521472392638036,"15,16년"
제조업,신원,1.0,1.5,1.5,,1.5,1.5,,0.0,0.0,1890,1640,-0.1322751322751322,"15,16년"
제조업,쌍방울,,1.5,1.5,1.0,1.5,1.5,,0.0,0.0,3265,1965,-0.3981623277182236,"15,16년"
제조업,써니전자,1.0,1.5,1.5,1.0,1.5,1.5,0.0,0.0,0.0,2250,4770,1.12,"15,16년"
제조업,씨아이테크,,1.5,1.5,1.0,1.5,1.5,,0.0,0.0,1185,1015,-0.1434599156118143,"15,16년"
제조업,아남전자,1.0,1.5,1.5,2.0,1.5,1.5,1.0,0.0,0.0,1410,1160,-0.1773049645390071,"15,16년"
제조업,아모레퍼시픽,2.0,4.0,3.0,3.0,4.0,4.0,1.0,0.0,1.0,377500,359000,-0.0490066225165562,"15,16년"
제조업,아세아시멘트,1.0,3.0,3.0,2.0,1.5,3.0,1.0,-1.5,0.0,108000,73600,-0.3185185185185185,"15,16년"
제조업,아세아제지,1.0,1.5,1.5,2.0,1.5,1.5,1.0,0.0,0.0,19500,19500,0.0,"15,16년"
제조업,아이에스동서,1.0,1.5,1.5,2.0,1.5,1.5,1.0,0.0,0.0,42700,49500,0.1592505854800937,"15,16년"
제조업,알루코,,1.5,1.5,,1.5,1.5,,0.0,0.0,6430,4320,-0.328149300155521,"15,16년"
제조업,에넥스,2.0,1.5,1.5,1.0,1.5,1.5,-1.0,0.0,0.0,4850,2375,-0.5103092783505154,"15,16년"
제조업,에스엘,2.0,3.0,1.5,1.0,3.0,1.5,-1.0,0.0,0.0,17000,15250,-0.1029411764705882,"15,16년"
제조업,에이블씨엔씨,2.0,1.5,1.5,2.0,1.5,1.5,0.0,0.0,0.0,24700,20950,-0.1518218623481781,"15,16년"
제조업,에이엔피,1.0,1.5,1.5,1.0,1.5,1.5,0.0,0.0,0.0,1260,2850,1.261904761904762,"15,16년"
제조업,엔케이,2.0,1.5,1.5,1.0,1.5,1.5,-1.0,0.0,0.0,5810,4815,-0.1712564543889845,"15,16년"
제조업,영보화학,1.0,1.5,1.5,1.0,1.5,1.5,0.0,0.0,0.0,4520,5290,0.1703539823008849,"15,16년"
제조업,영풍,1.0,1.5,3.0,,1.5,1.5,,0.0,-1.5,1252000,995000,-0.2052715654952076,"15,16년"
제조업,영풍제지,2.0,1.5,1.5,1.0,1.5,1.5,-1.0,0.0,0.0,2835,2900,0.0229276895943562,"15,16년"
제조업,영화금속,2.0,1.5,1.5,2.0,1.5,1.5,0.0,0.0,0.0,1490,1685,0.1308724832214765,"15,16년"
제조업,오뚜기,1.0,1.5,1.5,,3.0,1.5,,1.5,0.0,1049000,658000,-0.3727359389895138,"15,16년"
제조업,우신시스템,1.0,1.5,1.5,1.0,1.5,1.5,0.0,0.0,0.0,3900,3805,-0.0243589743589743,"15,16년"
제조업,우진,3.0,1.5,1.5,2.0,1.5,1.5,-1.0,0.0,0.0,7100,6530,-0.080281690140845,"15,16년"
제조업,우진플라임,1.0,1.5,1.5,2.0,1.5,1.5,1.0,0.0,0.0,3720,5860,0.5752688172043011,"15,16년"
제조업,원림,1.0,1.5,1.5,1.0,1.5,1.5,0.0,0.0,0.0,25650,26200,0.0214424951267056,"15,16년"
제조업,유니드,1.0,1.5,3.0,1.0,1.5,3.0,0.0,0.0,0.0,51100,46700,-0.086105675146771,"15,16년"
제조업,유니온,2.0,1.5,1.5,2.0,1.5,1.5,0.0,0.0,0.0,4195,3865,-0.0786650774731823,"15,16년"
제조업,유성기업,2.0,1.5,1.5,3.0,1.5,3.0,1.0,0.0,1.5,4190,4040,-0.035799522673031,"15,16년"
제조업,율촌화학,1.0,1.5,1.5,1.0,1.5,1.5,0.0,0.0,0.0,12350,13550,0.097165991902834,"15,16년"
제조업,이건산업,2.0,1.5,1.5,2.0,1.5,1.5,0.0,0.0,0.0,17000,11350,-0.3323529411764706,"15,16년"
제조업,이구산업,3.0,1.5,3.0,3.0,1.5,3.0,0.0,0.0,0.0,1265,2000,0.5810276679841897,"15,16년"
제조업,이수페타시스,1.0,1.5,3.0,,4.0,3.0,,2.5,0.0,5050,4175,-0.1732673267326732,"15,16년"
제조업,이수화학,1.0,3.0,1.5,2.0,1.5,1.5,1.0,-1.5,0.0,10300,15500,0.5048543689320388,"15,16년"
제조업,이월드,1.0,1.5,1.5,1.0,1.5,1.5,0.0,0.0,0.0,2880,1900,-0.3402777777777778,"15,16년"
제조업,인디에프,1.0,1.5,1.5,1.0,1.5,1.5,0.0,0.0,0.0,2670,2800,0.048689138576779,"15,16년"
제조업,인지컨트롤스,1.0,1.5,1.5,1.0,1.5,1.5,0.0,0.0,0.0,5120,5010,-0.021484375,"15,16년"
제조업,인팩,2.0,1.5,1.5,1.0,1.5,1.5,-1.0,0.0,0.0,6240,6630,0.0625,"15,16년"
제조업,일신방직,3.0,1.5,1.5,2.0,1.5,3.0,-1.0,0.0,1.5,158000,130000,-0.1772151898734177,"15,16년"
제조업,일정실업,1.0,1.5,1.5,1.0,1.5,1.5,0.0,0.0,0.0,27000,30100,0.1148148148148148,"15,16년"
제조업,일진다이아,1.0,1.5,1.5,1.0,1.5,1.5,0.0,0.0,0.0,10250,7860,-0.233170731707317,"15,16년"
제조업,일진디스플,2.0,1.5,1.5,2.0,1.5,1.5,0.0,0.0,0.0,6860,4115,-0.4001457725947522,"15,16년"
제조업,일진전기,2.0,1.5,1.5,2.0,1.5,1.5,0.0,0.0,0.0,5700,4650,-0.1842105263157894,"15,16년"
제조업,자화전자,2.0,1.5,1.5,2.0,1.5,3.0,0.0,0.0,1.5,11250,14550,0.2933333333333333,"15,16년"
제조업,전방,1.0,1.5,1.5,1.0,1.5,1.5,0.0,0.0,0.0,51500,38000,-0.2621359223300971,"15,16년"
제조업,제일연마,1.0,1.5,1.5,1.0,1.5,1.5,0.0,0.0,0.0,7650,6390,-0.1647058823529411,"15,16년"
제조업,조광페인트,,1.5,1.5,2.0,1.5,1.5,,0.0,0.0,15450,11400,-0.2621359223300971,"15,16년"
제조업,조광피혁,2.0,1.5,1.5,2.0,1.5,1.5,0.0,0.0,0.0,49850,38000,-0.2377131394182547,"15,16년"
제조업,조비,1.0,1.5,1.5,1.0,1.5,1.5,0.0,0.0,0.0,12300,13300,0.08130081300813,"15,16년"
제조업,조선내화,1.0,1.5,1.5,2.0,1.5,1.5,1.0,0.0,0.0,94500,92000,-0.0264550264550264,"15,16년"
제조업,조선선재,1.0,1.5,1.5,1.0,1.5,1.5,0.0,0.0,0.0,68900,65700,-0.04644412191582,"15,16년"
제조업,조일알미늄,2.0,1.5,3.0,2.0,1.5,3.0,0.0,0.0,0.0,1540,1770,0.1493506493506493,"15,16년"
제조업,조흥,2.0,1.5,1.5,2.0,1.5,1.5,0.0,0.0,0.0,154000,155500,0.0097402597402597,"15,16년"
제조업,주연테크,1.0,1.5,1.5,1.0,1.5,1.5,0.0,0.0,0.0,1000,1335,0.335,"15,16년"
제조업,지엠비코리아,3.0,1.5,1.5,2.0,1.5,1.5,-1.0,0.0,0.0,5630,4785,-0.150088809946714,"15,16년"
제조업,진양산업,2.0,1.5,1.5,2.0,1.5,1.5,0.0,0.0,0.0,3090,4375,0.4158576051779935,"15,16년"
제조업,진양홀딩스,2.0,1.5,1.5,2.0,1.5,1.5,0.0,0.0,0.0,4095,3475,-0.1514041514041514,"15,16년"
제조업,진양화학,2.0,1.5,1.5,2.0,1.5,1.5,0.0,0.0,0.0,3600,4410,0.225,"15,16년"
제조업,참엔지니어링,1.0,1.5,1.5,,1.5,1.5,,0.0,0.0,1430,2880,1.013986013986014,"15,16년"
제조업,체시스,2.0,1.5,1.5,1.0,1.5,1.5,-1.0,0.0,0.0,1900,2135,0.1236842105263157,"15,16년"
제조업,카프로,1.0,1.5,3.0,2.0,1.5,3.0,1.0,0.0,0.0,2815,5520,0.960923623445826,"15,16년"
제조업,코리아써키트,2.0,1.5,3.0,1.0,1.5,3.0,-1.0,0.0,0.0,11050,8050,-0.2714932126696832,"15,16년"
제조업,코스모신소재,1.0,3.0,3.0,1.0,1.5,3.0,0.0,-1.5,0.0,2965,5140,0.7335581787521079,"15,16년"
제조업,코스모화학,1.0,1.5,3.0,2.0,1.5,3.0,1.0,0.0,0.0,5530,4335,-0.2160940325497287,"15,16년"
제조업,코아스,2.0,1.5,1.5,2.0,1.5,1.5,0.0,0.0,0.0,2440,1580,-0.3524590163934426,"15,16년"
제조업,코오롱인더,2.0,3.0,3.0,2.0,1.5,3.0,0.0,-1.5,0.0,62100,74400,0.1980676328502415,"15,16년"
제조업,코오롱플라스틱,3.0,3.0,3.0,2.0,1.5,4.0,-1.0,-1.5,1.0,7750,6920,-0.1070967741935483,"15,16년"
제조업,태경산업,2.0,1.5,1.5,1.0,1.5,1.5,-1.0,0.0,0.0,6130,4845,-0.2096247960848287,"15,16년"
제조업,태광산업,1.0,1.5,1.5,1.0,3.0,1.5,0.0,1.5,0.0,1110000,839000,-0.2441441441441441,"15,16년"
제조업,태림포장,1.0,1.5,1.5,1.0,1.5,1.5,0.0,0.0,0.0,3200,3060,-0.04375,"15,16년"
제조업,태원물산,1.0,1.5,1.5,2.0,1.5,1.5,1.0,0.0,0.0,3190,4200,0.3166144200626959,"15,16년"
제조업,태평양물산,2.0,1.5,1.5,2.0,3.0,1.5,0.0,1.5,0.0,4265,2935,-0.3118405627198124,"15,16년"
제조업,티에이치엔,1.0,1.5,1.5,1.0,1.5,1.5,0.0,0.0,0.0,1605,2825,0.7601246105919003,"15,16년"
제조업,티웨이홀딩스,,1.5,1.5,1.0,1.5,1.5,,0.0,0.0,9120,6930,-0.2401315789473684,"15,16년"
제조업,팜스코,2.0,1.5,1.5,2.0,1.5,1.5,0.0,0.0,0.0,15450,11750,-0.2394822006472491,"15,16년"
제조업,퍼스텍,2.0,1.5,1.5,2.0,1.5,1.5,0.0,0.0,0.0,5860,3430,-0.4146757679180887,"15,16년"
제조업,퍼시스,2.0,1.5,1.5,2.0,1.5,1.5,0.0,0.0,0.0,34700,33950,-0.0216138328530259,"15,16년"
제조업,페이퍼코리아,1.0,1.5,1.5,1.0,1.5,1.5,0.0,0.0,0.0,1005,579,-0.4238805970149253,"15,16년"
제조업,평화산업,3.0,1.5,1.5,3.0,3.0,1.5,0.0,1.5,0.0,1600,1815,0.134375,"15,16년"
제조업,평화홀딩스,2.0,1.5,1.5,2.0,3.0,1.5,0.0,1.5,0.0,3430,3920,0.1428571428571428,"15,16년"
제조업,풀무원,3.0,3.0,3.0,4.0,5.0,4.0,1.0,2.0,1.0,185500,118500,-0.3611859838274933,"15,16년"
제조업,풍산,3.0,1.5,3.0,2.0,1.5,4.0,-1.0,0.0,1.0,25750,34800,0.3514563106796116,"15,16년"
제조업,하이스틸,2.0,1.5,1.5,2.0,1.5,1.5,0.0,0.0,0.0,22000,21550,-0.0204545454545454,"15,16년"
제조업,하이트진로,2.0,1.5,3.0,1.0,1.5,3.0,-1.0,0.0,0.0,22900,22000,-0.0393013100436681,"15,16년"
제조업,한국내화,2.0,1.5,1.5,1.0,1.5,1.5,-1.0,0.0,0.0,3200,3105,-0.0296875,"15,16년"
제조업,한국쉘석유,3.0,3.0,1.5,3.0,1.5,1.5,0.0,-1.5,0.0,507000,441000,-0.1301775147928994,"15,16년"
제조업,한국주강,1.0,1.5,1.5,1.0,1.5,1.5,0.0,0.0,0.0,3005,3450,0.1480865224625624,"15,16년"
제조업,한국철강,2.0,1.5,3.0,1.0,3.0,3.0,-1.0,1.5,0.0,48350,37600,-0.2223371251292657,"15,16년"
제조업,한국카본,1.0,1.5,1.5,1.0,1.5,1.5,0.0,0.0,0.0,5950,6100,0.0252100840336134,"15,16년"
제조업,한국콜마,1.0,1.5,1.5,1.0,1.5,1.5,0.0,0.0,0.0,89800,81500,-0.0924276169265033,"15,16년"
제조업,한국항공우주,2.0,1.5,3.0,2.0,1.5,3.0,0.0,0.0,0.0,90000,64800,-0.28,"15,16년"
제조업,한국화장품제조,2.0,1.5,1.5,2.0,1.5,1.5,0.0,0.0,0.0,28200,30200,0.0709219858156028,"15,16년"
제조업,한농화성,2.0,1.5,1.5,2.0,1.5,1.5,0.0,0.0,0.0,3910,5210,0.3324808184143222,"15,16년"
제조업,한미반도체,1.0,1.5,1.5,2.0,1.5,1.5,1.0,0.0,0.0,10800,13850,0.2824074074074074,"15,16년"
제조업,한섬,2.0,1.5,1.5,3.0,1.5,1.5,1.0,0.0,0.0,38850,40600,0.045045045045045,"15,16년"
제조업,한성기업,1.0,1.5,1.5,1.0,1.5,1.5,0.0,0.0,0.0,7450,8200,0.1006711409395973,"15,16년"
제조업,한세실업,3.0,1.5,1.5,3.0,1.5,1.5,0.0,0.0,0.0,56200,25300,-0.5498220640569395,"15,16년"
제조업,한세예스24홀딩스,2.0,1.5,1.5,2.0,1.5,1.5,0.0,0.0,0.0,21300,10500,-0.5070422535211268,"15,16년"
제조업,한솔케미칼,3.0,1.5,3.0,2.0,3.0,3.0,-1.0,1.5,0.0,67000,82800,0.235820895522388,"15,16년"
제조업,한솔테크닉스,1.0,1.5,1.5,2.0,1.5,3.0,1.0,0.0,1.5,25100,15150,-0.396414342629482,"15,16년"
제조업,한솔홈데코,1.0,3.0,3.0,1.0,3.0,3.0,0.0,0.0,0.0,1540,1750,0.1363636363636363,"15,16년"
제조업,한온시스템,1.0,1.5,3.0,2.0,1.5,3.0,1.0,0.0,0.0,44900,10700,-0.7616926503340757,"15,16년"
제조업,한일시멘트,2.0,3.0,3.0,1.0,1.5,3.0,-1.0,-1.5,0.0,117500,74400,-0.3668085106382979,"15,16년"
제조업,한일철강,1.0,1.5,1.5,1.0,1.5,1.5,0.0,0.0,0.0,20950,22900,0.0930787589498806,"15,16년"
제조업,한창제지,1.0,1.5,1.5,1.0,1.5,1.5,0.0,0.0,0.0,894,1165,0.3031319910514541,"15,16년"
제조업,한화,3.0,3.0,4.0,3.0,3.0,4.0,0.0,0.0,0.0,37550,37350,-0.0053262316910785,"15,16년"
제조업,현대로템,3.0,1.5,3.0,2.0,3.0,3.0,-1.0,1.5,0.0,16300,18700,0.147239263803681,"15,16년"
제조업,현대리바트,3.0,1.5,1.5,3.0,3.0,1.5,0.0,1.5,0.0,50300,24750,-0.5079522862823062,"15,16년"
제조업,현대모비스,1.0,3.0,3.0,1.0,5.0,4.0,0.0,2.0,1.0,240000,274000,0.1416666666666666,"15,16년"
제조업,현대미포조선,3.0,3.0,4.0,3.0,1.5,4.0,0.0,-1.5,0.0,71800,70300,-0.0208913649025069,"15,16년"
제조업,현대비앤지스틸,2.0,1.5,3.0,,1.5,3.0,,0.0,0.0,10350,11500,0.1111111111111111,"15,16년"
제조업,현대위아,3.0,3.0,3.0,3.0,3.0,3.0,0.0,0.0,0.0,133500,78700,-0.4104868913857677,"15,16년"
제조업,현대제철,2.0,3.0,3.0,1.0,1.5,3.0,-1.0,-1.5,0.0,52100,49400,-0.0518234165067178,"15,16년"
제조업,형지엘리트,1.0,1.5,1.5,1.0,1.5,1.5,0.0,0.0,0.0,3790,5210,0.3746701846965699,"15,16년"
제조업,화승알앤에이,1.0,1.5,3.0,2.0,1.5,3.0,1.0,0.0,0.0,40950,32600,-0.2039072039072039,"15,16년"
제조업,화신,1.0,1.5,1.5,1.0,1.5,1.5,0.0,0.0,0.0,5880,6880,0.1700680272108843,"15,16년"
제조업,화천기계,1.0,1.5,1.5,2.0,1.5,1.5,1.0,0.0,0.0,30000,23100,-0.23,"15,16년"
제조업,화천기공,2.0,1.5,1.5,2.0,1.5,1.5,0.0,0.0,0.0,62200,50200,-0.1929260450160771,"15,16년"
제조업,황금에스티,2.0,1.5,1.5,2.0,1.5,1.5,0.0,0.0,0.0,5920,7710,0.3023648648648648,"15,16년"
제조업,후성,1.0,1.5,3.0,2.0,1.5,3.0,1.0,0.0,0.0,4175,7770,0.8610778443113772,"15,16년"
제조업,휴비스,1.0,1.5,1.5,2.0,3.0,3.0,1.0,1.5,1.5,8490,7170,-0.1554770318021201,"15,16년"
제조업,휴스틸,2.0,1.5,3.0,2.0,1.5,3.0,0.0,0.0,0.0,17900,14600,-0.1843575418994413,"15,16년"
