,업종명,평가연도,총자산규모(Size),부채비율(DEB),자기자본비율(DEB),매출액증가율,현금흐름(CF),PBR,ESG,E,S,G,배당지급(DV)
AJ네트웍스,서비스업,2020,1588170350000.0,451.43,18.13,-15.44,0.03908226565686631,2.98,B,D,B,B,9832682000.0
BNK금융지주,기타금융,2020,114156870957000.0,1085.89,8.43,-1.27,-3.567815370094514,2.565,A+,B+,A+,A+,103818134000.0
CS홀딩스,기타금융,2020,323725568000.0,9.53,91.3,-2.47,4.4238383627128774,21.784999999999997,C,D,C,B,573661000.0
DB금융투자,증권,2020,9959594273000.0,980.15,9.26,60.32,0.2154861416688278,0.91,B,D,A,B,12428667000.0
DB손해보험,보험,2020,60051327012000.0,823.21,10.83,7.68,0.07200332639099609,2.005,B+,A,A,B+,132095632000.0
DB하이텍,전기전자,2020,1178581197000.0,48.33,67.42,15.92,0.3312063317377554,3.485,B+,B+,A,B+,15207000000.0
JB금융지주,기타금융,2020,53375463000000.0,1224.83,7.55,0.3,-2.133236167638324,2.55,A+,A,A,A+,72685000000.0
KISCO홀딩스,철강금속,2020,1564589807000.0,17.21,85.31,-10.01,10.001235273516846,6.115,C,B,B,C,4499849000.0
LG이노텍,전기전자,2020,6038600272000.0,148.74,40.2,14.93,0.1022865582728228,6.06,A,A,A+,B+,16565000000.0
MH에탄올,음식료품,2020,449679366000.0,459.13,17.89,17.02,0.37025949256001717,19.75,B,C,B,B+,2277984000.0
OCI,화학,2020,4437236050000.0,85.99,53.77,-23.13,-0.09698000291330941,0.485,A,A,A+,A,0.0
SH에너지화학,화학,2020,117356594000.0,30.38,76.7,-33.56,0.046125949602644656,1.085,C,C,C,B+,0.0
SIMPAC,기계,2020,737277692000.0,58.9,62.93,-14.93,-0.06263717487421303,2.3,C,C,B,C,3449178000.0
SK이노베이션,화학,2020,38498146106000.0,149.04,40.15,-31.5,0.7485971690919289,2.295,A,A,A,A,0.0
STX,유통업,2020,617563000000.0,655.62,13.23,-33.69,0.0734531277347545,3.52,B,C,B+,B,0.0
STX엔진,기계,2020,809261679000.0,203.7,32.93,-3.92,0.10288838768668089,2.425,B+,B+,B+,B,0.0
STX중공업,기계,2020,467363346000.0,168.72,37.21,-2.37,0.06728742427721164,6.915000000000001,B,C,B+,B+,0.0
TCC스틸,철강금속,2020,306758932000.0,153.25,39.49,-1.23,-0.017289711997773898,0.755,C,B,B,C,840407000.0
가온전선,전기전자,2020,542461378000.0,105.82,48.59,3.27,0.012996094008263124,2.9699999999999998,B+,B,B+,B+,2358629000.0
강남제비스코,화학,2020,712155829000.0,22.26,81.79,2.49,0.1175087572143132,5.32,B,B,C,B,3250000000.0
강원랜드,서비스업,2020,3641632201000.0,12.15,89.16,-68.52,-1.373216046913451,0.98,A,B,A,A,0.0
갤럭시아에스엠,서비스업,2020,28554685000.0,37.82,72.56,-32.0,0.14684222108495393,11.32,C,D,C,C,0.0
경농,화학,2020,371525656000.0,75.77,56.89,9.14,0.09579031118891672,7.109999999999999,C,B,B+,C,4466162000.0
경동나비엔,전기전자,2020,734688738000.0,111.02,47.39,12.8,0.07721183130673634,10.26,B+,B,B+,B+,4721175000.0
경동도시가스,전기가스업,2020,699658165000.0,96.16,50.98,-23.61,0.00028947637388895077,2.085,B+,B,A,B+,5154124000.0
경동인베스트,기타금융,2020,589277835000.0,36.8,73.1,14.27,2.3967696403064536,15.139999999999999,B,C,B,B+,1090176000.0
경방,유통업,2020,1264902051000.0,70.49,58.66,-4.27,0.1487894958020366,3.83,C,C,B,B,3251909000.0
경보제약,의약품,2020,253239177000.0,62.27,61.62,12.3,0.09659394291288292,7.615,B,B,B,B,2390686000.0
경인양행,화학,2020,505102151000.0,121.17,45.21,-8.22,0.2544624405261685,1.17,B,B,C,B,2058838000.0
경인전자,전기전자,2020,57835598000.0,6.97,93.49,56.23,-0.2706897470039947,0.525,C,D,C,B,325347000.0
계양전기,기계,2020,294209839000.0,58.41,63.13,1.24,0.050772328803330324,3.445,B,B,B+,B,1197000000.0
고려산업,음식료품,2020,216577001000.0,111.01,47.39,-1.01,-0.016830766804780704,3.5199999999999996,C,C,C,C,863500000.0
고려아연,철강금속,2020,8499645578000.0,19.93,83.38,13.25,0.0807698075546133,5.34,B,B+,C,B+,265113600000.0
고려제강,철강금속,2020,2245729071000.0,53.51,65.14,-14.78,0.41068495159736695,9.585,B,B+,B+,C,5998000000.0
광동제약,의약품,2020,830643379000.0,65.41,60.46,0.45,0.029868186546123,4.15,B,C,B+,B+,4108061000.0
광명전기,전기전자,2020,165884690000.0,51.1,66.18,-6.31,0.04682853486884197,5.215,C,C,C,C,650064000.0
광전자,전기전자,2020,243369783000.0,20.92,82.7,-9.63,0.035838537705190084,0.43,B,C,B,B+,0.0
광주신세계,유통업,2020,784428251000.0,12.34,89.02,-4.76,0.3437101852102937,2.275,B+,C,A,B+,5570033000.0
교보증권,증권,2020,10111145262000.0,700.36,12.49,21.66,-0.5167782356295472,1.2449999999999999,B,D,B+,B,21516049000.0
국도화학,화학,2020,930557566000.0,68.51,59.35,1.0,0.09434499711091691,4.935,B,B,B,B,6535592000.0
국동,유통업,2020,180700682000.0,115.54,46.39,13.6,0.15548729934521602,1.63,B,D,C,B+,1931490000.0
국보,운수창고업,2020,90823631000.0,194.62,33.94,23.39,-0.19942718009345267,2.455,C,B,C,C,0.0
국제약품,의약품,2020,145625552000.0,106.56,48.41,17.34,0.04031099869580682,17.095,C,D,B,C,0.0
그린케미칼,화학,2020,176839793000.0,56.17,64.03,4.54,0.1362479393394335,3.96,B,B,B,B,3265528000.0
극동유화,화학,2020,292655448000.0,69.41,59.03,-21.71,0.039460949989876495,5.82,B,B,C,B,4713719000.0
금강공업,철강금속,2020,779160209000.0,120.56,45.34,-8.69,0.05549670346275589,0.305,C,C,B,B,996621000.0
금양,화학,2020,219851714000.0,175.52,36.29,2.0,-0.004197009790949987,3.73,D,D,C,C,0.0
금호에이치티,운수장비,2020,344298589000.0,54.3,64.81,-12.53,0.08143375429145462,0.38,D,D,C,C,0.0
금호전기,전기전자,2020,67783031000.0,1498.44,6.26,-28.29,-0.009870324711574247,26.035,B,B,B,B,0.0
금호타이어,화학,2020,3846201934000.0,229.41,30.36,-8.38,0.1312752774228142,0.83,B,B,C,B+,0.0
까뮤이앤씨,건설업,2020,166218114000.0,100.83,49.79,-42.94,-0.13616438610267795,2.73,C,D,C,B,664684000.0
깨끗한나라,종이목재,2020,563050290000.0,159.7,38.51,-0.44,0.10530767210648305,1.71,B+,B,B+,B+,3763745000.0
남광토건,건설업,2020,204018820000.0,207.71,32.5,0.75,0.16033665879426126,3.45,B,B,B,B,0.0
남선알미늄,철강금속,2020,295152804000.0,55.72,64.22,-17.34,-0.033648146009870566,2.535,B,C,B+,B,0.0
남성,유통업,2020,193273608000.0,156.07,39.05,26.84,0.025973337515683814,1.25,C,D,B,B,630084000.0
남양유업,음식료품,2020,998290784000.0,15.99,86.22,-7.95,-0.052796277797661335,0.24,B,C,B,B+,854707000.0
남해화학,화학,2020,589444547000.0,30.14,76.84,-14.94,0.051985644331555836,5.015,B,B,B,B+,3835896000.0
넥센,화학,2020,4239211984000.0,107.67,48.15,-14.09,0.6384964469763217,4.595,B+,B,B+,B+,4777085000.0
넥센타이어,화학,2020,3541080327000.0,128.91,43.69,-16.03,0.1481809065183935,7.245,B+,B+,B+,B,10812160000.0
넷마블,서비스업,2020,8223428816000.0,45.53,68.71,14.05,0.2700624515299664,34.935,B,D,B+,B+,62760827000.0
노루페인트,화학,2020,666659131000.0,99.68,50.08,-0.7,0.07191405802376157,4.425,B,B,B,B,5629675000.0
노루홀딩스,기타금융,2020,1051083865000.0,81.86,54.99,-4.1,2.6489723635219464,13.785,C,C,B,C,4688975000.0
녹십자,의약품,2020,2151399594000.0,69.49,59.0,9.81,0.02930008446269266,13.36,B+,B,A,B,17120000000.0
녹십자홀딩스,서비스업,2020,3241202077000.0,93.68,51.63,12.76,0.48408033255061245,9.209999999999999,B,C,B+,B,22702000000.0
농심,음식료품,2020,2725528185000.0,33.02,75.18,12.62,0.1099357334853018,7.925,B+,B+,A,B,23130496000.0
농심홀딩스,기타금융,2020,1248142700000.0,28.21,78.0,8.74,1.731939349955938,9.7,B+,B,B+,B+,9275528000.0
다스코,기계,2020,249543946000.0,108.88,47.87,3.82,-0.06372698822736601,0.49,B,C,B,B+,0.0
다우기술,서비스업,2020,38622232830000.0,1090.14,8.4,63.1,-5.423257354912619,7.78,B,C,B+,B,0.0
대교,서비스업,2020,845161976000.0,51.22,66.13,-17.71,0.052256841434186886,0.675,B+,D,B+,A,4293192000.0
대구백화점,유통업,2020,508655893000.0,93.89,51.58,-10.22,-0.2031285935738444,0.23,B,D,B,B+,832803000.0
대덕,전기전자,2020,1638748950000.0,21.73,82.15,-99.69,6.9784053167616085,3.66,A,B+,A,A,10536814000.0
대덕전자,전기전자,2020,809177121000.0,,,,0.13486169050901473,,-,-,-,-,15464211000.0
대림통상,기계,2020,159653334000.0,108.89,47.87,-14.71,0.07433723379358764,0.445,B,B,B,B,0.0
대상,음식료품,2020,2528335047000.0,129.53,43.57,5.03,0.04647644919886277,2.585,B,B,B+,B,25226000000.0
대상홀딩스,기타금융,2020,3060158355000.0,130.78,43.33,5.68,5.549844490612496,25.65,B,C,B,B,8176859000.0
대성산업,유통업,2020,1101676164000.0,126.68,44.12,-2.86,0.036631666892534755,1.88,C,C,B,C,0.0
대성에너지,전기가스업,2020,702116962000.0,123.31,44.78,-4.09,0.047980650675467085,3.815,B,B,B+,B,6875000000.0
대성홀딩스,서비스업,2020,1181125455000.0,103.06,49.25,-3.16,2.008335464408281,4.315,B,C,B+,B,4022365000.0
대신증권,증권,2020,21503846682000.0,935.15,9.66,6.35,-0.20937755516518763,2.045,B,D,B+,B+,80439739000.0
대양금속,철강금속,2020,116257053000.0,53.44,65.17,-7.32,0.06552502936047547,3.985,B,B,C,B,0.0
대영포장,종이목재,2020,207957144000.0,35.13,74.0,-3.47,0.0652765835845742,11.425,C,B,C,D,0.0
대우건설,건설업,2020,9305916434000.0,247.63,28.77,-5.95,0.05347252128251299,3.135,B+,A,B,B+,0.0
대우조선해양,운수장비,2020,10320774854000.0,166.76,37.49,-15.89,-0.06510887942159334,5.515,B+,B+,B,A,0.0
대웅,기타금융,2020,1837532868000.0,64.52,60.78,-0.76,1.6592755570267554,11.559999999999999,C,C,B+,C,4154857000.0
대웅제약,의약품,2020,1366907921000.0,96.61,50.86,-5.21,0.106886523659119,120.20500000000001,B+,B,B+,B+,6457617000.0
대원강업,운수장비,2020,1017866947000.0,77.92,56.21,-10.31,0.06569633471358986,9.19,B,B,B+,B,6200000000.0
대원전선,전기전자,2020,192012755000.0,124.89,44.47,-8.47,0.022716089022673747,8.85,C,C,C,C,0.0
대원제약,의약품,2020,335214010000.0,57.55,63.47,-2.93,0.08144498447899359,7.23,B,D,B+,B+,3139905000.0
대원화성,화학,2020,129796349000.0,70.73,58.57,-18.24,-0.03688876494647645,0.61,B+,B+,B,B+,409226000.0
대유에이텍,운수장비,2020,1166526680000.0,387.5,20.51,14.16,0.24940431922196796,0.49,C,C,C,C,0.0
대유플러스,전기전자,2020,473214227000.0,291.11,25.57,-14.55,0.1927087402883018,14.46,C,C,C,C,0.0
대창,철강금속,2020,620282790000.0,180.23,35.69,3.85,-0.03057978970853508,31.785,C,B+,B,C,0.0
대창단조,운수장비,2020,247240846000.0,25.37,79.76,-4.61,0.0680325135990403,1.46,B,B,B,B,2331064000.0
대한방직,섬유의복,2020,213793933000.0,56.85,63.76,12.12,0.02537403640066786,16.525000000000002,C,C,C,B+,0.0
대한유화,화학,2020,2127550340000.0,12.32,89.03,-9.24,0.16244666168760266,2.135,B,B+,B+,C,18528300000.0
대한전선,전기전자,2020,1199462928000.0,233.52,29.98,2.71,0.011504235263575077,8.95,B+,B,B+,B+,0.0
대한제강,철강금속,2020,944860968000.0,72.3,58.04,7.28,0.25708630063398724,4.29,B,B+,B,B,6472053000.0
대한제당,음식료품,2020,1146241857000.0,139.51,41.75,0.84,0.05808885019765718,3.92,C,C,C,B,8055538000.0
대한제분,음식료품,2020,1084880808000.0,38.94,71.97,3.9,0.15257230247476444,13.355,C,C,B,C,3290448000.0
대한항공,운수창고업,2020,25190061074000.0,660.63,13.15,-40.03,0.18591527123678225,0.465,A,A,A+,B+,0.0
대한해운,운수창고업,2020,3345588771000.0,292.07,25.51,-12.09,0.518150044195934,4.885,B,C,B,B,0.0
대한화섬,화학,2020,722306185000.0,18.96,84.07,-23.94,0.15236632409975487,1.92,C,B,B+,C,460555000.0
대현,섬유의복,2020,252923294000.0,24.26,80.48,-15.48,0.05089832898234195,3.395,C,D,C,B,1771292000.0
대호에이엘,철강금속,2020,101175472000.0,269.02,27.1,3.31,-0.03826949747171116,30.93,B,B,C,B,0.0
더블유게임즈,서비스업,2020,1023166746000.0,10.27,90.69,28.09,0.8448737153215307,3.575,B,D,B+,B+,5941434000.0
더존비즈온,서비스업,2020,798975004000.0,100.76,49.81,16.67,0.34755276151524644,21.845,B,C,B+,B,16777045000.0
덕성,화학,2020,105039887000.0,58.58,63.06,35.69,0.051262872325548874,6.04,B,B,C,B+,703624000.0
덕양산업,운수장비,2020,513044314000.0,819.81,10.87,-4.96,0.02080061787580318,1.09,B,B,B,B,0.0
덴티움,의료정밀,2020,510235859000.0,123.2,44.8,-9.04,0.4235833552333611,11.58,C,D,C,B+,1724778000.0
도화엔지니어링,서비스업,2020,451680724000.0,75.86,56.86,11.39,0.03725455001944558,4.51,B+,B,B,B+,9323167000.0
동국제강,철강금속,2020,5418538742000.0,153.65,39.42,-7.99,0.1368913599106652,7.125,B+,B+,B+,B,18700000000.0
동남합성,화학,2020,81304054000.0,65.86,60.29,-0.9,-0.12426695376536885,6.32,C,D,C,B,0.0
동방,운수창고업,2020,526822001000.0,351.16,22.16,-6.48,0.03953269031216672,93.61,C,B,C,C,0.0
동방아그로,화학,2020,196027049000.0,38.25,72.33,3.91,0.051404711501926936,4.945,C,D,C,B,3002985000.0
동부건설,건설업,2020,954233550000.0,107.51,48.19,5.13,-0.03764580229972776,1.6749999999999998,C,C,B,B,20642000000.0
동서,유통업,2020,1525770284000.0,9.2,91.58,-1.83,0.19044703724611364,7.43,C,D,B,C,69070766000.0
동성제약,의약품,2020,125718175000.0,128.79,43.71,1.46,0.05705829157175399,4.155,C,D,B,B,0.0
동아쏘시오홀딩스,기타금융,2020,1511106333000.0,70.03,58.81,1.77,1.5519238645747315,3.6100000000000003,B+,C,A,A,6057156000.0
동아에스티,의약품,2020,980667424000.0,52.73,65.48,-4.18,0.04608268138709837,10.584999999999999,B+,D,B+,A,8438390000.0
동아지질,건설업,2020,334840487000.0,74.82,57.2,-17.39,0.07617028552541252,24.775000000000002,C,C,C,C,0.0
동양,비금속광물,2020,996760196000.0,27.86,78.21,11.88,0.06732175640976594,0.29,C,C,C,B,8024000000.0
동양고속,운수창고업,2020,167885900000.0,56.83,63.76,-40.53,-0.2911588148538951,0.47,B,C,B,B+,0.0
동양철관,철강금속,2020,153374077000.0,75.28,57.05,6.36,0.13715591710770314,7.6049999999999995,C,C,C,C,0.0
동양피스톤,운수장비,2020,346056812000.0,262.07,27.62,-11.84,0.08002089997707017,13.27,B,B,B,B+,751280000.0
동원산업,"농업, 임업 및 어업",2020,3106026197000.0,139.82,41.7,6.51,0.572904236181241,3.3949999999999996,B,C,B,B+,17055300000.0
동원수산,"농업, 임업 및 어업",2020,98150228000.0,103.81,49.07,-11.35,0.06662505694299627,0.585,C,D,B,B,0.0
동원시스템즈,화학,2020,1255817451000.0,103.71,49.09,3.47,0.22955590769331247,5.49,C,B,B,C,15425326000.0
동일고무벨트,화학,2020,275779246000.0,37.96,72.48,-7.15,0.09639262348330853,3.275,B+,B,B+,B+,1490000000.0
동일산업,철강금속,2020,417500512000.0,15.82,86.34,-6.04,0.07128860200260963,7.194999999999999,B,B+,C,B+,3898928000.0
동일제강,철강금속,2020,148570302000.0,14.46,87.36,-3.5,0.11342304719598414,24.48,C,C,C,B,0.0
동화약품,의약품,2020,433807800000.0,26.59,78.99,-11.42,0.1952902344085941,3.85,B,D,B+,B,4969391000.0
두산,서비스업,2020,30117622956000.0,290.65,25.6,-8.45,0.08167135340558794,1.8199999999999998,A+,A+,A+,A,19894955000.0
두산밥캣,기계,2020,6960607794000.0,70.86,58.53,-5.04,2.7725332944268986,5.18,B+,D,A,A,0.0
두산퓨얼셀,전기전자,2020,790187906000.0,54.17,64.86,0.0,-0.16462868878548584,14.565000000000001,-,-,-,-,0.0
두올,운수장비,2020,405736363000.0,121.21,45.21,-0.02,0.11477088783863618,5.4,B,C,B,B+,2597581000.0
드림텍,전기전자,2020,604275055000.0,99.92,50.02,86.87,0.059670001694087635,20.59,-,-,-,-,6542803000.0
디씨엠,철강금속,2020,227933255000.0,20.6,82.92,13.8,0.0419902101876935,3.14,C,C,C,B,4594000000.0
디아이,의료정밀,2020,228890878000.0,67.7,59.63,48.13,0.10646140933008717,6.3149999999999995,B,B,B,B,2589679000.0
디아이씨,운수장비,2020,604617280000.0,755.88,11.68,-8.25,0.3502944246508293,11.995,C,C,B,C,0.0
디와이,기타금융,2020,795605265000.0,70.3,58.72,-7.59,1.4150153892437285,8.195,C,C,C,B+,2466919000.0
디와이파워,기계,2020,287809531000.0,52.23,65.69,-11.27,0.13705235188092332,3.46,C,D,B,B,2427887000.0
락앤락,화학,2020,783185018000.0,17.71,84.95,3.29,0.3696825722151611,0.79,C,C,B+,C,0.0
롯데관광개발,서비스업,2020,1198450486000.0,430.05,18.87,-81.04,-8.139464879852126,2.79,C,D,B,C,0.0
롯데손해보험,보험,2020,16348179110000.0,1627.15,5.79,12.1,0.015737390911607443,0.365,B+,C,A,A,0.0
롯데쇼핑,유통업,2020,32829404196000.0,196.06,33.78,-8.16,0.17109842371754796,0.215,A,A,A+,A,79157792000.0
롯데정밀화학,화학,2020,1874589382000.0,13.63,88.0,-3.63,0.200818379013095,2.4699999999999998,A,A,A+,A,38205000000.0
롯데정보통신,서비스업,2020,649501374000.0,57.13,63.64,0.46,-0.017021701757555237,5.28,A,B+,A,A,10590557000.0
롯데지주,기타금융,2020,16680023234000.0,113.0,46.95,2.6,1.3169326604658207,0.5,B+,B,A,B,71548000000.0
롯데케미칼,화학,2020,19386545995000.0,41.38,70.73,-19.18,0.14292533080893824,17.455000000000002,B+,B,A,A,123391508000.0
롯데하이마트,유통업,2020,3349190376000.0,73.9,57.51,0.63,0.09132300309324735,4.79,A,B+,A+,A,28329254000.0
마니커,음식료품,2020,192098720000.0,167.23,37.42,-11.12,-0.119041758353992,1.25,C,D,B+,C,0.0
메리츠금융지주,기타금융,2020,69564425579000.0,911.51,9.89,27.58,-26.671242805633874,3.55,B+,D,B+,A,118463000000.0
메타랩스,섬유의복,2020,77019665000.0,44.06,69.42,-4.08,0.057304210791729704,0.77,C,D,B,B,0.0
명문제약,의약품,2020,243025043000.0,167.72,37.35,-14.39,-0.13842158791833753,1.995,C,D,B,B,0.0
모나리자,종이목재,2020,91311099000.0,28.23,77.99,-0.7,0.05687390187055519,10.67,B,B,B,B,2742058000.0
모나미,유통업,2020,195681831000.0,117.93,45.89,-3.24,0.0894871042935559,12.455,C,D,C,B,1322811000.0
모토닉,운수장비,2020,442437586000.0,6.71,93.72,-14.01,0.14191210699044568,5.78,B,B,B,B,8739432000.0
무림페이퍼,종이목재,2020,2194982288000.0,240.39,29.38,-15.49,0.23568060991419224,10.325,B+,B+,B+,B+,2080466000.0
무학,음식료품,2020,598757759000.0,14.1,87.64,-16.24,0.05897965515973677,6.5600000000000005,C,B,C,C,0.0
문배철강,철강금속,2020,187690632000.0,57.61,63.45,-6.07,0.018254948322613606,1.7650000000000001,C,D,C,B,979719000.0
미래산업,의료정밀,2020,95757333000.0,49.44,66.91,50.08,-0.017334077362079897,12.59,B,B,C,B,0.0
미래아이앤지,서비스업,2020,92320794000.0,3.19,96.91,-22.82,0.5167169582539407,1.245,C,D,C,C,0.0
미원상사,화학,2020,328954823000.0,22.94,81.34,18.0,0.19519281691637447,3.49,C,D,B,B,1242500000.0
미원홀딩스,기타금융,2020,331257263000.0,67.08,59.85,53.4,1.056034370782726,2.465,C,C,C,C,1160000000.0
미원화학,화학,2020,125335557000.0,11.01,90.08,3.56,0.1292058239824257,3.595,C,C,C,C,3055965000.0
백광산업,화학,2020,322745475000.0,82.1,54.91,1.74,0.12814689011162503,4.300000000000001,C,B,C,D,2207455000.0
백산,화학,2020,291097333000.0,137.76,42.06,-18.29,0.15964010707202939,0.905,C,C,B,B,2365556000.0
범양건영,건설업,2020,158124590000.0,93.67,51.63,-47.72,0.07313778582444846,2.76,C,D,C,B,0.0
벽산,비금속광물,2020,464447680000.0,59.19,62.82,2.45,0.08694172606972027,0.42,C,B,B,C,396686000.0
보락,화학,2020,54109129000.0,22.97,81.32,6.0,0.05300950565377484,77.865,C,D,C,B,239600000.0
보해양조,음식료품,2020,149117626000.0,89.6,52.74,3.36,0.10478383951528729,20.64,B,B,B,B,0.0
부광약품,의약품,2020,400968742000.0,47.85,67.63,0.87,0.004352663954160246,5.33,C,D,C,B,9337607000.0
부국증권,증권,2020,1608864797000.0,186.83,34.86,41.95,0.09807092713053864,2.06,B,D,B,B,10831521000.0
부국철강,철강금속,2020,132192727000.0,16.71,85.68,5.04,0.04801651191247391,22.9,D,D,C,C,1500000000.0
부산산업,비금속광물,2020,129019981000.0,58.41,63.13,-17.97,0.5935855328739219,134.15,D,D,C,C,0.0
부산주공,운수장비,2020,249781607000.0,837.65,10.67,-25.35,-0.04422429202815518,0.865,C,B,C,C,0.0
비비안,섬유의복,2020,189039184000.0,109.45,47.74,-8.39,0.019761700689305505,0.89,C,D,B,B,0.0
비상교육,서비스업,2020,263230581000.0,34.34,74.44,-13.58,0.13264202925954718,0.38,B,D,B+,B,1837727000.0
비케이탑스,서비스업,2020,69231085000.0,200.37,33.29,0.0,-2.1457600617204577,12.855,C,D,B,D,0.0
빙그레,음식료품,2020,764138445000.0,29.62,77.15,9.2,0.07887059256508608,4.9350000000000005,A,B+,A+,A,14147000000.0
사조대림,음식료품,2020,1124142190000.0,148.91,40.18,29.21,0.0756319485682352,1.97,C,D,B,B,1470753000.0
사조동아원,음식료품,2020,446436771000.0,114.92,46.53,-3.88,0.07462863186472508,4.0,C,D,C,B,0.0
사조산업,"농업, 임업 및 어업",2020,1087398591000.0,116.1,46.27,-15.43,0.14472340843234413,0.355,D,D,C,D,989000000.0
사조씨푸드,음식료품,2020,311639371000.0,47.82,67.65,-38.53,0.14810978890873228,2.875,C,D,B,B,0.0
사조오양,음식료품,2020,318741896000.0,72.49,57.98,4.47,0.09698161900488675,1.44,C,D,B,C,1413410000.0
삼부토건,건설업,2020,459413598000.0,188.43,34.67,67.65,-0.07228346513185166,5.984999999999999,C,C,B,B,0.0
삼성SDI,전기전자,2020,21534232267000.0,61.2,62.04,11.86,0.21412317547260323,31.165,A,A,A,B+,66944610000.0
삼성공조,운수장비,2020,258204690000.0,16.0,86.21,-15.23,0.17623463105394888,3.745,C,C,C,B,641520000.0
삼성물산,유통업,2020,54331740266000.0,64.91,60.64,-1.77,0.0664208880767557,22.224999999999998,A,A+,A,B+,379416940000.0
삼성바이오로직스,의약품,2020,6424201165000.0,39.69,71.59,0.0,0.17350104526445834,56.195,B+,B,A,B+,0.0
삼성에스디에스,서비스업,2020,9154919056000.0,33.47,74.92,2.78,0.21528048521275317,20.77,A,B+,A+,A,185640446000.0
삼성엔지니어링,서비스업,2020,4755575903000.0,200.66,33.26,5.59,0.008837006596178367,4.55,A,A,A+,A,0.0
삼성전기,전기전자,2020,9225498476000.0,56.09,64.07,2.09,0.2836966118290421,10.459999999999999,A,A,A+,B+,105908828000.0
삼성전자,전기전자,2020,378235718000000.0,37.07,72.96,2.78,0.3925593257281165,10.889999999999999,B,A,A+,C,13124260000000.0
삼성제약,의약품,2020,178725958000.0,46.6,68.21,8.31,-0.05289595806832543,1.7,C,B,C,D,0.0
삼성중공업,운수장비,2020,12922170786000.0,247.54,28.77,-6.66,-0.03573397560805517,0.68,B+,B+,B,A,0.0
삼성증권,증권,2020,63869722094000.0,1101.22,8.32,65.3,-0.37193786271120144,2.325,B+,B,A+,B,196460000000.0
삼성출판사,서비스업,2020,292398203000.0,68.37,59.39,-17.29,0.4782836304700162,2.05,C,D,C,B,2000000000.0
삼성카드,기타금융,2020,23398860283000.0,228.66,30.43,2.24,-0.2379776702122066,3.555,B,D,B+,B+,192079251000.0
삼아알미늄,철강금속,2020,207542630000.0,88.0,53.19,3.08,0.073105220202176,4.575,B,B,C,B,1100000000.0
삼양사,음식료품,2020,2576477891000.0,90.43,52.51,-2.13,0.13086583091220316,3.4299999999999997,B+,B+,B+,B,12564000000.0
삼양식품,음식료품,2020,556224426000.0,60.17,62.43,19.3,0.12701938669267263,6.1499999999999995,B,B,B,B,6026085000.0
삼양통상,기타제조업,2020,422110653000.0,12.39,88.98,3.28,0.20508471763311223,1.3499999999999999,C,B,C,D,3561781000.0
삼양패키징,화학,2020,564504328000.0,83.43,54.52,-2.1,0.19910462525403394,3.085,C,C,B+,C,14209804000.0
삼양홀딩스,기타금융,2020,3893564668000.0,80.61,55.37,-0.7,2.150763273173296,2.19,B+,B,B+,B+,17429000000.0
삼영무역,유통업,2020,533231525000.0,26.57,79.01,43.1,0.084614133482894,6.795,C,D,C,C,8814052000.0
삼원강재,운수장비,2020,257974236000.0,21.25,82.47,-8.67,0.04782245547565135,3.7,B,B+,C,B,4172695000.0
삼익악기,기타제조업,2020,622371934000.0,179.22,35.81,-6.61,0.3527554245567203,10.754999999999999,C,D,C,B,4176546000.0
삼일씨엔에스,비금속광물,2020,326398476000.0,17.68,84.98,-4.83,0.05991947697384332,0.325,B,C,B,B+,0.0
삼일제약,의약품,2020,191660927000.0,201.59,33.16,1.56,0.0633740789044669,22.655,B,D,B+,B,938644000.0
삼정펄프,종이목재,2020,232780513000.0,10.34,90.63,-0.5,0.09427077652718836,1.04,C,C,B,C,2499971000.0
삼진제약,의약품,2020,269033498000.0,26.04,79.34,-2.79,0.10146280271298876,5.115,B,D,B+,B,9842258000.0
삼천리,전기가스업,2020,3859947628000.0,177.53,36.03,-7.16,0.04186676281173382,3.43,B+,B+,A,B+,10272075000.0
삼호개발,건설업,2020,312804376000.0,47.98,67.58,-0.33,-0.015745699724231375,2.9299999999999997,D,D,C,C,4370000000.0
삼화왕관,기계,2020,246083352000.0,70.7,58.58,20.94,0.13536917041305715,0.4,B,B,C,B,1367488000.0
삼화전기,전기전자,2020,137039897000.0,102.43,49.4,2.16,0.08421835014946451,12.43,C,C,B,B,661382000.0
상상인증권,증권,2020,513283837000.0,196.14,33.77,6.7,0.7922379156113596,10.540000000000001,C,D,B,C,0.0
상신브레이크,운수장비,2020,440014845000.0,158.57,38.67,-10.94,0.06858249416532484,8.06,B,B,B,B,968016000.0
새론오토모티브,운수장비,2020,248085258000.0,13.85,87.84,-11.17,0.14136452274579223,2.27,B,B,B,B,2880000000.0
샘표,기타금융,2020,381155550000.0,30.98,76.35,13.54,2.6350592483177415,2.325,C,B,B+,C,443523000.0
샘표식품,음식료품,2020,268629470000.0,39.78,71.54,13.58,0.14878809363552817,2.04,C,B,B+,C,913319000.0
서연,기타금융,2020,2151012180000.0,160.23,38.43,1.57,11.740889775867362,4.265,B+,C,B+,B+,1085364000.0
서연이화,운수장비,2020,1803837513000.0,185.39,35.04,-0.73,0.11258276853011855,0.21,B+,B,B+,B+,2702275000.0
서원,철강금속,2020,225954131000.0,114.03,46.72,-7.6,-0.03685895091532946,1.44,B,B,C,B,0.0
서흥,화학,2020,765989776000.0,103.19,49.22,20.03,0.11934421564743684,6.385,C,C,C,B,5003601000.0
선도전기,전기전자,2020,175592014000.0,88.26,53.12,-3.55,-0.05429083560319831,0.435,B,B,C,B,89345000.0
선진,음식료품,2020,1119723429000.0,191.56,34.3,32.94,0.12193951402536689,2.965,B,D,B,B+,2377921000.0
성문전자,전기전자,2020,40358770000.0,52.11,65.74,5.44,0.026518428684418664,0.9,C,C,B,C,3000000.0
성보화학,화학,2020,159209820000.0,16.49,85.85,23.58,-0.0077774364324909185,0.435,C,D,B,B,2626725000.0
성신양회,비금속광물,2020,1090267313000.0,167.6,37.37,2.1,0.07704505690581558,5.154999999999999,C,B+,B,C,3764394000.0
성안,섬유의복,2020,312761127000.0,373.0,21.14,-40.96,-0.5533224259615709,0.305,C,C,C,B,0.0
성창기업지주,서비스업,2020,707392787000.0,32.73,75.34,13.16,2.451768933539413,33.7,C,D,C,C,0.0
세기상사,서비스업,2020,40517199000.0,96.24,50.96,-56.59,-0.522455684870188,0.875,C,D,C,C,0.0
세방,운수창고업,2020,1164648378000.0,36.47,73.28,16.45,0.06974738853414914,7.694999999999999,B+,B,B+,B+,4298331000.0
세방전지,전기전자,2020,1514339389000.0,33.28,75.03,9.99,0.17195375556166295,3.0599999999999996,B,B+,B,B,6701015000.0
세아제강,철강금속,2020,1052052852000.0,76.74,56.58,-6.25,0.06098914352966537,1.435,B,B,B+,B,7000000000.0
세아제강지주,기타금융,2020,2315558157000.0,74.01,57.47,-12.77,20.208633984962407,2.86,B,C,B,B,6060692000.0
세아특수강,철강금속,2020,552376575000.0,75.47,56.99,-8.7,0.11667032363769704,0.19,B,B,C,B,4639484000.0
세아홀딩스,철강금속,2020,5084932952000.0,86.46,53.63,-13.66,6.383845209120157,3.285,B,C,B,B+,8953335000.0
세우글로벌,유통업,2020,47098886000.0,9.57,91.26,8.44,0.08597774296954684,6.24,C,B,C,C,0.0
세종공업,운수장비,2020,1158750683000.0,198.55,33.5,-3.19,0.10378157551593192,0.4,C,B,B+,C,1346036000.0
세진중공업,운수장비,2020,448124447000.0,178.05,35.96,-3.48,0.05879104438525081,1.695,B,D,B+,B+,8328116000.0
세하,종이목재,2020,189544428000.0,115.95,46.31,6.68,0.16216505643293214,1.745,B,B+,B,B,0.0
셀트리온,의약품,2020,5020121254000.0,46.46,68.28,63.86,0.20756857047663405,29.845,B+,B,B,B+,2675697000.0
송원산업,화학,2020,891142000000.0,92.26,52.01,-0.81,0.12356017048357576,5.625,B,B+,B+,C,2880000000.0
수산중공업,기계,2020,236404221000.0,128.09,43.84,-12.66,0.36306635206125903,27.785,B,B,B,B,514451000.0
시디즈,기타제조업,2020,95773293000.0,96.31,50.94,17.94,0.09092720119565695,3.045,C,D,C,B,503687000.0
신대양제지,종이목재,2020,809132235000.0,34.97,74.09,-5.81,0.51931084755446,3.75,C,C,C,C,2392676000.0
신도리코,전기전자,2020,916234313000.0,7.98,92.61,-21.36,-0.022556987925247688,0.22,B,B,B+,B,0.0
신라교역,"농업, 임업 및 어업",2020,629072905000.0,21.44,82.34,0.72,0.021470366654678302,8.99,C,D,C,B,8000000000.0
신성이엔지,전기전자,2020,423441771000.0,121.16,45.22,6.93,0.06537539920431631,2.565,C,C,C,B,0.0
신세계,유통업,2020,12769110974000.0,152.49,39.61,-25.41,0.37839025771988255,5.035,A,B+,A,A,14755000000.0
신세계건설,건설업,2020,765614224000.0,278.28,26.44,-5.85,0.037891999632090105,2.6950000000000003,B,C,B,B+,3200000000.0
신세계인터내셔날,유통업,2020,1147454446000.0,78.95,55.88,-6.98,0.08632304499572396,9.57,A,B,A,A,7854000000.0
신세계푸드,서비스업,2020,887204824000.0,213.19,31.93,-6.05,0.05345608148885155,0.56,B+,B,B+,B+,2904218000.0
신송홀딩스,유통업,2020,167829010000.0,85.31,53.96,-21.72,9.34461800486618,0.27,B,D,B,B+,1119739000.0
신영와코루,섬유의복,2020,373426209000.0,17.74,84.93,1.01,0.04745890002251745,9.48,C,D,B,C,1350000000.0
신원,섬유의복,2020,405804841000.0,118.62,45.74,2.88,0.0030501739979543288,0.475,D,D,C,C,0.0
신일전자,유통업,2020,110598654000.0,46.94,68.05,18.2,0.06915103629046288,6.0200000000000005,C,D,C,B,0.0
신풍제약,의약품,2020,492915057000.0,29.68,77.11,4.23,0.10709799975444009,130.04,B,D,B,B+,5156094000.0
신흥,유통업,2020,146176718000.0,59.06,62.87,-5.17,0.10964840413672458,5.525,B,D,B,B,955034000.0
쌍방울,섬유의복,2020,350525095000.0,62.74,61.45,0.72,0.11247170990934667,0.495,C,D,B,C,0.0
써니전자,전기전자,2020,65431757000.0,2.51,97.55,-35.89,0.22328850625274932,8.345,C,C,B,B,0.0
쎌마테라퓨틱스,서비스업,2020,33361261000.0,2023.08,4.71,25.29,-0.5989807852098047,86.215,C,D,C,C,0.0
씨아이테크,기타제조업,2020,75094283000.0,129.49,43.58,28.52,-0.006435833887444841,0.825,C,D,C,C,0.0
씨에스윈드,기계,2020,880657689000.0,98.56,50.36,21.23,0.03504646018668813,12.42,B,B,C,B,17285688000.0
아남전자,전기전자,2020,192770243000.0,225.66,30.71,8.83,-0.026634034307040838,7.67,C,C,C,C,0.0
아모레퍼시픽,화학,2020,5701918176000.0,27.72,78.3,-20.57,0.1837480038621774,48.74,A,A,A+,A,54853570000.0
아세아,서비스업,2020,2887531024000.0,89.02,52.91,-0.99,9.366232807353882,8.085,C,C,B,C,3699404000.0
아세아시멘트,비금속광물,2020,1901368870000.0,130.87,43.32,-5.89,0.22815152227943739,5.87,B+,B+,B+,B,4868103000.0
아세아제지,종이목재,2020,882326925000.0,39.28,71.8,4.87,0.24758080839939164,2.35,B,C,B,B,6269551000.0
아시아나항공,운수창고업,2020,13851459281000.0,1171.55,7.86,-44.08,-0.11390441993171668,0.935,C,B+,B+,D,0.0
아이마켓코리아,유통업,2020,1110821080000.0,166.42,37.53,-2.89,0.0024946231906216674,4.975,B,D,B,B+,18878604000.0
아이에스동서,비금속광물,2020,3621499080000.0,160.53,38.38,24.51,-0.12277167558727965,2.675,B,B,B,B+,30444665000.0
알루코,철강금속,2020,701423268000.0,167.82,37.34,9.0,0.39602010162105705,1.125,B,B,B,B,0.0
애경산업,화학,2020,434466866000.0,30.45,76.66,-16.14,0.03307071821500708,22.205,B,C,B+,B,5241985000.0
에넥스,기타제조업,2020,112937632000.0,149.55,40.07,-35.73,0.06906199545995027,1.06,B,B,B+,B,0.0
에스엘,운수장비,2020,2338956946000.0,64.12,60.93,10.73,0.09360332931852743,2.7750000000000004,C,B,B+,D,23027731000.0
에스원,서비스업,2020,1906689693000.0,37.75,72.6,3.34,0.158248974909962,11.975,B+,B,A,B+,84525598000.0
에쓰씨엔지니어링,건설업,2020,68596640000.0,248.66,28.68,23.38,0.2555148751207396,4.945,C,C,B,B,0.0
에어부산,운수창고업,2020,1034490515000.0,838.17,10.66,0.0,-0.611621773607557,1.51,C,C,B+,C,0.0
에이블씨엔씨,화학,2020,254779587000.0,62.48,61.54,-27.16,-0.036297404888774615,1.055,C,D,B,C,0.0
에이엔피,전기전자,2020,103907677000.0,155.39,39.16,-13.8,0.023570238066229685,2.25,C,B,C,C,0.0
엔씨소프트,서비스업,2020,4081208897000.0,29.78,77.05,42.03,0.31557092414437726,12.485,B+,D,B+,A,176193603000.0
엔케이,기계,2020,140196786000.0,56.68,63.82,-36.04,-0.08224018172640081,0.595,C,B,C,C,0.0
영보화학,화학,2020,174719741000.0,18.44,84.43,-18.16,0.10508932764264316,2.025,B,B,B,B,1462500000.0
영원무역,유통업,2020,3038285285000.0,52.37,65.63,3.27,0.30341879128730925,6.67,B,D,B,B+,21933031000.0
영원무역홀딩스,기타금융,2020,3732514860000.0,42.62,70.12,4.13,18.433170242614292,12.435,B,D,B,B,13925878000.0
영진약품,의약품,2020,188100730000.0,64.38,60.84,-5.47,0.06954485186890783,10.37,B,D,B+,B+,0.0
영풍,철강금속,2020,5000855951000.0,34.72,74.23,3.22,0.20513693214526055,7.925,C,D,B,D,17201340000.0
영풍제지,종이목재,2020,202117558000.0,59.71,62.61,-1.52,0.11659331669298559,3.135,B,B,C,B,702893000.0
영화금속,운수장비,2020,197590025000.0,168.15,37.29,-22.88,0.03883508734768504,0.955,B,B,C,B,753650000.0
영흥,철강금속,2020,337720311000.0,130.4,43.4,3.66,-0.0438368903911154,0.47,B,C,B,B+,1218510000.0
예스코홀딩스,기타금융,2020,1564088965000.0,200.03,33.33,1.28,-1.7620609309042434,0.295,B,D,B+,B+,8531578000.0
오뚜기,음식료품,2020,2339299659000.0,62.23,61.64,10.01,0.03989475766447612,6.165,B+,B+,A,B,27205232000.0
오리온,음식료품,2020,2665406434000.0,40.47,71.19,10.21,0.5993010310404135,27.11,B+,B,B+,A,29646592000.0
오리온홀딩스,기타금융,2020,4497550946000.0,28.7,77.7,8.41,16.133244011976046,24.465,B+,C,B+,A,25114476000.0
용평리조트,서비스업,2020,911905132000.0,141.39,41.43,-1.56,0.4004750650801016,0.425,B,C,B,B,0.0
우리금융지주,기타금융,2020,399081017000000.0,1393.24,6.7,0.0,5.206101547115113,4.04,B+,B+,B+,B+,260016000000.0
우신시스템,기계,2020,324516702000.0,223.77,30.89,-8.72,0.11548231579318739,106.82000000000001,B+,B,B,B+,0.0
우진,의료정밀,2020,240174509000.0,44.39,69.26,0.97,-0.14826474820143884,1.255,B+,B,B,B+,1969628000.0
우진아이엔에스,건설업,2020,121032450000.0,19.32,83.81,30.87,0.10819615327100142,10.165000000000001,C,C,C,B+,0.0
우진플라임,기계,2020,267621933000.0,340.34,22.71,12.76,0.14488328980155513,1.795,B,B,B,B,1000000000.0
웅진,기타금융,2020,1095983600000.0,453.16,18.08,6.54,0.44277587563705406,1.175,B,D,B,B+,0.0
웅진씽크빅,서비스업,2020,666079005000.0,77.75,56.26,-0.94,0.0788839131012154,16.47,B,D,B,B,7986823000.0
원림,섬유의복,2020,177323382000.0,32.93,75.23,-13.52,0.3270599989592548,1.0150000000000001,C,D,B,C,1469555000.0
웰바이오텍,유통업,2020,70920912000.0,263.87,27.48,-27.9,-0.3514330684408304,4.415,B,D,B,B,0.0
윌비스,유통업,2020,284787600000.0,187.29,34.81,-11.13,-0.035260057283434156,0.455,C,D,C,C,0.0
유니드,화학,2020,1120794923000.0,43.32,69.77,1.75,0.27875086107516556,3.23,B,B,B,B,12224580000.0
유니온,비금속광물,2020,354433760000.0,101.37,49.66,-10.94,0.16560788637598764,1.275,C,C,B,C,1951452000.0
유니온머티리얼,비금속광물,2020,184455805000.0,121.77,45.09,-14.3,0.06224448600128232,1.57,B,B,B,B,840000000.0
유니켐,기타제조업,2020,285803950000.0,175.91,36.24,16.05,0.16334806169237182,3.835,B,B,C,B,1695063000.0
유니퀘스트,유통업,2020,379977750000.0,60.54,62.29,20.15,0.022045252645774532,3.74,B,D,C,B+,3340139000.0
유성기업,운수장비,2020,411316942000.0,39.36,71.75,-6.95,0.09763024833695526,0.205,C,B,C,C,3077700000.0
유수홀딩스,서비스업,2020,498245353000.0,28.31,77.93,-8.55,1.8533191612019888,0.93,B,C,B,B+,12489112000.0
유안타증권,증권,2020,14948245614000.0,977.74,9.28,26.84,-0.2480969655673764,1.8599999999999999,B,D,B+,B,26327003000.0
유엔젤,서비스업,2020,48567847000.0,37.11,72.93,1.9,0.22652989659823167,9.27,C,B,C,C,0.0
유유제약,의약품,2020,154901007000.0,32.35,75.56,7.97,-0.03286268884593127,885.36,B,B,C,B,1851214000.0
유한양행,의약품,2020,2393522101000.0,29.62,77.15,9.42,0.018387330263064744,2.65,B+,B+,B+,B+,24940677000.0
유화증권,증권,2020,719642910000.0,52.59,65.54,0.32,-2.085760949257187,3.1750000000000003,C,D,C,B,6818469000.0
율촌화학,화학,2020,613344959000.0,76.43,56.68,2.77,0.11713727838186418,7.79,B,C,B+,B+,12400000000.0
이건산업,종이목재,2020,383232664000.0,122.16,45.01,-8.13,0.1035070479076423,4.07,B,C,B,B,2137905000.0
이구산업,철강금속,2020,271665261000.0,165.64,37.64,-3.5,-0.035726342295107814,7.02,B,B,C,B,1003224000.0
이노션,서비스업,2020,2043977185000.0,160.72,38.36,-4.18,0.3238763737025928,23.73,B+,D,A,A,36000000000.0
이마트,유통업,2020,22340423719000.0,112.84,46.98,15.58,0.09751345499388057,2.6799999999999997,A,A,A+,A,53928000000.0
이수페타시스,전기전자,2020,389384713000.0,498.05,16.72,-0.01,-0.06624114878516833,1.29,B,B+,B+,C,0.0
이수화학,화학,2020,969058838000.0,239.05,29.49,-13.38,0.0874149302519325,0.345,C,B,B,C,7068429000.0
이스타코,서비스업,2020,70696188000.0,44.78,69.07,-75.26,-0.3168560760353021,0.385,C,D,C,B,0.0
이아이디,유통업,2020,225852507000.0,53.42,65.18,17.16,-0.25450361566274327,1.07,D,D,C,C,0.0
이엔플러스,기계,2020,90581868000.0,63.14,61.3,-32.0,-0.3099687561873837,2.685,B,B,C,B,0.0
이연제약,의약품,2020,317609837000.0,38.04,72.44,-1.16,0.03537080302074842,24.419999999999998,C,D,B,B,3464053000.0
이월드,서비스업,2020,447853890000.0,23.5,80.97,-28.23,0.010158285418758175,1.375,C,D,C,B,0.0
이화산업,유통업,2020,283394473000.0,62.4,61.58,-17.14,-0.07033388406005316,0.47,C,C,C,C,0.0
인디에프,섬유의복,2020,138647755000.0,236.6,29.71,-24.57,-0.004252363426427076,1.94,C,D,B,B,0.0
인스코비,통신업,2020,76233776000.0,76.54,56.65,-23.19,-0.029407938602583693,16.26,C,B,C,C,0.0
인지컨트롤스,운수장비,2020,511309877000.0,173.3,36.59,-7.18,0.10202117794285165,0.755,C,C,B,C,1451963000.0
인천도시가스,전기가스업,2020,340211568000.0,77.5,56.34,-12.03,0.02026217786059789,4.09,B,C,B,B+,5152499000.0
인터지스,운수창고업,2020,385984504000.0,104.04,49.01,-4.15,0.05497906727726417,10.845,B+,B,B,B+,0.0
인팩,운수장비,2020,319762537000.0,179.45,35.78,6.48,0.10572938457385789,1.86,C,C,C,B,1500000000.0
일동제약,의약품,2020,605277114000.0,137.79,42.05,8.58,0.034522004977146484,1.58,A,B+,A+,B+,0.0
일동홀딩스,의약품,2020,799396993000.0,161.58,38.23,104.12,0.48705478075877556,2.4699999999999998,B+,B,A,B+,0.0
일성건설,건설업,2020,298510508000.0,230.57,30.25,-9.27,0.09016421441297068,4.985,B,B,B,B,810373000.0
일성신약,의약품,2020,371224516000.0,6.83,93.6,-16.13,0.038356173493263715,30.395,C,D,B,B,1150326000.0
일신방직,섬유의복,2020,964200063000.0,32.16,75.67,-6.31,0.19298884834291005,0.235,B,B,B,B,3396122000.0
일신석재,유통업,2020,94043686000.0,80.1,55.52,-11.88,0.18216638861461987,69.635,C,D,C,B,0.0
일양약품,의약품,2020,439116735000.0,79.29,55.78,5.78,0.2679778146575234,319.53000000000003,B,D,B,B+,2249158000.0
일정실업,섬유의복,2020,46768525000.0,83.25,54.57,-21.26,0.011331914893617021,0.58,C,C,C,C,0.0
일진전기,전기전자,2020,790379092000.0,155.88,39.08,5.93,0.08195235604772923,4.6899999999999995,C,C,B,C,2224336000.0
일진홀딩스,기타금융,2020,1158500912000.0,122.99,44.85,4.22,10.951400059136606,8.73,B,C,B,B,4599000000.0
잇츠한불,화학,2020,508119345000.0,8.5,92.16,-28.41,0.23765660744276496,1.06,B,C,B,B,1761660000.0
자이에스앤디,서비스업,2020,413286395000.0,154.26,39.33,28.16,0.03641525271467553,2.945,-,-,-,-,4017378000.0
자화전자,전기전자,2020,355988092000.0,30.66,76.53,-17.17,-0.09774121033761457,0.765,B,B,B+,B,0.0
전방,섬유의복,2020,373432831000.0,166.11,37.58,-23.52,-0.15035755192425168,1.295,C,C,B+,C,0.0
제이에스코퍼레이션,기타제조업,2020,504395888000.0,234.71,29.88,59.17,-0.03505319538489229,0.59,C,D,C,B+,3701298000.0
제이준코스메틱,화학,2020,87885496000.0,46.9,68.07,-42.0,-0.19305240711568755,1.295,C,D,C,B,0.0
제일기획,서비스업,2020,2242463952000.0,120.82,45.29,-19.69,0.25207173555503487,7.855,B+,D,A,B+,85074129000.0
제일약품,의약품,2020,409663297000.0,137.51,42.1,2.97,-0.0275143009859511,17.39,C,D,B,B,1022660000.0
제일파마홀딩스,서비스업,2020,887395067000.0,77.73,56.26,4.22,-1.3899044683224708,3.625,B,D,B,B,1074579000.0
제주은행,은행,2020,6531838000000.0,1182.16,7.8,-10.67,-0.3787963506574594,2.0149999999999997,B+,C,A,A,3213000000.0
제주항공,운수창고업,2020,1168566447000.0,438.98,18.55,-72.76,-0.7633837970649492,1.805,B,C,B+,B+,0.0
조광페인트,화학,2020,349970175000.0,72.89,57.84,-1.01,0.07290879019658733,13.325000000000001,C,C,B,B,2022600000.0
조광피혁,기타제조업,2020,343161525000.0,8.98,91.76,-10.09,0.21866891364215546,6.755,C,D,C,B,1065877000.0
조비,화학,2020,87855328000.0,71.58,58.28,3.89,0.1111642658339556,7.395,C,D,B,B,0.0
조선내화,비금속광물,2020,1246277916000.0,70.11,58.79,-6.86,0.21312365263694555,4.3149999999999995,C,B,B,C,13440000000.0
조선선재,기계,2020,125961386000.0,7.71,92.84,-7.07,0.15341930876892315,5.5,C,D,C,B+,1565901000.0
조일알미늄,철강금속,2020,274904170000.0,145.73,40.7,6.78,0.005362067567202242,0.28,B,B,C,B,0.0
조흥,음식료품,2020,248313869000.0,86.38,53.65,14.12,-0.024357635082927532,4.9399999999999995,B,B,C,B,3600000000.0
종근당,의약품,2020,946333120000.0,71.56,58.29,20.72,0.08021544599798239,6.75,B,C,B+,B+,10808292000.0
종근당바이오,의약품,2020,283462940000.0,67.98,59.53,-9.17,0.03880356180471207,8.895,C,B,C,C,1097192000.0
종근당홀딩스,의약품,2020,1258451806000.0,49.76,66.77,19.08,2.824719409193158,15.58,C,C,B+,C,6993246000.0
주연테크,전기전자,2020,57589967000.0,52.91,65.4,-11.14,0.06826900304814797,1.22,C,C,B,C,0.0
지누스,기타제조업,2020,896807386000.0,116.4,46.21,21.1,0.03425144203627795,5.6850000000000005,-,-,-,-,7091832000.0
지엠비코리아,운수장비,2020,488507776000.0,114.16,46.69,-6.65,0.03976161758869355,0.51,C,C,B,C,0.0
지투알,서비스업,2020,530366843000.0,264.94,27.4,-30.71,0.34571062282543963,13.275,B,D,B+,B+,4862293000.0
진도,유통업,2020,128453979000.0,32.31,75.58,-30.05,0.23174348289029226,0.35,B,D,B,B,0.0
진양산업,화학,2020,70722584000.0,62.84,61.41,4.0,0.17507909956784418,6.16,D,D,C,C,1950000000.0
진양홀딩스,화학,2020,548008472000.0,40.97,70.94,-6.1,1.0686171826625388,3.9699999999999998,C,D,C,C,6575435000.0
진양화학,화학,2020,38258642000.0,38.59,72.15,-2.79,0.013278483644428017,13.14,D,D,C,C,0.0
진에어,운수창고업,2020,556768750000.0,467.2,17.63,-70.14,-0.6322264901442034,2.71,B+,C,B+,A,0.0
진원생명과학,의약품,2020,136570536000.0,38.64,72.13,0.63,-0.4448988091910326,7.815,C,D,C,B,0.0
진흥기업,건설업,2020,282917478000.0,138.05,42.01,-30.97,0.10926063825557261,6.7,C,C,B,B,0.0
참엔지니어링,기계,2020,750575298000.0,764.54,11.57,49.91,0.07386144868469803,1.11,B,B,B,B,0.0
천일고속,운수창고업,2020,67019917000.0,76.65,56.61,-47.75,0.07784839051317437,1.79,B,C,B,B+,2854108000.0
카카오,서비스업,2020,11953970239000.0,60.94,62.14,35.4,0.545806658067272,3.83,B+,C,A+,A,12901810000.0
카프로,화학,2020,312112377000.0,152.15,39.66,-42.14,-0.16386512015012386,0.765,B+,B+,B,B+,0.0
컨버즈,종이목재,2020,31795142000.0,343.1,22.57,-55.29,-0.21762872081278592,12.53,D,C,C,D,0.0
케이비아이동국실업,운수장비,2020,566142150000.0,233.47,29.99,-13.77,0.07854830000976554,24.81,C,B,B,C,0.0
케이씨,의료정밀,2020,873398777000.0,32.54,75.45,12.59,0.2965076377032977,2.415,B+,B,B,B+,3731162000.0
케이씨씨글라스,비금속광물,2020,1717817070000.0,,,,0.15477136188593354,,-,-,-,-,33482583000.0
케이씨텍,의료정밀,2020,407295413000.0,17.1,85.39,20.57,0.22556146860688664,3.855,B,B,B,B,4588491000.0
코리아써키트,전기전자,2020,921746308000.0,62.75,61.44,66.01,0.03347461619213574,20.815,C,B+,B,C,0.0
코스맥스,화학,2020,1189042898000.0,337.31,22.87,3.92,0.054167351711523384,2.59,B+,B+,B+,B,0.0
코스맥스비티아이,기타금융,2020,881564731000.0,165.34,37.69,12.29,0.5764948005004866,11.165,B,B,B,B,1910968000.0
코스모신소재,화학,2020,362322682000.0,104.93,48.8,-16.26,-0.009199086427127141,7.805,B+,B+,B,B+,0.0
코스모화학,화학,2020,668524455000.0,167.4,37.4,-12.62,0.03484187242342302,1.695,C,B,C,D,0.0
코아스,기타제조업,2020,73236024000.0,205.31,32.75,-12.99,0.020658007726438974,1.005,B+,B,B,B+,0.0
코오롱,기타금융,2020,3708134499000.0,358.29,21.82,10.99,6.168768296296296,2.6350000000000002,B,C,B+,B,6905228000.0
코오롱글로벌,건설업,2020,2469880907000.0,407.89,19.69,12.75,0.07931691465821343,1.38,B,C,B,B+,5102289000.0
코오롱플라스틱,화학,2020,317913470000.0,60.36,62.36,-10.63,0.13582423674845476,0.505,B+,B,B+,B+,0.0
코웨이,서비스업,2020,3029023073000.0,103.29,49.19,7.24,0.21709889463913287,8.91,A,A,A+,B+,87066750000.0
콤텍시스템,서비스업,2020,185652375000.0,86.49,53.62,0.0,0.07889745103522564,25.04,C,D,B,C,0.0
쿠쿠홀딩스,기타금융,2020,925062698000.0,21.57,82.26,11.26,3.461748030011688,12.440000000000001,B,D,B,B+,20511734000.0
쿠쿠홈시스,서비스업,2020,708121273000.0,32.1,75.7,18.52,0.11768125641836549,4.63,C,D,C,C,13453428000.0
큐로,기계,2020,197708845000.0,84.14,54.31,-15.07,0.1442957221177318,31.904999999999998,C,B,C,C,0.0
크라운제과,음식료품,2020,327040458000.0,114.21,46.68,-1.31,0.09040935789001911,2.475,B,D,B+,B,3198823000.0
크라운해태홀딩스,기타금융,2020,1093370178000.0,124.45,44.55,-12.51,4.529981135443942,1.7750000000000001,B,D,B+,B,1498189000.0
키다리스튜디오,서비스업,2020,48155283000.0,77.1,56.47,70.2,0.12897927845503326,11.295,B,B,B,B,0.0
키움증권,증권,2020,37590936294000.0,1203.02,7.67,66.57,-0.3696720239988784,1.8800000000000001,B,D,B+,B+,77203053000.0
태경비케이,비금속광물,2020,295877498000.0,41.75,70.55,-11.31,0.2032361057098896,10.655000000000001,C,C,B,B,2758310000.0
태경산업,화학,2020,541292144000.0,56.62,63.85,-17.12,0.25541071582640706,29.52,B,B,B,B,6843599000.0
태경케미컬,화학,2020,140679345000.0,13.27,88.29,12.5,0.1926754116355653,3.79,D,D,C,C,2266780000.0
태광산업,화학,2020,4060159776000.0,20.03,83.31,-40.35,0.1116180328504586,0.7699999999999999,C,B,B+,D,1305000000.0
태림포장,종이목재,2020,566786154000.0,74.71,57.24,-1.91,0.08291483191093472,99.07000000000001,C,B,C,C,0.0
태영건설,건설업,2020,3798270930000.0,487.23,17.03,-41.86,0.44259964722936795,1.4100000000000001,B,B,B,B+,13068646000.0
태원물산,운수장비,2020,38295004000.0,21.11,82.57,-25.35,0.030669624824040637,0.615,B,B,C,B,366655000.0
태평양물산,섬유의복,2020,675981153000.0,281.39,26.22,-19.2,0.04889966058626674,6.984999999999999,C,D,B+,B,0.0
테이팩스,화학,2020,162605488000.0,42.12,70.36,5.48,0.12905633754958842,3.33,B+,B+,B+,B,2358825000.0
텔코웨어,서비스업,2020,123096514000.0,11.89,89.37,-12.89,0.008963491016977089,25.945,B,D,B,B,2700783000.0
토니모리,화학,2020,194228001000.0,183.53,35.27,-34.05,-0.08312101421830057,1.325,C,D,C,B+,0.0
티에이치엔,전기전자,2020,279629756000.0,318.71,23.88,-13.87,0.025796756787803174,0.445,B,B,B,B,540000000.0
티와이홀딩스,증권,2020,2003567746000.0,,,,inf,,-,-,-,-,0.0
티웨이항공,운수창고업,2020,705789065000.0,503.31,16.58,-66.78,-0.24132073769000234,1.215,B,C,B,B,0.0
티웨이홀딩스,비금속광물,2020,766137055000.0,456.23,17.98,-66.13,-8.669351319724353,1.625,C,D,B,C,0.0
파미셀,의약품,2020,69744383000.0,22.13,81.88,16.22,0.23781667196439923,57.095,B,B,C,B,0.0
팜스코,음식료품,2020,989343685000.0,222.1,31.05,14.5,0.025868590204103405,5.215,B,D,B+,B+,3501884000.0
팬오션,운수창고업,2020,4659327000000.0,66.01,60.24,1.19,0.2237320455847772,6.535,B+,B,B,A,26728000000.0
퍼스텍,기계,2020,180652738000.0,304.02,24.75,4.56,0.08357856520916146,6.34,C,B,B,C,0.0
퍼시스,기타제조업,2020,498942807000.0,8.25,92.38,-5.87,0.14395759151900103,4.4750000000000005,B,B,B,B,9179991000.0
페이퍼코리아,종이목재,2020,508899951000.0,1714.22,5.51,82.22,0.06160627215454391,4.095,C,C,B,C,0.0
평화산업,운수장비,2020,203154750000.0,695.0,12.58,-4.16,0.05784245177411589,1.78,B,B,B,B,0.0
평화홀딩스,운수장비,2020,522333834000.0,338.17,22.82,-10.32,1.4823777898747958,0.33,B,C,B,B+,2077932000.0
포스코인터내셔널,유통업,2020,8328038736000.0,163.47,37.95,-12.08,0.058185616320963834,3.265,A+,A,A+,A+,86362424000.0
풀무원,음식료품,2020,1693573176000.0,230.17,30.29,-2.95,0.9575303208930479,11.28,A+,A,A+,A+,5201625000.0
풍산,철강금속,2020,2552025017000.0,76.44,56.68,5.81,0.058891536727597754,2.835,B+,B+,A,B+,16808000000.0
풍산홀딩스,기타금융,2020,975300450000.0,33.99,74.63,0.58,-0.10503170095688492,21.735,B,B,B+,B,7790334000.0
하나금융지주,기타금융,2020,460313302000000.0,1356.67,6.86,24.75,-14.700326905711705,8.955,A,A,A,A,393611000000.0
하나제약,의약품,2020,276579304000.0,19.02,84.02,6.59,0.08787005515887787,9.030000000000001,B,D,B,B+,8022025000.0
하나투어,서비스업,2020,703260915000.0,461.2,17.82,-85.64,-1.7968007491852274,3.49,B,D,B,B,0.0
하이스틸,철강금속,2020,239658335000.0,90.14,52.59,-24.53,0.01804557178609735,0.17,B,B,C,B,199915000.0
하이트진로,음식료품,2020,3297783699000.0,206.98,32.58,10.87,0.18679296907023318,16.345000000000002,B,B,B,B,52393637000.0
하이트진로홀딩스,기타금융,2020,3904980587000.0,268.26,27.15,10.89,10.210151681000783,7.59,B,C,B,B,8757591000.0
한국가스공사,전기가스업,2020,35909774516000.0,364.24,21.54,-16.61,0.1625171248899043,0.28,A,B+,A+,B+,0.0
한국공항,운수창고업,2020,425353643000.0,56.07,64.07,-43.5,0.08074380576765094,0.32,C,D,B,B,0.0
한국내화,비금속광물,2020,202829020000.0,40.67,71.09,0.0,0.013415523208718918,14.125,C,C,B,D,781572000.0
한국쉘석유,화학,2020,148607731000.0,51.46,66.02,-5.43,0.21213601217959918,8.975,B,C,B+,B,18200000000.0
한국자산신탁,기타금융,2020,1207644740000.0,57.07,63.67,7.52,2.605967704427995,1.105,C,D,B,C,26920752000.0
한국전자홀딩스,기타금융,2020,412243673000.0,98.67,50.33,2.05,3.7436529484029486,0.24,C,C,B,C,0.0
한국종합기술,서비스업,2020,332119487000.0,141.52,41.4,31.65,0.11790644277139785,2.495,B,B,C,B,1040391000.0
한국주강,기계,2020,46460626000.0,54.8,64.6,-6.58,-0.013774892285899782,0.395,C,D,C,C,0.0
한국철강,철강금속,2020,868775458000.0,24.68,80.21,-11.92,0.14711664840491204,0.25,C,B+,B,C,9055547000.0
한국카본,기계,2020,478319471000.0,25.7,79.56,50.57,0.1695450913743761,2.3200000000000003,B+,B,B,B+,7743990000.0
한국콜마,화학,2020,2489599417000.0,149.15,40.14,-14.19,0.19938188052875816,3.965,B+,B,B+,B+,7893845000.0
한국콜마홀딩스,기타금융,2020,1218505783000.0,54.71,64.64,13.83,2.364868539804172,1.955,B,B,B,B,3788240000.0
한국타이어앤테크놀로지,화학,2020,10658547889000.0,43.8,69.54,-6.25,0.45097114988226583,11.225,B+,A,A,B,79292689000.0
한국토지신탁,기타금융,2020,1544471451000.0,67.34,59.76,-7.14,1.7365247019554022,3.265,C,D,B,C,20523819000.0
한국화장품,유통업,2020,75378062000.0,155.36,39.16,-44.74,-0.04597831916471729,4.885,B,D,B+,B,0.0
한국화장품제조,화학,2020,77657828000.0,75.42,57.01,-18.96,-0.10867870624294242,2.6,C,D,B,B,0.0
한농화성,화학,2020,171371035000.0,30.97,76.35,1.74,0.10617469448512641,2.45,C,C,C,B,2752924000.0
한독,의약품,2020,818926687000.0,114.46,46.63,6.47,0.04895374355426484,13.085,B+,B+,B+,B,4129060000.0
한미반도체,기계,2020,326966868000.0,27.18,78.63,113.82,0.1465701510512589,5.43,C,D,C,B,19671514000.0
한미사이언스,기타금융,2020,923219549000.0,40.15,71.35,4.99,0.38864554327342277,86.19500000000001,B,B,B,B,12934622000.0
한미약품,의약품,2020,1882026593000.0,126.24,44.2,-3.39,0.17369793845748246,423.985,A,B+,A+,B+,5881330000.0
한샘,유통업,2020,1229509761000.0,95.5,51.15,21.73,0.11203378623340779,13.485,B+,B+,A+,B,22437251000.0
한섬,섬유의복,2020,1438544149000.0,27.75,78.28,-5.07,0.12503490433385225,2.7350000000000003,A,B+,A,A,9886317000.0
한성기업,음식료품,2020,195752062000.0,287.74,25.79,-1.46,0.10965138193786915,5.345000000000001,C,D,B,C,0.0
한세실업,섬유의복,2020,1021055618000.0,142.33,41.27,-11.66,0.03058111067935858,4.22,B,C,B,B+,19619735000.0
한세엠케이,유통업,2020,149681758000.0,92.3,52.0,-28.38,0.03876359898798229,0.415,C,C,C,B,0.0
한세예스24홀딩스,섬유의복,2020,1840012735000.0,146.72,40.53,0.97,5.567474950710277,7.6,B,C,B,B,9815447000.0
한솔로지스틱스,운수창고업,2020,195971591000.0,258.59,27.89,10.61,0.11239425211898406,3.04,B+,B,B+,A,1373537000.0
한솔제지,종이목재,2020,1739627807000.0,174.03,36.49,-21.06,0.08443763070243646,1.77,A,A,A,A,11889000000.0
한솔케미칼,화학,2020,999200502000.0,60.57,62.28,5.4,0.360770722078558,5.8149999999999995,B+,B,B+,B+,19958967000.0
한솔테크닉스,전기전자,2020,591392385000.0,111.89,47.19,22.9,0.062313802776784666,3.865,B+,B+,B+,A,0.0
한솔홀딩스,기타금융,2020,627140216000.0,19.12,83.95,-33.63,0.3528189795995897,0.515,A,B+,A,A,5041000000.0
한솔홈데코,종이목재,2020,294990296000.0,90.88,52.39,-4.04,0.05182756049589708,9.905000000000001,B+,B,B+,A,0.0
한신공영,건설업,2020,1734262275000.0,179.36,35.8,-4.09,0.14122041365593813,0.6,C,C,B,B,4629727000.0
한양증권,증권,2020,1967706224000.0,460.49,17.84,53.72,0.15889927024738656,0.835,C,D,B+,C,8566481000.0
한온시스템,기계,2020,7807411034000.0,248.63,28.68,-3.93,0.2968455276605033,4.75,B,B,B,B+,61905538000.0
한올바이오파마,의약품,2020,220132431000.0,21.44,82.35,-18.3,0.010488374980248754,25.865000000000002,B,D,B+,B,0.0
한익스프레스,운수창고업,2020,301687969000.0,339.83,22.74,6.57,0.03438480796770809,0.97,C,B,C,D,0.0
한일시멘트,비금속광물,2020,2399662742000.0,76.67,56.6,0.0,0.17615365094383356,1.6600000000000001,B,C,B+,B,34008554000.0
한일철강,철강금속,2020,295057912000.0,98.31,50.43,-9.19,0.05965218356026223,0.175,D,D,D,C,0.0
한일현대시멘트,비금속광물,2020,562929272000.0,120.0,45.45,-12.98,0.1934246143812749,3.5300000000000002,B+,B,B+,B+,18503419000.0
한일홀딩스,비금속광물,2020,3320136776000.0,82.09,54.92,-7.17,13.990492439038,3.86,B,D,B+,B+,14696048000.0
한진,운수창고업,2020,3788654067000.0,206.05,32.67,7.44,0.12507683790161553,89.53,B,B,C,B+,8968576000.0
한진중공업홀딩스,전기가스업,2020,1837185000000.0,415.22,19.41,-9.39,7.164814984849876,13.325000000000001,B,D,C,B+,0.0
한진칼,운수창고업,2020,3488569253000.0,109.62,47.71,-66.03,-4.482693878040589,1.65,B+,B,B,A,0.0
한창,유통업,2020,117760361000.0,212.78,31.97,-48.11,-2.3745153846153846,3.13,C,D,B,C,0.0
한창제지,종이목재,2020,181081554000.0,91.2,52.3,-5.47,0.12103608626179452,6.055,B,B,C,B,1193350000.0
한화,화학,2020,191178338000000.0,932.99,9.68,1.02,0.8605665152376727,5.015,A,B+,A,A,65442577000.0
한화손해보험,보험,2020,19518332852000.0,1043.66,8.74,-2.0,0.1945447871216133,0.78,B+,B,A,B,0.0
한화솔루션,화학,2020,15137319822000.0,153.65,39.42,-3.24,0.18707055897023026,1.845,B+,A,A,B,0.0
한화시스템,전기전자,2020,2695070123000.0,160.98,38.32,6.27,0.1071111388911358,3.715,-,-,-,-,25328024000.0
한화에어로스페이스,운수장비,2020,9464815678000.0,216.58,31.59,1.09,0.4101701488312852,14.12,A,A,A,A,30365737000.0
한화투자증권,증권,2020,11859021179000.0,847.07,10.56,75.19,0.02673662373182045,1.915,B+,B,A,B+,0.0
해성디에스,전기전자,2020,383211976000.0,65.29,60.5,20.28,0.09673959445967921,4.005,A,A,A,A,7650000000.0
해태제과식품,음식료품,2020,621172370000.0,135.55,42.45,-18.27,0.07008540949269827,2.5250000000000004,B,D,B+,B,5303532000.0
핸즈코퍼레이션,운수장비,2020,844136127000.0,168.2,37.29,-7.28,-0.010709948001746752,0.43,B,B,B,B+,240295000.0
현대건설,건설업,2020,17939274000000.0,104.64,48.87,-1.78,0.18559013179346645,10.85,A,A+,A,A,66877000000.0
현대글로비스,운수창고업,2020,10898704437000.0,115.12,46.49,-9.58,0.07566893788500319,3.54,A,A,A+,A,131250000000.0
현대로템,운수장비,2020,4197373871000.0,211.81,32.07,13.25,0.021073037214043026,10.725,B+,B,A,B+,0.0
현대리바트,기타제조업,2020,803314893000.0,66.99,59.88,11.88,0.0773628451008323,2.795,A,B,A,A,4022840000.0
현대모비스,운수장비,2020,48497676000000.0,45.52,68.72,-3.74,0.10789774703268203,5.680000000000001,A,B+,A+,A,370104000000.0
현대미포조선,운수장비,2020,3599025550000.0,52.02,65.78,-6.75,0.09206288844752607,0.46,A,A,A+,A,0.0
현대백화점,유통업,2020,8707032548000.0,73.02,57.8,3.37,0.20831731968583117,6.32,A,B+,A,A,22089186000.0
현대비앤지스틸,철강금속,2020,648496423000.0,51.35,66.07,-7.23,0.07740141415716027,1.8150000000000002,B+,B+,A,B+,1524359000.0
현대오토에버,서비스업,2020,1077027007000.0,91.51,52.22,-0.59,0.09668978915289844,7.484999999999999,-,-,-,-,15750000000.0
현대위아,운수장비,2020,7719906000000.0,118.95,45.67,-9.88,0.03386422156583801,19.065,A,A,A+,A,18593000000.0
현대제철,철강금속,2020,34845040108000.0,108.74,47.91,-12.13,0.12900616622774358,0.18,B+,B+,B,B+,65772870000.0
현대차증권,증권,2020,9167904000000.0,760.2,11.63,17.29,-1.8630191872154631,1.4249999999999998,A,B,A+,A,23739349000.0
현대코퍼레이션홀딩스,유통업,2020,216918776000.0,22.59,81.57,-17.58,0.007487320385038674,1.8450000000000002,C,D,C,B,4198418000.0
현대홈쇼핑,유통업,2020,2693110904000.0,50.05,66.64,3.87,0.21344405570558253,4.315,A,A,A,A,25185050000.0
혜인,유통업,2020,207882894000.0,111.73,47.23,-16.61,0.08819000096533527,3.43,C,B,C,C,1289799000.0
호전실업,섬유의복,2020,272119291000.0,153.84,39.4,-5.57,0.030548533394111944,0.635,C,D,C,B+,1628901000.0
호텔신라,유통업,2020,2893842459000.0,363.79,21.56,-44.24,-0.018358017611425147,3.56,A,A,A,A,7607742000.0
화성산업,건설업,2020,580483864000.0,47.16,67.95,0.0,0.23971686952456597,1.33,B,C,B,B+,7871605000.0
화승엔터프라이즈,기타제조업,2020,1154956254000.0,114.89,46.54,-7.14,19.654161478106808,540.925,B+,B+,B,A,2724150000.0
화신,운수장비,2020,822660475000.0,221.78,31.08,-6.77,0.05590937936930976,0.215,C,D,B+,B,1646241000.0
화인베스틸,철강금속,2020,177774671000.0,132.94,42.93,-26.82,0.07525575030158038,0.635,B,B,C,B,0.0
화천기계,기계,2020,146537093000.0,21.91,82.03,-14.31,0.010400979460565748,0.39,C,B,B,C,0.0
화천기공,기계,2020,378376165000.0,27.76,78.27,-21.66,0.09938600843278356,7.97,C,D,C,B,1650000000.0
환인제약,의약품,2020,329559588000.0,11.11,90.0,7.87,0.1328143433317574,4.51,B,D,B+,B+,4580121000.0
황금에스티,철강금속,2020,452295228000.0,49.73,66.79,-1.7,-0.11954521188702748,2.55,D,D,C,C,1399814000.0
효성,기타금융,2020,4429749880000.0,76.18,56.76,-17.52,0.9414642611788515,0.425,B+,A,A+,B,99547000000.0
효성중공업,전기전자,2020,3703454378000.0,282.49,26.14,-21.09,0.1543348282568085,0.385,A,A,A+,A,0.0
효성첨단소재,화학,2020,2376593775000.0,523.6,16.04,-21.58,0.4323503475268984,2.99,A+,A+,A+,A,0.0
효성티앤씨,화학,2020,2824127678000.0,294.79,25.33,-13.73,0.17969073197424346,3.63,A+,A+,A+,A,21578000000.0
효성화학,화학,2020,2417365034000.0,500.81,16.64,0.26,0.10244310767242229,2.5,A+,A+,A+,A,0.0
후성,화학,2020,536123529000.0,122.29,44.99,5.08,0.1711462316641376,21.905,C,B,C,C,0.0
휠라홀딩스,유통업,2020,3758441249000.0,102.36,49.42,-9.32,1183.5215585106382,4.16,B+,B,B+,B+,11095066000.0
휴비스,화학,2020,872859156000.0,83.46,54.51,-10.59,0.12181331719062305,1.065,B+,B+,B+,B+,9873096000.0
휴스틸,철강금속,2020,604130122000.0,45.76,68.61,-31.91,0.061642767867287805,0.095,C,B,B,C,1332550000.0
흥아해운,운수창고업,2020,286775958000.0,0.0,0.0,-12.95,-0.046319548300275,0.0,D,D,C,D,0.0
